ElapsedSec,TPS,RecvPerSec,SendPerSec,SendDropSec
Total Time : 13.449 	 TPS : 0.074 	 RecvSec : 0.000 	 SendSec : 0.000 	 SendDropSec : 0.000
Total Time : 14.450 	 TPS : 689.847 	 RecvSec : 0.000 	 SendSec : 218081.695 	 SendDropSec : 0.000
Total Time : 15.450 	 TPS : 363.931 	 RecvSec : 62.988 	 SendSec : 344242.007 	 SendDropSec : 0.000
Total Time : 16.906 	 TPS : 8.925 	 RecvSec : 0.687 	 SendSec : 685.881 	 SendDropSec : 0.000
Total Time : 18.131 	 TPS : 22.049 	 RecvSec : 51.449 	 SendSec : 51397.106 	 SendDropSec : 0.000
Total Time : 19.489 	 TPS : 21.349 	 RecvSec : 46.378 	 SendSec : 46331.949 	 SendDropSec : 0.000
Total Time : 20.491 	 TPS : 39.932 	 RecvSec : 124.788 	 SendSec : 124663.446 	 SendDropSec : 0.000
Total Time : 22.101 	 TPS : 7.454 	 RecvSec : 0.621 	 SendSec : 620.581 	 SendDropSec : 0.000
Total Time : 23.920 	 TPS : 30.780 	 RecvSec : 69.255 	 SendSec : 69185.556 	 SendDropSec : 0.000
Total Time : 25.863 	 TPS : 13.384 	 RecvSec : 32.429 	 SendSec : 32397.061 	 SendDropSec : 0.000
Total Time : 27.299 	 TPS : 16.015 	 RecvSec : 43.868 	 SendSec : 43823.789 	 SendDropSec : 0.000
Total Time : 28.904 	 TPS : 16.193 	 RecvSec : 39.237 	 SendSec : 39198.162 	 SendDropSec : 0.000
Total Time : 30.440 	 TPS : 31.264 	 RecvSec : 82.068 	 SendSec : 81985.621 	 SendDropSec : 0.000
Total Time : 31.657 	 TPS : 20.536 	 RecvSec : 51.750 	 SendSec : 51698.675 	 SendDropSec : 0.000
Total Time : 33.779 	 TPS : 21.674 	 RecvSec : 59.369 	 SendSec : 59309.473 	 SendDropSec : 0.000
Total Time : 35.318 	 TPS : 14.304 	 RecvSec : 40.961 	 SendSec : 40919.562 	 SendDropSec : 0.000
Total Time : 37.530 	 TPS : 23.951 	 RecvSec : 56.940 	 SendSec : 56883.431 	 SendDropSec : 0.000
Total Time : 38.926 	 TPS : 20.067 	 RecvSec : 45.151 	 SendSec : 45106.238 	 SendDropSec : 0.000
Total Time : 40.737 	 TPS : 15.461 	 RecvSec : 34.787 	 SendSec : 34752.201 	 SendDropSec : 0.000
Total Time : 42.236 	 TPS : 34.679 	 RecvSec : 84.029 	 SendSec : 83945.431 	 SendDropSec : 0.000
Total Time : 44.316 	 TPS : 24.520 	 RecvSec : 60.578 	 SendSec : 60517.277 	 SendDropSec : 0.000
Total Time : 45.461 	 TPS : 21.844 	 RecvSec : 55.046 	 SendSec : 54990.595 	 SendDropSec : 0.000
Total Time : 47.219 	 TPS : 14.221 	 RecvSec : 35.838 	 SendSec : 35802.309 	 SendDropSec : 0.000
Total Time : 48.578 	 TPS : 17.650 	 RecvSec : 46.332 	 SendSec : 46285.789 	 SendDropSec : 0.000
Total Time : 49.820 	 TPS : 20.138 	 RecvSec : 50.747 	 SendSec : 50696.310 	 SendDropSec : 0.000
Total Time : 51.099 	 TPS : 19.550 	 RecvSec : 49.266 	 SendSec : 49216.783 	 SendDropSec : 0.000
Total Time : 52.477 	 TPS : 44.990 	 RecvSec : 91.431 	 SendSec : 91339.304 	 SendDropSec : 0.000
Total Time : 55.027 	 TPS : 23.526 	 RecvSec : 49.405 	 SendSec : 49355.662 	 SendDropSec : 0.000
Total Time : 57.481 	 TPS : 25.667 	 RecvSec : 51.334 	 SendSec : 51282.187 	 SendDropSec : 0.000
Total Time : 58.711 	 TPS : 21.952 	 RecvSec : 51.222 	 SendSec : 51170.373 	 SendDropSec : 0.000
Total Time : 61.164 	 TPS : 26.915 	 RecvSec : 51.383 	 SendSec : 51331.169 	 SendDropSec : 0.000
Total Time : 62.212 	 TPS : 29.569 	 RecvSec : 60.093 	 SendSec : 60032.605 	 SendDropSec : 0.000
Total Time : 63.335 	 TPS : 28.500 	 RecvSec : 56.109 	 SendSec : 56052.947 	 SendDropSec : 0.000
Total Time : 64.336 	 TPS : 61.954 	 RecvSec : 124.906 	 SendSec : 124781.501 	 SendDropSec : 0.000
Total Time : 66.131 	 TPS : 1.114 	 RecvSec : 0.557 	 SendSec : 556.548 	 SendDropSec : 0.000
Total Time : 68.008 	 TPS : 12.251 	 RecvSec : 33.556 	 SendSec : 33522.447 	 SendDropSec : 0.000
Total Time : 69.317 	 TPS : 18.340 	 RecvSec : 48.142 	 SendSec : 48094.139 	 SendDropSec : 0.000
Total Time : 70.756 	 TPS : 22.239 	 RecvSec : 43.782 	 SendSec : 43738.607 	 SendDropSec : 0.000
Total Time : 72.079 	 TPS : 19.644 	 RecvSec : 47.598 	 SendSec : 47550.590 	 SendDropSec : 0.000
Total Time : 73.118 	 TPS : 31.759 	 RecvSec : 60.631 	 SendSec : 60570.650 	 SendDropSec : 0.000
Total Time : 74.200 	 TPS : 29.585 	 RecvSec : 58.246 	 SendSec : 58188.084 	 SendDropSec : 0.000
Total Time : 76.358 	 TPS : 30.122 	 RecvSec : 58.390 	 SendSec : 58331.379 	 SendDropSec : 0.000
Total Time : 78.016 	 TPS : 18.089 	 RecvSec : 37.987 	 SendSec : 37948.658 	 SendDropSec : 0.000
Total Time : 79.446 	 TPS : 18.884 	 RecvSec : 44.062 	 SendSec : 44018.103 	 SendDropSec : 0.000
Total Time : 80.752 	 TPS : 20.673 	 RecvSec : 48.238 	 SendSec : 48189.341 	 SendDropSec : 0.000
Total Time : 82.639 	 TPS : 14.836 	 RecvSec : 33.382 	 SendSec : 33348.279 	 SendDropSec : 0.000
Total Time : 84.956 	 TPS : 29.352 	 RecvSec : 54.388 	 SendSec : 54333.821 	 SendDropSec : 0.000
Total Time : 86.786 	 TPS : 15.302 	 RecvSec : 34.430 	 SendSec : 34395.436 	 SendDropSec : 0.000
Total Time : 87.860 	 TPS : 27.007 	 RecvSec : 58.671 	 SendSec : 58612.570 	 SendDropSec : 0.000
Total Time : 90.163 	 TPS : 31.696 	 RecvSec : 54.709 	 SendSec : 54654.297 	 SendDropSec : 0.000
Total Time : 91.299 	 TPS : 32.562 	 RecvSec : 55.443 	 SendSec : 55388.052 	 SendDropSec : 0.000
Total Time : 92.567 	 TPS : 29.974 	 RecvSec : 49.693 	 SendSec : 49643.217 	 SendDropSec : 0.000
Total Time : 93.640 	 TPS : 34.460 	 RecvSec : 58.675 	 SendSec : 58616.381 	 SendDropSec : 0.000
Total Time : 95.844 	 TPS : 24.960 	 RecvSec : 57.181 	 SendSec : 57123.322 	 SendDropSec : 0.000
Total Time : 97.069 	 TPS : 29.388 	 RecvSec : 51.428 	 SendSec : 51376.963 	 SendDropSec : 0.000
Total Time : 98.692 	 TPS : 43.138 	 RecvSec : 77.649 	 SendSec : 77571.523 	 SendDropSec : 0.000
Total Time : 100.029 	 TPS : 25.430 	 RecvSec : 47.120 	 SendSec : 47072.432 	 SendDropSec : 0.000
Total Time : 102.699 	 TPS : 28.083 	 RecvSec : 47.180 	 SendSec : 47132.376 	 SendDropSec : 0.000
Total Time : 104.609 	 TPS : 19.896 	 RecvSec : 32.985 	 SendSec : 32951.801 	 SendDropSec : 0.000
Total Time : 105.868 	 TPS : 27.020 	 RecvSec : 50.067 	 SendSec : 50017.067 	 SendDropSec : 0.000
Total Time : 106.956 	 TPS : 33.997 	 RecvSec : 57.887 	 SendSec : 57828.675 	 SendDropSec : 0.000
Total Time : 108.403 	 TPS : 23.491 	 RecvSec : 43.528 	 SendSec : 43484.506 	 SendDropSec : 0.000
Total Time : 109.933 	 TPS : 20.916 	 RecvSec : 41.178 	 SendSec : 41137.179 	 SendDropSec : 0.000
Total Time : 111.102 	 TPS : 35.092 	 RecvSec : 53.923 	 SendSec : 53868.626 	 SendDropSec : 0.000
Total Time : 112.694 	 TPS : 23.243 	 RecvSec : 39.576 	 SendSec : 39536.277 	 SendDropSec : 0.000
Total Time : 114.209 	 TPS : 46.837 	 RecvSec : 83.119 	 SendSec : 83036.023 	 SendDropSec : 0.000
Total Time : 115.747 	 TPS : 19.505 	 RecvSec : 40.961 	 SendSec : 40919.805 	 SendDropSec : 0.000
Total Time : 116.748 	 TPS : 43.980 	 RecvSec : 95.956 	 SendSec : 95860.106 	 SendDropSec : 0.000
Total Time : 118.273 	 TPS : 16.396 	 RecvSec : 19.676 	 SendSec : 19655.871 	 SendDropSec : 0.000
Total Time : 120.460 	 TPS : 31.084 	 RecvSec : 57.596 	 SendSec : 57538.823 	 SendDropSec : 0.000
Total Time : 121.481 	 TPS : 29.388 	 RecvSec : 61.714 	 SendSec : 61652.199 	 SendDropSec : 0.000
Total Time : 123.202 	 TPS : 43.589 	 RecvSec : 73.230 	 SendSec : 73156.311 	 SendDropSec : 0.000
Total Time : 124.202 	 TPS : 43.995 	 RecvSec : 95.989 	 SendSec : 95893.183 	 SendDropSec : 0.000
Total Time : 125.922 	 TPS : 34.881 	 RecvSec : 54.066 	 SendSec : 54011.958 	 SendDropSec : 0.000
Total Time : 127.360 	 TPS : 25.725 	 RecvSec : 43.803 	 SendSec : 43758.928 	 SendDropSec : 0.000
Total Time : 128.650 	 TPS : 29.474 	 RecvSec : 48.864 	 SendSec : 48815.417 	 SendDropSec : 0.000
Total Time : 129.650 	 TPS : 57.991 	 RecvSec : 124.981 	 SendSec : 124856.247 	 SendDropSec : 0.000
Total Time : 131.510 	 TPS : 6.986 	 RecvSec : 0.537 	 SendSec : 536.863 	 SendDropSec : 0.000
Total Time : 133.494 	 TPS : 15.626 	 RecvSec : 31.757 	 SendSec : 31725.177 	 SendDropSec : 0.000
Total Time : 134.916 	 TPS : 20.401 	 RecvSec : 44.319 	 SendSec : 44275.118 	 SendDropSec : 0.000
Total Time : 136.033 	 TPS : 29.543 	 RecvSec : 56.400 	 SendSec : 56343.342 	 SendDropSec : 0.000
Total Time : 137.048 	 TPS : 37.449 	 RecvSec : 62.087 	 SendSec : 62024.612 	 SendDropSec : 0.000
Total Time : 139.117 	 TPS : 30.926 	 RecvSec : 60.886 	 SendSec : 60825.218 	 SendDropSec : 0.000
Total Time : 140.366 	 TPS : 24.028 	 RecvSec : 50.458 	 SendSec : 50407.343 	 SendDropSec : 0.000
Total Time : 141.725 	 TPS : 52.240 	 RecvSec : 92.708 	 SendSec : 92615.034 	 SendDropSec : 0.000
Total Time : 142.733 	 TPS : 38.665 	 RecvSec : 62.459 	 SendSec : 62396.738 	 SendDropSec : 0.000
Total Time : 144.343 	 TPS : 21.117 	 RecvSec : 39.128 	 SendSec : 39088.539 	 SendDropSec : 0.000
Total Time : 146.045 	 TPS : 18.802 	 RecvSec : 37.016 	 SendSec : 36978.613 	 SendDropSec : 0.000
Total Time : 147.532 	 TPS : 22.203 	 RecvSec : 42.388 	 SendSec : 42345.857 	 SendDropSec : 0.000
Total Time : 148.875 	 TPS : 23.072 	 RecvSec : 46.888 	 SendSec : 46841.575 	 SendDropSec : 0.000
Total Time : 150.466 	 TPS : 39.607 	 RecvSec : 79.213 	 SendSec : 79133.891 	 SendDropSec : 0.000
Total Time : 152.166 	 TPS : 19.994 	 RecvSec : 37.048 	 SendSec : 37010.535 	 SendDropSec : 0.000
Total Time : 153.285 	 TPS : 34.876 	 RecvSec : 56.338 	 SendSec : 56281.992 	 SendDropSec : 0.000
Total Time : 154.863 	 TPS : 50.702 	 RecvSec : 79.855 	 SendSec : 79775.133 	 SendDropSec : 0.000
Total Time : 156.661 	 TPS : 22.243 	 RecvSec : 35.033 	 SendSec : 34997.999 	 SendDropSec : 0.000
Total Time : 158.946 	 TPS : 34.576 	 RecvSec : 55.147 	 SendSec : 55091.466 	 SendDropSec : 0.000
Total Time : 160.413 	 TPS : 50.415 	 RecvSec : 85.842 	 SendSec : 85756.232 	 SendDropSec : 0.000
Total Time : 162.072 	 TPS : 23.519 	 RecvSec : 37.992 	 SendSec : 37953.558 	 SendDropSec : 0.000
Total Time : 163.652 	 TPS : 55.053 	 RecvSec : 79.732 	 SendSec : 79652.459 	 SendDropSec : 0.000
Total Time : 165.165 	 TPS : 26.438 	 RecvSec : 41.639 	 SendSec : 41597.535 	 SendDropSec : 0.000
Total Time : 166.799 	 TPS : 25.699 	 RecvSec : 38.548 	 SendSec : 38509.559 	 SendDropSec : 0.000
Total Time : 167.854 	 TPS : 39.823 	 RecvSec : 59.735 	 SendSec : 59674.873 	 SendDropSec : 0.000
Total Time : 169.388 	 TPS : 56.727 	 RecvSec : 82.156 	 SendSec : 82074.136 	 SendDropSec : 0.000
Total Time : 171.322 	 TPS : 23.786 	 RecvSec : 32.577 	 SendSec : 32544.211 	 SendDropSec : 0.000
Total Time : 172.464 	 TPS : 38.521 	 RecvSec : 55.155 	 SendSec : 55099.730 	 SendDropSec : 0.000
Total Time : 174.381 	 TPS : 22.948 	 RecvSec : 32.857 	 SendSec : 32824.424 	 SendDropSec : 0.000
Total Time : 175.383 	 TPS : 49.922 	 RecvSec : 65.898 	 SendSec : 65831.671 	 SendDropSec : 0.000
Total Time : 176.534 	 TPS : 33.886 	 RecvSec : 52.132 	 SendSec : 52079.853 	 SendDropSec : 0.000
Total Time : 178.231 	 TPS : 24.152 	 RecvSec : 37.112 	 SendSec : 37074.821 	 SendDropSec : 0.000
Total Time : 180.208 	 TPS : 22.264 	 RecvSec : 31.878 	 SendSec : 31846.104 	 SendDropSec : 0.000
Total Time : 181.811 	 TPS : 58.014 	 RecvSec : 78.600 	 SendSec : 78521.681 	 SendDropSec : 0.000
Total Time : 183.321 	 TPS : 24.493 	 RecvSec : 41.704 	 SendSec : 41662.190 	 SendDropSec : 0.000
Total Time : 185.191 	 TPS : 21.394 	 RecvSec : 33.696 	 SendSec : 33662.592 	 SendDropSec : 0.000
Total Time : 186.878 	 TPS : 28.447 	 RecvSec : 37.337 	 SendSec : 37299.753 	 SendDropSec : 0.000
Total Time : 188.169 	 TPS : 34.871 	 RecvSec : 48.820 	 SendSec : 48770.966 	 SendDropSec : 0.000
Total Time : 190.091 	 TPS : 27.569 	 RecvSec : 32.771 	 SendSec : 32737.815 	 SendDropSec : 0.000
Total Time : 192.463 	 TPS : 36.263 	 RecvSec : 53.129 	 SendSec : 53076.306 	 SendDropSec : 0.000
Total Time : 194.389 	 TPS : 24.912 	 RecvSec : 32.697 	 SendSec : 32664.001 	 SendDropSec : 0.000
Total Time : 196.147 	 TPS : 26.172 	 RecvSec : 35.844 	 SendSec : 35808.605 	 SendDropSec : 0.000
Total Time : 197.581 	 TPS : 32.089 	 RecvSec : 43.948 	 SendSec : 43904.123 	 SendDropSec : 0.000
Total Time : 198.734 	 TPS : 42.474 	 RecvSec : 54.609 	 SendSec : 54554.679 	 SendDropSec : 0.000
Total Time : 199.924 	 TPS : 36.986 	 RecvSec : 52.957 	 SendSec : 52903.871 	 SendDropSec : 0.000
Total Time : 201.754 	 TPS : 22.405 	 RecvSec : 34.427 	 SendSec : 34392.113 	 SendDropSec : 0.000
Total Time : 203.002 	 TPS : 70.527 	 RecvSec : 100.982 	 SendSec : 100881.319 	 SendDropSec : 0.000
Total Time : 204.563 	 TPS : 57.638 	 RecvSec : 80.694 	 SendSec : 80613.124 	 SendDropSec : 0.000
Total Time : 206.416 	 TPS : 35.074 	 RecvSec : 67.989 	 SendSec : 67921.351 	 SendDropSec : 0.000
Total Time : 208.298 	 TPS : 34.009 	 RecvSec : 66.955 	 SendSec : 66888.026 	 SendDropSec : 0.000
Total Time : 209.328 	 TPS : 43.692 	 RecvSec : 61.169 	 SendSec : 61107.769 	 SendDropSec : 0.000
Total Time : 210.765 	 TPS : 29.918 	 RecvSec : 43.833 	 SendSec : 43789.346 	 SendDropSec : 0.000
Total Time : 212.215 	 TPS : 35.180 	 RecvSec : 43.458 	 SendSec : 43414.699 	 SendDropSec : 0.000
Total Time : 213.411 	 TPS : 39.295 	 RecvSec : 52.672 	 SendSec : 52619.460 	 SendDropSec : 0.000
Total Time : 214.827 	 TPS : 24.714 	 RecvSec : 44.486 	 SendSec : 44441.068 	 SendDropSec : 0.000
Total Time : 216.433 	 TPS : 13.700 	 RecvSec : 39.233 	 SendSec : 39193.941 	 SendDropSec : 0.000
Total Time : 218.216 	 TPS : 19.069 	 RecvSec : 35.333 	 SendSec : 35297.890 	 SendDropSec : 0.000
Total Time : 220.653 	 TPS : 19.288 	 RecvSec : 51.709 	 SendSec : 51657.710 	 SendDropSec : 0.000
Total Time : 222.324 	 TPS : 24.534 	 RecvSec : 37.698 	 SendSec : 37660.439 	 SendDropSec : 0.000
Total Time : 223.944 	 TPS : 52.466 	 RecvSec : 77.773 	 SendSec : 77695.075 	 SendDropSec : 0.000
Total Time : 224.999 	 TPS : 36.025 	 RecvSec : 59.726 	 SendSec : 59666.591 	 SendDropSec : 0.000
Total Time : 227.753 	 TPS : 22.872 	 RecvSec : 45.744 	 SendSec : 45698.241 	 SendDropSec : 0.000
Total Time : 229.010 	 TPS : 30.237 	 RecvSec : 50.130 	 SendSec : 50080.268 	 SendDropSec : 0.000
Total Time : 231.051 	 TPS : 37.244 	 RecvSec : 61.747 	 SendSec : 61684.850 	 SendDropSec : 0.000
Total Time : 232.696 	 TPS : 29.172 	 RecvSec : 38.288 	 SendSec : 38250.120 	 SendDropSec : 0.000
Total Time : 233.918 	 TPS : 38.479 	 RecvSec : 51.579 	 SendSec : 51527.317 	 SendDropSec : 0.000
Total Time : 235.079 	 TPS : 37.877 	 RecvSec : 54.232 	 SendSec : 54178.097 	 SendDropSec : 0.000
Total Time : 236.529 	 TPS : 32.408 	 RecvSec : 43.441 	 SendSec : 43397.570 	 SendDropSec : 0.000
Total Time : 238.496 	 TPS : 26.945 	 RecvSec : 32.029 	 SendSec : 31997.232 	 SendDropSec : 0.000
Total Time : 239.657 	 TPS : 43.067 	 RecvSec : 54.264 	 SendSec : 54210.101 	 SendDropSec : 0.000
Total Time : 241.096 	 TPS : 27.100 	 RecvSec : 43.776 	 SendSec : 43732.629 	 SendDropSec : 0.000
Total Time : 242.122 	 TPS : 48.772 	 RecvSec : 61.452 	 SendSec : 61390.853 	 SendDropSec : 0.000
Total Time : 243.632 	 TPS : 36.424 	 RecvSec : 41.722 	 SendSec : 41680.629 	 SendDropSec : 0.000
Total Time : 245.281 	 TPS : 30.924 	 RecvSec : 38.200 	 SendSec : 38162.225 	 SendDropSec : 0.000
Total Time : 246.594 	 TPS : 34.264 	 RecvSec : 47.970 	 SendSec : 47922.133 	 SendDropSec : 0.000
Total Time : 248.118 	 TPS : 35.442 	 RecvSec : 41.349 	 SendSec : 41307.441 	 SendDropSec : 0.000
Total Time : 249.137 	 TPS : 51.029 	 RecvSec : 61.823 	 SendSec : 61761.209 	 SendDropSec : 0.000
Total Time : 250.542 	 TPS : 29.898 	 RecvSec : 44.847 	 SendSec : 44802.180 	 SendDropSec : 0.000
Total Time : 252.433 	 TPS : 27.490 	 RecvSec : 33.306 	 SendSec : 33272.366 	 SendDropSec : 0.000
Total Time : 253.559 	 TPS : 39.097 	 RecvSec : 55.979 	 SendSec : 55923.465 	 SendDropSec : 0.000
Total Time : 255.474 	 TPS : 20.887 	 RecvSec : 32.896 	 SendSec : 32863.345 	 SendDropSec : 0.000
Total Time : 257.174 	 TPS : 52.941 	 RecvSec : 74.117 	 SendSec : 74042.597 	 SendDropSec : 0.000
Total Time : 258.333 	 TPS : 37.942 	 RecvSec : 54.326 	 SendSec : 54271.441 	 SendDropSec : 0.000
Total Time : 259.904 	 TPS : 30.559 	 RecvSec : 40.109 	 SendSec : 40068.865 	 SendDropSec : 0.000
Total Time : 261.702 	 TPS : 27.253 	 RecvSec : 35.040 	 SendSec : 35004.752 	 SendDropSec : 0.000
Total Time : 262.880 	 TPS : 40.749 	 RecvSec : 53.482 	 SendSec : 53429.000 	 SendDropSec : 0.000
Total Time : 264.150 	 TPS : 37.004 	 RecvSec : 49.601 	 SendSec : 49551.574 	 SendDropSec : 0.000
Total Time : 265.819 	 TPS : 29.958 	 RecvSec : 37.747 	 SendSec : 37709.522 	 SendDropSec : 0.000
Total Time : 266.821 	 TPS : 55.885 	 RecvSec : 87.820 	 SendSec : 87731.974 	 SendDropSec : 0.000
Total Time : 268.288 	 TPS : 24.550 	 RecvSec : 25.914 	 SendSec : 25888.217 	 SendDropSec : 0.000
Total Time : 270.512 	 TPS : 41.804 	 RecvSec : 56.637 	 SendSec : 56580.694 	 SendDropSec : 0.000
Total Time : 272.138 	 TPS : 28.291 	 RecvSec : 38.746 	 SendSec : 38707.323 	 SendDropSec : 0.000
Total Time : 275.036 	 TPS : 34.166 	 RecvSec : 43.485 	 SendSec : 43441.047 	 SendDropSec : 0.000
Total Time : 276.217 	 TPS : 43.172 	 RecvSec : 53.330 	 SendSec : 53276.996 	 SendDropSec : 0.000
Total Time : 277.218 	 TPS : 77.962 	 RecvSec : 124.940 	 SendSec : 124814.615 	 SendDropSec : 0.000
Total Time : 278.244 	 TPS : 4.874 	 RecvSec : 0.975 	 SendSec : 973.779 	 SendDropSec : 0.000
Total Time : 279.775 	 TPS : 28.729 	 RecvSec : 41.135 	 SendSec : 41093.822 	 SendDropSec : 0.000
Total Time : 282.204 	 TPS : 26.353 	 RecvSec : 51.883 	 SendSec : 51831.274 	 SendDropSec : 0.000
Total Time : 284.467 	 TPS : 43.742 	 RecvSec : 55.671 	 SendSec : 55615.515 	 SendDropSec : 0.000
Total Time : 285.942 	 TPS : 37.284 	 RecvSec : 42.707 	 SendSec : 42663.911 	 SendDropSec : 0.000
Total Time : 287.113 	 TPS : 36.731 	 RecvSec : 53.815 	 SendSec : 53761.356 	 SendDropSec : 0.000
Total Time : 288.447 	 TPS : 34.488 	 RecvSec : 47.233 	 SendSec : 47186.107 	 SendDropSec : 0.000
Total Time : 289.875 	 TPS : 64.392 	 RecvSec : 88.189 	 SendSec : 88100.713 	 SendDropSec : 0.000
Total Time : 290.927 	 TPS : 47.556 	 RecvSec : 59.921 	 SendSec : 59861.194 	 SendDropSec : 0.000
Total Time : 292.745 	 TPS : 55.548 	 RecvSec : 69.298 	 SendSec : 69228.458 	 SendDropSec : 0.000
Total Time : 293.871 	 TPS : 46.193 	 RecvSec : 55.965 	 SendSec : 55909.222 	 SendDropSec : 0.000
Total Time : 295.065 	 TPS : 34.316 	 RecvSec : 52.729 	 SendSec : 52676.732 	 SendDropSec : 0.000
Total Time : 296.368 	 TPS : 36.080 	 RecvSec : 48.362 	 SendSec : 48313.811 	 SendDropSec : 0.000
Total Time : 298.335 	 TPS : 25.418 	 RecvSec : 32.027 	 SendSec : 31994.964 	 SendDropSec : 0.000
Total Time : 300.915 	 TPS : 38.756 	 RecvSec : 48.832 	 SendSec : 48783.352 	 SendDropSec : 0.000
Total Time : 302.877 	 TPS : 23.451 	 RecvSec : 32.118 	 SendSec : 32086.216 	 SendDropSec : 0.000
Total Time : 304.030 	 TPS : 41.629 	 RecvSec : 54.638 	 SendSec : 54582.906 	 SendDropSec : 0.000
Total Time : 305.544 	 TPS : 58.118 	 RecvSec : 83.215 	 SendSec : 83131.818 	 SendDropSec : 0.000
Total Time : 307.617 	 TPS : 48.253 	 RecvSec : 60.799 	 SendSec : 60738.052 	 SendDropSec : 0.000
Total Time : 309.103 	 TPS : 73.344 	 RecvSec : 84.783 	 SendSec : 84698.661 	 SendDropSec : 0.000
Total Time : 310.213 	 TPS : 42.326 	 RecvSec : 56.735 	 SendSec : 56678.248 	 SendDropSec : 0.000
Total Time : 311.301 	 TPS : 43.184 	 RecvSec : 57.886 	 SendSec : 57827.671 	 SendDropSec : 0.000
Total Time : 312.303 	 TPS : 56.933 	 RecvSec : 92.891 	 SendSec : 92798.055 	 SendDropSec : 0.000
Total Time : 313.762 	 TPS : 26.718 	 RecvSec : 22.608 	 SendSec : 22584.966 	 SendDropSec : 0.000
Total Time : 315.319 	 TPS : 63.607 	 RecvSec : 80.955 	 SendSec : 80873.938 	 SendDropSec : 0.000
Total Time : 317.803 	 TPS : 38.245 	 RecvSec : 50.726 	 SendSec : 50674.866 	 SendDropSec : 0.000
Total Time : 318.898 	 TPS : 45.635 	 RecvSec : 57.501 	 SendSec : 57443.164 	 SendDropSec : 0.000
Total Time : 320.661 	 TPS : 26.668 	 RecvSec : 35.746 	 SendSec : 35710.433 	 SendDropSec : 0.000
Total Time : 322.187 	 TPS : 39.972 	 RecvSec : 41.283 	 SendSec : 41241.371 	 SendDropSec : 0.000
Total Time : 323.448 	 TPS : 36.470 	 RecvSec : 49.948 	 SendSec : 49898.102 	 SendDropSec : 0.000
Total Time : 324.565 	 TPS : 42.088 	 RecvSec : 56.416 	 SendSec : 56360.032 	 SendDropSec : 0.000
Total Time : 325.892 	 TPS : 34.666 	 RecvSec : 47.478 	 SendSec : 47430.457 	 SendDropSec : 0.000
Total Time : 327.163 	 TPS : 33.825 	 RecvSec : 49.558 	 SendSec : 49508.335 	 SendDropSec : 0.000
Total Time : 328.733 	 TPS : 61.777 	 RecvSec : 80.246 	 SendSec : 80165.730 	 SendDropSec : 0.000
Total Time : 330.657 	 TPS : 23.385 	 RecvSec : 32.739 	 SendSec : 32706.218 	 SendDropSec : 0.000
Total Time : 331.922 	 TPS : 35.596 	 RecvSec : 49.834 	 SendSec : 49784.262 	 SendDropSec : 0.000
Total Time : 333.772 	 TPS : 24.855 	 RecvSec : 34.041 	 SendSec : 34006.737 	 SendDropSec : 0.000
Total Time : 336.316 	 TPS : 37.739 	 RecvSec : 49.533 	 SendSec : 49483.185 	 SendDropSec : 0.000
Total Time : 337.894 	 TPS : 21.544 	 RecvSec : 39.919 	 SendSec : 39879.388 	 SendDropSec : 0.000
Total Time : 339.402 	 TPS : 33.824 	 RecvSec : 41.782 	 SendSec : 41740.213 	 SendDropSec : 0.000
Total Time : 341.103 	 TPS : 28.814 	 RecvSec : 37.046 	 SendSec : 37009.258 	 SendDropSec : 0.000
Total Time : 342.104 	 TPS : 96.859 	 RecvSec : 124.818 	 SendSec : 124693.421 	 SendDropSec : 0.000
Total Time : 343.303 	 TPS : 3.336 	 RecvSec : 0.834 	 SendSec : 833.114 	 SendDropSec : 0.000
Total Time : 344.629 	 TPS : 23.387 	 RecvSec : 47.529 	 SendSec : 47481.436 	 SendDropSec : 0.000
Total Time : 345.737 	 TPS : 25.275 	 RecvSec : 56.869 	 SendSec : 56811.694 	 SendDropSec : 0.000
Total Time : 347.625 	 TPS : 18.536 	 RecvSec : 33.366 	 SendSec : 33332.302 	 SendDropSec : 0.000
Total Time : 350.404 	 TPS : 26.263 	 RecvSec : 45.330 	 SendSec : 45284.698 	 SendDropSec : 0.000
Total Time : 352.330 	 TPS : 42.068 	 RecvSec : 65.438 	 SendSec : 65372.943 	 SendDropSec : 0.000
Total Time : 354.392 	 TPS : 40.255 	 RecvSec : 61.110 	 SendSec : 61048.969 	 SendDropSec : 0.000
Total Time : 355.742 	 TPS : 25.914 	 RecvSec : 46.646 	 SendSec : 46599.355 	 SendDropSec : 0.000
Total Time : 357.228 	 TPS : 26.244 	 RecvSec : 42.394 	 SendSec : 42351.260 	 SendDropSec : 0.000
Total Time : 358.445 	 TPS : 32.883 	 RecvSec : 51.791 	 SendSec : 51739.599 	 SendDropSec : 0.000
Total Time : 361.161 	 TPS : 29.086 	 RecvSec : 46.391 	 SendSec : 46344.540 	 SendDropSec : 0.000
Total Time : 362.433 	 TPS : 25.948 	 RecvSec : 49.537 	 SendSec : 49487.352 	 SendDropSec : 0.000
Total Time : 363.795 	 TPS : 27.902 	 RecvSec : 46.258 	 SendSec : 46211.853 	 SendDropSec : 0.000
Total Time : 365.318 	 TPS : 24.291 	 RecvSec : 41.361 	 SendSec : 41319.159 	 SendDropSec : 0.000
Total Time : 366.930 	 TPS : 18.606 	 RecvSec : 39.073 	 SendSec : 39033.460 	 SendDropSec : 0.000
Total Time : 368.127 	 TPS : 31.763 	 RecvSec : 52.660 	 SendSec : 52607.651 	 SendDropSec : 0.000
Total Time : 369.297 	 TPS : 66.655 	 RecvSec : 107.674 	 SendSec : 107565.961 	 SendDropSec : 0.000
Total Time : 371.796 	 TPS : 28.806 	 RecvSec : 50.411 	 SendSec : 50360.460 	 SendDropSec : 0.000
Total Time : 373.653 	 TPS : 19.392 	 RecvSec : 33.937 	 SendSec : 33902.821 	 SendDropSec : 0.000
Total Time : 374.654 	 TPS : 52.949 	 RecvSec : 122.882 	 SendSec : 122759.102 	 SendDropSec : 0.000
Total Time : 376.349 	 TPS : 10.618 	 RecvSec : 1.770 	 SendSec : 1767.851 	 SendDropSec : 0.000
Total Time : 377.349 	 TPS : 49.984 	 RecvSec : 106.966 	 SendSec : 106858.613 	 SendDropSec : 0.000
Total Time : 378.693 	 TPS : 17.861 	 RecvSec : 14.140 	 SendSec : 14125.975 	 SendDropSec : 0.000
Total Time : 380.656 	 TPS : 16.808 	 RecvSec : 32.089 	 SendSec : 32056.455 	 SendDropSec : 0.000
Total Time : 382.140 	 TPS : 21.570 	 RecvSec : 42.467 	 SendSec : 42424.225 	 SendDropSec : 0.000
Total Time : 383.776 	 TPS : 23.228 	 RecvSec : 38.510 	 SendSec : 38471.540 	 SendDropSec : 0.000
Total Time : 386.063 	 TPS : 31.040 	 RecvSec : 55.085 	 SendSec : 55030.374 	 SendDropSec : 0.000
Total Time : 387.705 	 TPS : 14.613 	 RecvSec : 38.360 	 SendSec : 38321.271 	 SendDropSec : 0.000
Total Time : 388.717 	 TPS : 38.561 	 RecvSec : 62.291 	 SendSec : 62228.744 	 SendDropSec : 0.000
Total Time : 389.893 	 TPS : 36.568 	 RecvSec : 53.576 	 SendSec : 53522.367 	 SendDropSec : 0.000
Total Time : 391.718 	 TPS : 18.080 	 RecvSec : 34.517 	 SendSec : 34482.196 	 SendDropSec : 0.000
Total Time : 393.589 	 TPS : 21.381 	 RecvSec : 33.675 	 SendSec : 33641.468 	 SendDropSec : 0.000
Total Time : 394.591 	 TPS : 61.848 	 RecvSec : 124.693 	 SendSec : 124568.015 	 SendDropSec : 0.000
Total Time : 396.706 	 TPS : 22.224 	 RecvSec : 30.263 	 SendSec : 30232.695 	 SendDropSec : 0.000
Total Time : 398.642 	 TPS : 32.538 	 RecvSec : 65.076 	 SendSec : 65011.232 	 SendDropSec : 0.000
Total Time : 400.177 	 TPS : 24.113 	 RecvSec : 41.057 	 SendSec : 41015.713 	 SendDropSec : 0.000
Total Time : 401.183 	 TPS : 25.841 	 RecvSec : 78.517 	 SendSec : 78438.423 	 SendDropSec : 0.000
Total Time : 402.426 	 TPS : 36.202 	 RecvSec : 88.493 	 SendSec : 88404.854 	 SendDropSec : 0.000
Total Time : 403.867 	 TPS : 31.907 	 RecvSec : 86.703 	 SendSec : 86616.482 	 SendDropSec : 0.000
Total Time : 405.223 	 TPS : 19.180 	 RecvSec : 47.212 	 SendSec : 47164.766 	 SendDropSec : 0.000
Total Time : 406.686 	 TPS : 15.034 	 RecvSec : 43.051 	 SendSec : 43008.288 	 SendDropSec : 0.000
Total Time : 408.065 	 TPS : 15.961 	 RecvSec : 45.707 	 SendSec : 45661.242 	 SendDropSec : 0.000
Total Time : 409.742 	 TPS : 11.325 	 RecvSec : 37.550 	 SendSec : 37512.765 	 SendDropSec : 0.000
Total Time : 410.743 	 TPS : 33.992 	 RecvSec : 124.972 	 SendSec : 124847.259 	 SendDropSec : 0.000
Total Time : 411.859 	 TPS : 11.647 	 RecvSec : 0.896 	 SendSec : 895.004 	 SendDropSec : 0.000
Total Time : 413.745 	 TPS : 29.159 	 RecvSec : 66.800 	 SendSec : 66733.113 	 SendDropSec : 0.000
Total Time : 414.855 	 TPS : 23.418 	 RecvSec : 56.744 	 SendSec : 56687.534 	 SendDropSec : 0.000
Total Time : 416.788 	 TPS : 11.901 	 RecvSec : 32.082 	 SendSec : 32050.088 	 SendDropSec : 0.000
Total Time : 417.982 	 TPS : 20.928 	 RecvSec : 53.575 	 SendSec : 53521.520 	 SendDropSec : 0.000
Total Time : 419.814 	 TPS : 15.284 	 RecvSec : 34.389 	 SendSec : 34354.905 	 SendDropSec : 0.000
Total Time : 421.304 	 TPS : 18.129 	 RecvSec : 42.300 	 SendSec : 42257.876 	 SendDropSec : 0.000
Total Time : 422.894 	 TPS : 16.978 	 RecvSec : 39.616 	 SendSec : 39575.915 	 SendDropSec : 0.000
Total Time : 424.484 	 TPS : 16.987 	 RecvSec : 39.636 	 SendSec : 39596.706 	 SendDropSec : 0.000
Total Time : 426.944 	 TPS : 23.575 	 RecvSec : 51.214 	 SendSec : 51162.812 	 SendDropSec : 0.000
Total Time : 428.684 	 TPS : 17.814 	 RecvSec : 36.202 	 SendSec : 36165.770 	 SendDropSec : 0.000
Total Time : 429.943 	 TPS : 23.042 	 RecvSec : 50.056 	 SendSec : 50005.816 	 SendDropSec : 0.000
Total Time : 431.710 	 TPS : 14.715 	 RecvSec : 35.656 	 SendSec : 35620.158 	 SendDropSec : 0.000
Total Time : 432.991 	 TPS : 56.184 	 RecvSec : 98.322 	 SendSec : 98223.527 	 SendDropSec : 0.000
Total Time : 434.321 	 TPS : 21.047 	 RecvSec : 47.357 	 SendSec : 47309.328 	 SendDropSec : 0.000
Total Time : 435.930 	 TPS : 18.033 	 RecvSec : 39.176 	 SendSec : 39136.513 	 SendDropSec : 0.000
Total Time : 437.928 	 TPS : 14.013 	 RecvSec : 31.529 	 SendSec : 31497.921 	 SendDropSec : 0.000
Total Time : 439.484 	 TPS : 17.346 	 RecvSec : 40.475 	 SendSec : 40434.254 	 SendDropSec : 0.000
Total Time : 441.653 	 TPS : 25.359 	 RecvSec : 58.094 	 SendSec : 58036.200 	 SendDropSec : 0.000
Total Time : 443.393 	 TPS : 13.216 	 RecvSec : 36.200 	 SendSec : 36163.713 	 SendDropSec : 0.000
Total Time : 444.567 	 TPS : 27.255 	 RecvSec : 53.658 	 SendSec : 53604.180 	 SendDropSec : 0.000
Total Time : 446.830 	 TPS : 24.314 	 RecvSec : 55.701 	 SendSec : 55645.466 	 SendDropSec : 0.000
Total Time : 448.822 	 TPS : 13.551 	 RecvSec : 31.619 	 SendSec : 31587.324 	 SendDropSec : 0.000
Total Time : 450.423 	 TPS : 18.743 	 RecvSec : 39.360 	 SendSec : 39320.929 	 SendDropSec : 0.000
Total Time : 451.683 	 TPS : 23.003 	 RecvSec : 49.973 	 SendSec : 49922.820 	 SendDropSec : 0.000
Total Time : 453.112 	 TPS : 20.292 	 RecvSec : 44.084 	 SendSec : 44039.553 	 SendDropSec : 0.000
Total Time : 454.697 	 TPS : 17.040 	 RecvSec : 39.761 	 SendSec : 39721.246 	 SendDropSec : 0.000
Total Time : 455.984 	 TPS : 20.982 	 RecvSec : 48.957 	 SendSec : 48908.163 	 SendDropSec : 0.000
Total Time : 457.453 	 TPS : 19.057 	 RecvSec : 42.878 	 SendSec : 42835.325 	 SendDropSec : 0.000
Total Time : 459.301 	 TPS : 15.697 	 RecvSec : 34.099 	 SendSec : 34065.307 	 SendDropSec : 0.000
Total Time : 460.305 	 TPS : 30.855 	 RecvSec : 62.705 	 SendSec : 62642.418 	 SendDropSec : 0.000
Total Time : 462.331 	 TPS : 27.152 	 RecvSec : 62.203 	 SendSec : 62140.443 	 SendDropSec : 0.000
Total Time : 464.003 	 TPS : 18.540 	 RecvSec : 37.678 	 SendSec : 37640.094 	 SendDropSec : 0.000
Total Time : 465.286 	 TPS : 45.983 	 RecvSec : 98.202 	 SendSec : 98103.614 	 SendDropSec : 0.000
Total Time : 467.200 	 TPS : 16.195 	 RecvSec : 32.912 	 SendSec : 32878.645 	 SendDropSec : 0.000
Total Time : 468.404 	 TPS : 23.257 	 RecvSec : 52.329 	 SendSec : 52276.226 	 SendDropSec : 0.000
Total Time : 470.842 	 TPS : 26.249 	 RecvSec : 51.678 	 SendSec : 51626.700 	 SendDropSec : 0.000
Total Time : 472.804 	 TPS : 29.055 	 RecvSec : 64.226 	 SendSec : 64161.575 	 SendDropSec : 0.000
Total Time : 474.052 	 TPS : 26.456 	 RecvSec : 50.507 	 SendSec : 50456.374 	 SendDropSec : 0.000
Total Time : 476.565 	 TPS : 21.886 	 RecvSec : 50.140 	 SendSec : 50089.758 	 SendDropSec : 0.000
Total Time : 477.640 	 TPS : 31.605 	 RecvSec : 58.561 	 SendSec : 58502.760 	 SendDropSec : 0.000
Total Time : 479.531 	 TPS : 29.090 	 RecvSec : 66.642 	 SendSec : 66574.976 	 SendDropSec : 0.000
Total Time : 481.280 	 TPS : 35.457 	 RecvSec : 72.058 	 SendSec : 71985.527 	 SendDropSec : 0.000
Total Time : 482.725 	 TPS : 20.058 	 RecvSec : 43.574 	 SendSec : 43530.890 	 SendDropSec : 0.000
Total Time : 483.767 	 TPS : 31.692 	 RecvSec : 60.502 	 SendSec : 60441.921 	 SendDropSec : 0.000
Total Time : 485.646 	 TPS : 49.498 	 RecvSec : 67.062 	 SendSec : 66995.044 	 SendDropSec : 0.000
Total Time : 487.475 	 TPS : 15.851 	 RecvSec : 34.435 	 SendSec : 34400.456 	 SendDropSec : 0.000
Total Time : 488.476 	 TPS : 39.973 	 RecvSec : 62.958 	 SendSec : 62894.810 	 SendDropSec : 0.000
Total Time : 490.030 	 TPS : 12.228 	 RecvSec : 40.547 	 SendSec : 40506.485 	 SendDropSec : 0.000
Total Time : 491.793 	 TPS : 37.999 	 RecvSec : 35.730 	 SendSec : 35694.679 	 SendDropSec : 0.000
Total Time : 492.896 	 TPS : 37.149 	 RecvSec : 57.083 	 SendSec : 57025.761 	 SendDropSec : 0.000
Total Time : 493.923 	 TPS : 37.978 	 RecvSec : 61.350 	 SendSec : 61288.499 	 SendDropSec : 0.000
Total Time : 495.894 	 TPS : 21.317 	 RecvSec : 31.976 	 SendSec : 31943.758 	 SendDropSec : 0.000
Total Time : 497.459 	 TPS : 23.635 	 RecvSec : 40.243 	 SendSec : 40202.399 	 SendDropSec : 0.000
Total Time : 498.503 	 TPS : 32.574 	 RecvSec : 60.357 	 SendSec : 60296.814 	 SendDropSec : 0.000
Total Time : 499.592 	 TPS : 33.059 	 RecvSec : 57.854 	 SendSec : 57796.138 	 SendDropSec : 0.000
Total Time : 500.729 	 TPS : 35.183 	 RecvSec : 55.414 	 SendSec : 55358.592 	 SendDropSec : 0.000
Total Time : 502.192 	 TPS : 21.181 	 RecvSec : 43.045 	 SendSec : 43002.264 	 SendDropSec : 0.000
Total Time : 504.217 	 TPS : 35.559 	 RecvSec : 62.229 	 SendSec : 62166.619 	 SendDropSec : 0.000
Total Time : 505.278 	 TPS : 37.714 	 RecvSec : 59.399 	 SendSec : 59339.440 	 SendDropSec : 0.000
Total Time : 507.926 	 TPS : 24.167 	 RecvSec : 47.580 	 SendSec : 47531.968 	 SendDropSec : 0.000
Total Time : 509.116 	 TPS : 28.564 	 RecvSec : 52.928 	 SendSec : 52875.327 	 SendDropSec : 0.000
Total Time : 510.461 	 TPS : 25.275 	 RecvSec : 46.833 	 SendSec : 46786.052 	 SendDropSec : 0.000
Total Time : 511.648 	 TPS : 57.308 	 RecvSec : 106.188 	 SendSec : 106082.076 	 SendDropSec : 0.000
Total Time : 513.432 	 TPS : 15.130 	 RecvSec : 35.304 	 SendSec : 35268.679 	 SendDropSec : 0.000
Total Time : 514.659 	 TPS : 22.835 	 RecvSec : 51.379 	 SendSec : 51327.215 	 SendDropSec : 0.000
Total Time : 516.197 	 TPS : 19.503 	 RecvSec : 40.957 	 SendSec : 40916.083 	 SendDropSec : 0.000
Total Time : 518.075 	 TPS : 34.614 	 RecvSec : 67.098 	 SendSec : 67030.702 	 SendDropSec : 0.000
Total Time : 520.200 	 TPS : 33.399 	 RecvSec : 59.271 	 SendSec : 59211.841 	 SendDropSec : 0.000
Total Time : 522.157 	 TPS : 16.870 	 RecvSec : 32.205 	 SendSec : 32173.230 	 SendDropSec : 0.000
Total Time : 523.885 	 TPS : 25.455 	 RecvSec : 36.447 	 SendSec : 36410.455 	 SendDropSec : 0.000
Total Time : 525.911 	 TPS : 40.477 	 RecvSec : 62.196 	 SendSec : 62133.450 	 SendDropSec : 0.000
Total Time : 526.913 	 TPS : 38.928 	 RecvSec : 63.882 	 SendSec : 63818.134 	 SendDropSec : 0.000
Total Time : 527.924 	 TPS : 30.665 	 RecvSec : 61.331 	 SendSec : 61269.180 	 SendDropSec : 0.000
Total Time : 529.267 	 TPS : 21.593 	 RecvSec : 46.908 	 SendSec : 46861.584 	 SendDropSec : 0.000
Total Time : 531.181 	 TPS : 17.767 	 RecvSec : 32.921 	 SendSec : 32888.555 	 SendDropSec : 0.000
Total Time : 532.876 	 TPS : 16.513 	 RecvSec : 37.155 	 SendSec : 37118.163 	 SendDropSec : 0.000
Total Time : 534.449 	 TPS : 24.789 	 RecvSec : 40.043 	 SendSec : 40003.239 	 SendDropSec : 0.000
Total Time : 536.057 	 TPS : 18.666 	 RecvSec : 39.199 	 SendSec : 39160.278 	 SendDropSec : 0.000
Total Time : 537.057 	 TPS : 75.975 	 RecvSec : 124.959 	 SendSec : 124833.892 	 SendDropSec : 0.000
Total Time : 538.192 	 TPS : 10.576 	 RecvSec : 0.881 	 SendSec : 880.469 	 SendDropSec : 0.000
Total Time : 540.004 	 TPS : 27.581 	 RecvSec : 34.752 	 SendSec : 34716.901 	 SendDropSec : 0.000
Total Time : 542.134 	 TPS : 40.845 	 RecvSec : 59.155 	 SendSec : 59095.877 	 SendDropSec : 0.000
Total Time : 543.276 	 TPS : 34.165 	 RecvSec : 55.190 	 SendSec : 55134.368 	 SendDropSec : 0.000
Total Time : 545.271 	 TPS : 24.557 	 RecvSec : 31.573 	 SendSec : 31541.250 	 SendDropSec : 0.000
Total Time : 546.423 	 TPS : 36.468 	 RecvSec : 54.702 	 SendSec : 54647.542 	 SendDropSec : 0.000
Total Time : 547.762 	 TPS : 34.346 	 RecvSec : 47.039 	 SendSec : 46991.624 	 SendDropSec : 0.000
Total Time : 549.618 	 TPS : 23.709 	 RecvSec : 33.946 	 SendSec : 33912.474 	 SendDropSec : 0.000
Total Time : 551.249 	 TPS : 27.585 	 RecvSec : 38.619 	 SendSec : 38580.771 	 SendDropSec : 0.000
Total Time : 553.091 	 TPS : 23.350 	 RecvSec : 34.210 	 SendSec : 34176.026 	 SendDropSec : 0.000
Total Time : 554.103 	 TPS : 45.467 	 RecvSec : 62.270 	 SendSec : 62208.132 	 SendDropSec : 0.000
Total Time : 555.789 	 TPS : 24.913 	 RecvSec : 37.370 	 SendSec : 37332.171 	 SendDropSec : 0.000
Total Time : 557.574 	 TPS : 53.199 	 RecvSec : 70.558 	 SendSec : 70487.742 	 SendDropSec : 0.000
Total Time : 559.432 	 TPS : 26.911 	 RecvSec : 33.908 	 SendSec : 33873.972 	 SendDropSec : 0.000
Total Time : 561.381 	 TPS : 23.606 	 RecvSec : 32.330 	 SendSec : 32297.456 	 SendDropSec : 0.000
Total Time : 563.144 	 TPS : 28.357 	 RecvSec : 35.729 	 SendSec : 35693.618 	 SendDropSec : 0.000
Total Time : 564.599 	 TPS : 26.125 	 RecvSec : 43.313 	 SendSec : 43269.612 	 SendDropSec : 0.000
Total Time : 566.489 	 TPS : 43.905 	 RecvSec : 66.651 	 SendSec : 66584.196 	 SendDropSec : 0.000
Total Time : 567.614 	 TPS : 40.004 	 RecvSec : 56.005 	 SendSec : 55949.346 	 SendDropSec : 0.000
Total Time : 569.337 	 TPS : 18.569 	 RecvSec : 36.557 	 SendSec : 36520.720 	 SendDropSec : 0.000
Total Time : 570.437 	 TPS : 74.558 	 RecvSec : 114.565 	 SendSec : 114450.615 	 SendDropSec : 0.000
Total Time : 571.951 	 TPS : 65.388 	 RecvSec : 83.221 	 SendSec : 83137.440 	 SendDropSec : 0.000
Total Time : 573.892 	 TPS : 49.470 	 RecvSec : 64.930 	 SendSec : 64864.955 	 SendDropSec : 0.000
Total Time : 575.801 	 TPS : 24.092 	 RecvSec : 32.996 	 SendSec : 32963.238 	 SendDropSec : 0.000
Total Time : 576.864 	 TPS : 43.295 	 RecvSec : 59.296 	 SendSec : 59236.518 	 SendDropSec : 0.000
Total Time : 578.312 	 TPS : 32.451 	 RecvSec : 43.499 	 SendSec : 43455.227 	 SendDropSec : 0.000
Total Time : 580.187 	 TPS : 49.070 	 RecvSec : 67.205 	 SendSec : 67137.902 	 SendDropSec : 0.000
Total Time : 581.612 	 TPS : 34.393 	 RecvSec : 44.220 	 SendSec : 44175.504 	 SendDropSec : 0.000
Total Time : 583.481 	 TPS : 28.355 	 RecvSec : 33.705 	 SendSec : 33670.900 	 SendDropSec : 0.000
Total Time : 584.740 	 TPS : 32.567 	 RecvSec : 50.041 	 SendSec : 49991.366 	 SendDropSec : 0.000
Total Time : 585.863 	 TPS : 79.227 	 RecvSec : 112.164 	 SendSec : 112051.645 	 SendDropSec : 0.000
Total Time : 587.144 	 TPS : 39.802 	 RecvSec : 49.167 	 SendSec : 49118.115 	 SendDropSec : 0.000
Total Time : 589.849 	 TPS : 35.858 	 RecvSec : 46.579 	 SendSec : 46532.235 	 SendDropSec : 0.000
Total Time : 591.440 	 TPS : 39.617 	 RecvSec : 39.617 	 SendSec : 39577.018 	 SendDropSec : 0.000
Total Time : 593.378 	 TPS : 27.866 	 RecvSec : 32.510 	 SendSec : 32477.903 	 SendDropSec : 0.000
Total Time : 594.378 	 TPS : 94.992 	 RecvSec : 124.989 	 SendSec : 124863.987 	 SendDropSec : 0.000
Total Time : 596.484 	 TPS : 25.631 	 RecvSec : 30.378 	 SendSec : 30347.438 	 SendDropSec : 0.000
Total Time : 597.485 	 TPS : 52.985 	 RecvSec : 64.981 	 SendSec : 64916.161 	 SendDropSec : 0.000
Total Time : 599.247 	 TPS : 27.232 	 RecvSec : 34.607 	 SendSec : 34572.514 	 SendDropSec : 0.000
Total Time : 601.818 	 TPS : 37.342 	 RecvSec : 49.012 	 SendSec : 48962.828 	 SendDropSec : 0.000
Total Time : 603.082 	 TPS : 42.715 	 RecvSec : 49.834 	 SendSec : 49784.616 	 SendDropSec : 0.000
Total Time : 604.797 	 TPS : 29.740 	 RecvSec : 36.737 	 SendSec : 36700.598 	 SendDropSec : 0.000
Total Time : 606.153 	 TPS : 87.051 	 RecvSec : 92.953 	 SendSec : 92860.140 	 SendDropSec : 0.000
Total Time : 607.442 	 TPS : 37.243 	 RecvSec : 48.105 	 SendSec : 48057.168 	 SendDropSec : 0.000
Total Time : 608.442 	 TPS : 61.968 	 RecvSec : 112.942 	 SendSec : 112829.468 	 SendDropSec : 0.000
Total Time : 610.108 	 TPS : 17.410 	 RecvSec : 8.405 	 SendSec : 8396.585 	 SendDropSec : 0.000
Total Time : 611.383 	 TPS : 35.292 	 RecvSec : 49.408 	 SendSec : 49358.764 	 SendDropSec : 0.000
Total Time : 613.198 	 TPS : 25.888 	 RecvSec : 34.701 	 SendSec : 34666.609 	 SendDropSec : 0.000
Total Time : 614.242 	 TPS : 38.337 	 RecvSec : 60.381 	 SendSec : 60320.178 	 SendDropSec : 0.000
Total Time : 615.820 	 TPS : 67.174 	 RecvSec : 79.848 	 SendSec : 79767.934 	 SendDropSec : 0.000
Total Time : 617.108 	 TPS : 46.581 	 RecvSec : 48.910 	 SendSec : 48861.141 	 SendDropSec : 0.000
Total Time : 618.429 	 TPS : 74.912 	 RecvSec : 95.342 	 SendSec : 95246.642 	 SendDropSec : 0.000
Total Time : 619.939 	 TPS : 35.113 	 RecvSec : 41.738 	 SendSec : 41696.455 	 SendDropSec : 0.000
Total Time : 621.229 	 TPS : 41.066 	 RecvSec : 48.814 	 SendSec : 48765.074 	 SendDropSec : 0.000
Total Time : 623.777 	 TPS : 46.313 	 RecvSec : 49.453 	 SendSec : 49403.777 	 SendDropSec : 0.000
Total Time : 625.478 	 TPS : 35.278 	 RecvSec : 37.041 	 SendSec : 37004.449 	 SendDropSec : 0.000
Total Time : 627.935 	 TPS : 41.105 	 RecvSec : 51.280 	 SendSec : 51228.847 	 SendDropSec : 0.000
Total Time : 630.099 	 TPS : 51.307 	 RecvSec : 58.241 	 SendSec : 58182.576 	 SendDropSec : 0.000
Total Time : 631.924 	 TPS : 31.232 	 RecvSec : 34.519 	 SendSec : 34484.884 	 SendDropSec : 0.000
Total Time : 633.054 	 TPS : 47.755 	 RecvSec : 55.714 	 SendSec : 55658.041 	 SendDropSec : 0.000
Total Time : 634.653 	 TPS : 36.282 	 RecvSec : 39.410 	 SendSec : 39370.534 	 SendDropSec : 0.000
Total Time : 635.927 	 TPS : 77.694 	 RecvSec : 98.884 	 SendSec : 98785.023 	 SendDropSec : 0.000
Total Time : 637.205 	 TPS : 75.936 	 RecvSec : 98.639 	 SendSec : 98539.930 	 SendDropSec : 0.000
Total Time : 639.475 	 TPS : 44.490 	 RecvSec : 55.503 	 SendSec : 55447.406 	 SendDropSec : 0.000
Total Time : 640.791 	 TPS : 41.035 	 RecvSec : 47.874 	 SendSec : 47826.024 	 SendDropSec : 0.000
Total Time : 642.018 	 TPS : 43.174 	 RecvSec : 51.321 	 SendSec : 51269.293 	 SendDropSec : 0.000
Total Time : 643.106 	 TPS : 35.850 	 RecvSec : 57.911 	 SendSec : 57853.361 	 SendDropSec : 0.000
Total Time : 644.106 	 TPS : 70.996 	 RecvSec : 105.994 	 SendSec : 105888.197 	 SendDropSec : 0.000
Total Time : 645.757 	 TPS : 26.053 	 RecvSec : 12.118 	 SendSec : 12105.519 	 SendDropSec : 0.000
Total Time : 647.419 	 TPS : 36.091 	 RecvSec : 37.896 	 SendSec : 37857.755 	 SendDropSec : 0.000
Total Time : 649.400 	 TPS : 56.050 	 RecvSec : 63.625 	 SendSec : 63561.110 	 SendDropSec : 0.000
Total Time : 651.274 	 TPS : 26.145 	 RecvSec : 33.616 	 SendSec : 33581.980 	 SendDropSec : 0.000
Total Time : 653.215 	 TPS : 32.966 	 RecvSec : 32.451 	 SendSec : 32418.623 	 SendDropSec : 0.000
Total Time : 655.009 	 TPS : 74.119 	 RecvSec : 70.218 	 SendSec : 70147.922 	 SendDropSec : 0.000
Total Time : 657.382 	 TPS : 54.788 	 RecvSec : 53.103 	 SendSec : 53049.539 	 SendDropSec : 0.000
Total Time : 659.702 	 TPS : 57.339 	 RecvSec : 54.322 	 SendSec : 54267.253 	 SendDropSec : 0.000
Total Time : 661.333 	 TPS : 40.468 	 RecvSec : 38.629 	 SendSec : 38589.970 	 SendDropSec : 0.000
Total Time : 663.142 	 TPS : 27.075 	 RecvSec : 34.811 	 SendSec : 34776.298 	 SendDropSec : 0.000
Total Time : 664.699 	 TPS : 37.909 	 RecvSec : 40.479 	 SendSec : 40438.154 	 SendDropSec : 0.000
Total Time : 666.645 	 TPS : 58.568 	 RecvSec : 64.733 	 SendSec : 64668.100 	 SendDropSec : 0.000
Total Time : 668.491 	 TPS : 34.676 	 RecvSec : 34.134 	 SendSec : 34099.727 	 SendDropSec : 0.000
Total Time : 669.951 	 TPS : 96.557 	 RecvSec : 86.285 	 SendSec : 86198.313 	 SendDropSec : 0.000
Total Time : 671.525 	 TPS : 81.958 	 RecvSec : 80.052 	 SendSec : 79971.542 	 SendDropSec : 0.000
Total Time : 673.231 	 TPS : 38.695 	 RecvSec : 36.936 	 SendSec : 36899.372 	 SendDropSec : 0.000
Total Time : 674.782 	 TPS : 54.140 	 RecvSec : 40.605 	 SendSec : 40564.049 	 SendDropSec : 0.000
Total Time : 676.762 	 TPS : 24.749 	 RecvSec : 31.821 	 SendSec : 31788.863 	 SendDropSec : 0.000
Total Time : 678.186 	 TPS : 47.752 	 RecvSec : 44.241 	 SendSec : 44196.515 	 SendDropSec : 0.000
Total Time : 680.553 	 TPS : 60.431 	 RecvSec : 53.247 	 SendSec : 53193.874 	 SendDropSec : 0.000
Total Time : 682.884 	 TPS : 41.179 	 RecvSec : 54.047 	 SendSec : 53993.382 	 SendDropSec : 0.000
Total Time : 684.300 	 TPS : 43.767 	 RecvSec : 88.945 	 SendSec : 88856.009 	 SendDropSec : 0.000
Total Time : 685.727 	 TPS : 21.030 	 RecvSec : 44.164 	 SendSec : 44119.534 	 SendDropSec : 0.000
Total Time : 687.185 	 TPS : 30.856 	 RecvSec : 43.198 	 SendSec : 43155.091 	 SendDropSec : 0.000
Total Time : 688.494 	 TPS : 43.570 	 RecvSec : 48.156 	 SendSec : 48107.774 	 SendDropSec : 0.000
Total Time : 689.824 	 TPS : 48.094 	 RecvSec : 47.342 	 SendSec : 47295.122 	 SendDropSec : 0.000
Total Time : 691.425 	 TPS : 37.484 	 RecvSec : 39.358 	 SendSec : 39318.531 	 SendDropSec : 0.000
Total Time : 693.226 	 TPS : 36.658 	 RecvSec : 34.991 	 SendSec : 34956.441 	 SendDropSec : 0.000
Total Time : 694.674 	 TPS : 31.071 	 RecvSec : 43.500 	 SendSec : 43456.142 	 SendDropSec : 0.000
Total Time : 695.715 	 TPS : 51.887 	 RecvSec : 60.535 	 SendSec : 60474.526 	 SendDropSec : 0.000
Total Time : 697.358 	 TPS : 57.808 	 RecvSec : 76.672 	 SendSec : 76594.887 	 SendDropSec : 0.000
Total Time : 699.153 	 TPS : 59.590 	 RecvSec : 70.172 	 SendSec : 70101.441 	 SendDropSec : 0.000
Total Time : 700.156 	 TPS : 83.827 	 RecvSec : 124.742 	 SendSec : 124617.515 	 SendDropSec : 0.000
Total Time : 701.662 	 TPS : 23.238 	 RecvSec : 42.491 	 SendSec : 42448.960 	 SendDropSec : 0.000
Total Time : 703.332 	 TPS : 53.290 	 RecvSec : 75.445 	 SendSec : 75369.140 	 SendDropSec : 0.000
Total Time : 704.635 	 TPS : 54.488 	 RecvSec : 96.697 	 SendSec : 96600.147 	 SendDropSec : 0.000
Total Time : 705.927 	 TPS : 40.234 	 RecvSec : 48.746 	 SendSec : 48696.796 	 SendDropSec : 0.000
Total Time : 707.829 	 TPS : 53.635 	 RecvSec : 66.255 	 SendSec : 66188.761 	 SendDropSec : 0.000
Total Time : 709.778 	 TPS : 22.579 	 RecvSec : 32.330 	 SendSec : 32297.206 	 SendDropSec : 0.000
Total Time : 711.509 	 TPS : 41.007 	 RecvSec : 72.773 	 SendSec : 72700.314 	 SendDropSec : 0.000
Total Time : 712.528 	 TPS : 48.077 	 RecvSec : 61.813 	 SendSec : 61751.683 	 SendDropSec : 0.000
Total Time : 713.530 	 TPS : 41.913 	 RecvSec : 97.797 	 SendSec : 97699.557 	 SendDropSec : 0.000
Total Time : 715.030 	 TPS : 31.349 	 RecvSec : 18.676 	 SendSec : 18657.144 	 SendDropSec : 0.000
Total Time : 716.101 	 TPS : 29.877 	 RecvSec : 58.821 	 SendSec : 58762.319 	 SendDropSec : 0.000
Total Time : 717.105 	 TPS : 42.806 	 RecvSec : 110.500 	 SendSec : 110389.466 	 SendDropSec : 0.000
Total Time : 718.107 	 TPS : 42.932 	 RecvSec : 76.877 	 SendSec : 76800.557 	 SendDropSec : 0.000
Total Time : 719.109 	 TPS : 30.948 	 RecvSec : 53.909 	 SendSec : 53855.469 	 SendDropSec : 0.000
Total Time : 720.520 	 TPS : 14.167 	 RecvSec : 7.084 	 SendSec : 7076.508 	 SendDropSec : 0.000
Total Time : 721.524 	 TPS : 52.782 	 RecvSec : 124.485 	 SendSec : 124360.273 	 SendDropSec : 0.000
Total Time : 722.777 	 TPS : 11.976 	 RecvSec : 0.798 	 SendSec : 797.570 	 SendDropSec : 0.000
Total Time : 723.780 	 TPS : 76.791 	 RecvSec : 124.661 	 SendSec : 124536.634 	 SendDropSec : 0.000
Total Time : 725.525 	 TPS : 5.158 	 RecvSec : 0.573 	 SendSec : 572.516 	 SendDropSec : 0.000
Total Time : 727.303 	 TPS : 20.810 	 RecvSec : 35.433 	 SendSec : 35397.686 	 SendDropSec : 0.000
Total Time : 729.603 	 TPS : 31.296 	 RecvSec : 54.768 	 SendSec : 54712.930 	 SendDropSec : 0.000
Total Time : 730.604 	 TPS : 55.939 	 RecvSec : 114.875 	 SendSec : 114760.542 	 SendDropSec : 0.000
Total Time : 732.059 	 TPS : 17.871 	 RecvSec : 7.561 	 SendSec : 7553.291 	 SendDropSec : 0.000
Total Time : 733.563 	 TPS : 22.607 	 RecvSec : 41.890 	 SendSec : 41848.455 	 SendDropSec : 0.000
Total Time : 735.188 	 TPS : 21.538 	 RecvSec : 38.768 	 SendSec : 38729.372 	 SendDropSec : 0.000
Total Time : 736.659 	 TPS : 21.753 	 RecvSec : 42.826 	 SendSec : 42782.763 	 SendDropSec : 0.000
Total Time : 737.727 	 TPS : 41.201 	 RecvSec : 58.993 	 SendSec : 58933.693 	 SendDropSec : 0.000
Total Time : 739.312 	 TPS : 24.600 	 RecvSec : 39.739 	 SendSec : 39699.045 	 SendDropSec : 0.000
Total Time : 741.381 	 TPS : 40.129 	 RecvSec : 60.918 	 SendSec : 60857.317 	 SendDropSec : 0.000
Total Time : 743.207 	 TPS : 22.451 	 RecvSec : 34.499 	 SendSec : 34464.086 	 SendDropSec : 0.000
Total Time : 745.420 	 TPS : 37.953 	 RecvSec : 56.929 	 SendSec : 56871.933 	 SendDropSec : 0.000
Total Time : 746.739 	 TPS : 40.178 	 RecvSec : 47.759 	 SendSec : 47711.498 	 SendDropSec : 0.000
Total Time : 748.351 	 TPS : 27.920 	 RecvSec : 39.088 	 SendSec : 39048.434 	 SendDropSec : 0.000
Total Time : 749.640 	 TPS : 34.131 	 RecvSec : 48.869 	 SendSec : 48820.098 	 SendDropSec : 0.000
Total Time : 751.206 	 TPS : 26.183 	 RecvSec : 40.233 	 SendSec : 40192.484 	 SendDropSec : 0.000
Total Time : 753.742 	 TPS : 41.007 	 RecvSec : 49.682 	 SendSec : 49631.823 	 SendDropSec : 0.000
Total Time : 755.351 	 TPS : 27.966 	 RecvSec : 39.153 	 SendSec : 39113.589 	 SendDropSec : 0.000
Total Time : 757.593 	 TPS : 53.094 	 RecvSec : 56.217 	 SendSec : 56160.961 	 SendDropSec : 0.000
Total Time : 759.467 	 TPS : 50.679 	 RecvSec : 67.216 	 SendSec : 67149.027 	 SendDropSec : 0.000
Total Time : 761.130 	 TPS : 25.864 	 RecvSec : 37.893 	 SendSec : 37855.280 	 SendDropSec : 0.000
Total Time : 763.097 	 TPS : 27.453 	 RecvSec : 32.028 	 SendSec : 31996.152 	 SendDropSec : 0.000
Total Time : 764.129 	 TPS : 37.768 	 RecvSec : 61.010 	 SendSec : 60949.356 	 SendDropSec : 0.000
Total Time : 766.056 	 TPS : 29.075 	 RecvSec : 32.709 	 SendSec : 32676.652 	 SendDropSec : 0.000
Total Time : 767.979 	 TPS : 23.920 	 RecvSec : 32.760 	 SendSec : 32727.007 	 SendDropSec : 0.000
Total Time : 769.758 	 TPS : 23.604 	 RecvSec : 35.405 	 SendSec : 35369.974 	 SendDropSec : 0.000
Total Time : 771.310 	 TPS : 29.636 	 RecvSec : 40.588 	 SendSec : 40547.206 	 SendDropSec : 0.000
Total Time : 773.202 	 TPS : 22.731 	 RecvSec : 33.304 	 SendSec : 33270.818 	 SendDropSec : 0.000
Total Time : 774.967 	 TPS : 26.630 	 RecvSec : 35.695 	 SendSec : 35659.498 	 SendDropSec : 0.000
Total Time : 776.831 	 TPS : 26.278 	 RecvSec : 33.786 	 SendSec : 33752.241 	 SendDropSec : 0.000
Total Time : 778.588 	 TPS : 25.052 	 RecvSec : 35.870 	 SendSec : 35834.525 	 SendDropSec : 0.000
Total Time : 779.591 	 TPS : 64.803 	 RecvSec : 100.694 	 SendSec : 100593.357 	 SendDropSec : 0.000
Total Time : 781.384 	 TPS : 21.187 	 RecvSec : 13.939 	 SendSec : 13924.830 	 SendDropSec : 0.000
Total Time : 783.222 	 TPS : 52.799 	 RecvSec : 68.585 	 SendSec : 68516.016 	 SendDropSec : 0.000
Total Time : 784.868 	 TPS : 46.172 	 RecvSec : 76.549 	 SendSec : 76472.150 	 SendDropSec : 0.000
Total Time : 786.122 	 TPS : 35.886 	 RecvSec : 50.240 	 SendSec : 50189.492 	 SendDropSec : 0.000
Total Time : 787.634 	 TPS : 23.796 	 RecvSec : 41.644 	 SendSec : 41601.959 	 SendDropSec : 0.000
Total Time : 789.075 	 TPS : 23.606 	 RecvSec : 43.741 	 SendSec : 43697.589 	 SendDropSec : 0.000
Total Time : 790.987 	 TPS : 17.257 	 RecvSec : 32.946 	 SendSec : 32912.558 	 SendDropSec : 0.000
Total Time : 792.955 	 TPS : 17.277 	 RecvSec : 32.014 	 SendSec : 31981.702 	 SendDropSec : 0.000
Total Time : 794.873 	 TPS : 18.246 	 RecvSec : 32.843 	 SendSec : 32809.922 	 SendDropSec : 0.000
Total Time : 796.097 	 TPS : 29.417 	 RecvSec : 51.479 	 SendSec : 51428.000 	 SendDropSec : 0.000
Total Time : 797.532 	 TPS : 23.001 	 RecvSec : 43.911 	 SendSec : 43867.579 	 SendDropSec : 0.000
Total Time : 799.018 	 TPS : 23.549 	 RecvSec : 42.388 	 SendSec : 42345.791 	 SendDropSec : 0.000
Total Time : 800.476 	 TPS : 24.683 	 RecvSec : 43.196 	 SendSec : 43152.812 	 SendDropSec : 0.000
Total Time : 802.283 	 TPS : 21.583 	 RecvSec : 34.865 	 SendSec : 34830.473 	 SendDropSec : 0.000
Total Time : 803.484 	 TPS : 36.657 	 RecvSec : 52.486 	 SendSec : 52433.160 	 SendDropSec : 0.000
Total Time : 805.177 	 TPS : 20.083 	 RecvSec : 36.622 	 SendSec : 36584.888 	 SendDropSec : 0.000
Total Time : 807.185 	 TPS : 40.339 	 RecvSec : 63.248 	 SendSec : 63184.838 	 SendDropSec : 0.000
Total Time : 808.206 	 TPS : 32.306 	 RecvSec : 61.675 	 SendSec : 61613.692 	 SendDropSec : 0.000
Total Time : 809.429 	 TPS : 29.437 	 RecvSec : 51.514 	 SendSec : 51462.672 	 SendDropSec : 0.000
Total Time : 810.805 	 TPS : 27.622 	 RecvSec : 45.795 	 SendSec : 45749.153 	 SendDropSec : 0.000
Total Time : 812.754 	 TPS : 20.518 	 RecvSec : 32.315 	 SendSec : 32282.793 	 SendDropSec : 0.000
Total Time : 814.737 	 TPS : 20.680 	 RecvSec : 31.777 	 SendSec : 31745.548 	 SendDropSec : 0.000
Total Time : 816.513 	 TPS : 21.399 	 RecvSec : 35.477 	 SendSec : 35441.956 	 SendDropSec : 0.000
Total Time : 818.128 	 TPS : 24.757 	 RecvSec : 38.992 	 SendSec : 38953.004 	 SendDropSec : 0.000
Total Time : 819.981 	 TPS : 19.435 	 RecvSec : 34.011 	 SendSec : 33977.110 	 SendDropSec : 0.000
Total Time : 821.906 	 TPS : 23.891 	 RecvSec : 32.721 	 SendSec : 32687.869 	 SendDropSec : 0.000
Total Time : 822.906 	 TPS : 42.983 	 RecvSec : 63.974 	 SendSec : 63910.314 	 SendDropSec : 0.000
Total Time : 824.361 	 TPS : 18.561 	 RecvSec : 42.623 	 SendSec : 42579.935 	 SendDropSec : 0.000
Total Time : 825.564 	 TPS : 61.504 	 RecvSec : 104.723 	 SendSec : 104617.815 	 SendDropSec : 0.000
Total Time : 827.055 	 TPS : 20.122 	 RecvSec : 42.257 	 SendSec : 42214.846 	 SendDropSec : 0.000
Total Time : 828.565 	 TPS : 55.614 	 RecvSec : 83.421 	 SendSec : 83337.526 	 SendDropSec : 0.000
Total Time : 829.937 	 TPS : 30.626 	 RecvSec : 45.938 	 SendSec : 45892.555 	 SendDropSec : 0.000
Total Time : 831.550 	 TPS : 23.554 	 RecvSec : 39.051 	 SendSec : 39011.491 	 SendDropSec : 0.000
Total Time : 832.578 	 TPS : 46.679 	 RecvSec : 61.266 	 SendSec : 61204.633 	 SendDropSec : 0.000
Total Time : 834.124 	 TPS : 31.708 	 RecvSec : 40.767 	 SendSec : 40726.667 	 SendDropSec : 0.000
Total Time : 835.809 	 TPS : 22.544 	 RecvSec : 37.375 	 SendSec : 37337.697 	 SendDropSec : 0.000
Total Time : 837.361 	 TPS : 60.587 	 RecvSec : 81.213 	 SendSec : 81131.559 	 SendDropSec : 0.000
Total Time : 839.211 	 TPS : 19.999 	 RecvSec : 34.052 	 SendSec : 34017.545 	 SendDropSec : 0.000
Total Time : 840.323 	 TPS : 47.679 	 RecvSec : 56.675 	 SendSec : 56618.108 	 SendDropSec : 0.000
Total Time : 841.972 	 TPS : 26.065 	 RecvSec : 38.189 	 SendSec : 38150.654 	 SendDropSec : 0.000
Total Time : 843.926 	 TPS : 24.570 	 RecvSec : 32.248 	 SendSec : 32215.282 	 SendDropSec : 0.000
Total Time : 845.108 	 TPS : 48.244 	 RecvSec : 53.322 	 SendSec : 53269.010 	 SendDropSec : 0.000
Total Time : 846.375 	 TPS : 27.611 	 RecvSec : 49.699 	 SendSec : 49649.436 	 SendDropSec : 0.000
Total Time : 849.141 	 TPS : 25.666 	 RecvSec : 45.548 	 SendSec : 45502.567 	 SendDropSec : 0.000
Total Time : 851.914 	 TPS : 29.212 	 RecvSec : 45.441 	 SendSec : 45395.289 	 SendDropSec : 0.000
Total Time : 852.916 	 TPS : 63.919 	 RecvSec : 124.842 	 SendSec : 124717.146 	 SendDropSec : 0.000
Total Time : 853.996 	 TPS : 10.183 	 RecvSec : 0.926 	 SendSec : 924.828 	 SendDropSec : 0.000
Total Time : 855.878 	 TPS : 23.375 	 RecvSec : 33.468 	 SendSec : 33434.909 	 SendDropSec : 0.000
Total Time : 857.703 	 TPS : 24.114 	 RecvSec : 34.526 	 SendSec : 34491.675 	 SendDropSec : 0.000
Total Time : 858.725 	 TPS : 38.143 	 RecvSec : 61.616 	 SendSec : 61554.390 	 SendDropSec : 0.000
Total Time : 860.649 	 TPS : 44.711 	 RecvSec : 65.507 	 SendSec : 65441.502 	 SendDropSec : 0.000
Total Time : 862.460 	 TPS : 18.223 	 RecvSec : 34.789 	 SendSec : 34754.523 	 SendDropSec : 0.000
Total Time : 863.519 	 TPS : 33.050 	 RecvSec : 59.490 	 SendSec : 59430.993 	 SendDropSec : 0.000
Total Time : 864.521 	 TPS : 41.916 	 RecvSec : 63.872 	 SendSec : 63808.313 	 SendDropSec : 0.000
Total Time : 866.034 	 TPS : 25.766 	 RecvSec : 40.961 	 SendSec : 40919.804 	 SendDropSec : 0.000
Total Time : 867.293 	 TPS : 30.984 	 RecvSec : 50.051 	 SendSec : 50000.461 	 SendDropSec : 0.000
Total Time : 868.653 	 TPS : 28.669 	 RecvSec : 46.312 	 SendSec : 46265.796 	 SendDropSec : 0.000
Total Time : 869.669 	 TPS : 73.814 	 RecvSec : 123.024 	 SendSec : 122900.493 	 SendDropSec : 0.000
Total Time : 871.050 	 TPS : 1.448 	 RecvSec : 0.724 	 SendSec : 723.376 	 SendDropSec : 0.000
Total Time : 872.679 	 TPS : 22.100 	 RecvSec : 38.676 	 SendSec : 38636.870 	 SendDropSec : 0.000
Total Time : 874.522 	 TPS : 22.253 	 RecvSec : 34.194 	 SendSec : 34159.621 	 SendDropSec : 0.000
Total Time : 875.525 	 TPS : 38.893 	 RecvSec : 62.827 	 SendSec : 62764.648 	 SendDropSec : 0.000
Total Time : 876.890 	 TPS : 24.161 	 RecvSec : 46.125 	 SendSec : 46078.634 	 SendDropSec : 0.000
Total Time : 877.894 	 TPS : 83.711 	 RecvSec : 124.570 	 SendSec : 124445.613 	 SendDropSec : 0.000
Total Time : 879.621 	 TPS : 34.733 	 RecvSec : 37.049 	 SendSec : 37011.909 	 SendDropSec : 0.000
Total Time : 881.284 	 TPS : 29.479 	 RecvSec : 37.901 	 SendSec : 37863.508 	 SendDropSec : 0.000
Total Time : 883.039 	 TPS : 32.464 	 RecvSec : 35.881 	 SendSec : 35845.129 	 SendDropSec : 0.000
Total Time : 884.318 	 TPS : 41.438 	 RecvSec : 49.256 	 SendSec : 49206.648 	 SendDropSec : 0.000
Total Time : 886.254 	 TPS : 19.116 	 RecvSec : 32.549 	 SendSec : 32516.920 	 SendDropSec : 0.000
Total Time : 887.329 	 TPS : 45.557 	 RecvSec : 58.574 	 SendSec : 58515.210 	 SendDropSec : 0.000
Total Time : 889.219 	 TPS : 24.340 	 RecvSec : 33.335 	 SendSec : 33302.072 	 SendDropSec : 0.000
Total Time : 890.577 	 TPS : 27.982 	 RecvSec : 46.391 	 SendSec : 46345.020 	 SendDropSec : 0.000
Total Time : 891.625 	 TPS : 34.364 	 RecvSec : 60.137 	 SendSec : 60077.050 	 SendDropSec : 0.000
Total Time : 893.118 	 TPS : 31.480 	 RecvSec : 42.197 	 SendSec : 42154.454 	 SendDropSec : 0.000
Total Time : 894.957 	 TPS : 23.922 	 RecvSec : 34.252 	 SendSec : 34217.937 	 SendDropSec : 0.000
Total Time : 897.293 	 TPS : 44.516 	 RecvSec : 53.933 	 SendSec : 53878.573 	 SendDropSec : 0.000
Total Time : 898.686 	 TPS : 33.035 	 RecvSec : 45.244 	 SendSec : 45198.809 	 SendDropSec : 0.000
Total Time : 900.515 	 TPS : 20.773 	 RecvSec : 34.440 	 SendSec : 34405.518 	 SendDropSec : 0.000
Total Time : 901.885 	 TPS : 32.131 	 RecvSec : 46.006 	 SendSec : 45959.860 	 SendDropSec : 0.000
Total Time : 903.180 	 TPS : 33.206 	 RecvSec : 48.651 	 SendSec : 48602.068 	 SendDropSec : 0.000
Total Time : 905.365 	 TPS : 36.609 	 RecvSec : 57.659 	 SendSec : 57601.215 	 SendDropSec : 0.000
Total Time : 907.073 	 TPS : 27.511 	 RecvSec : 36.876 	 SendSec : 36839.306 	 SendDropSec : 0.000
Total Time : 908.077 	 TPS : 42.844 	 RecvSec : 62.771 	 SendSec : 62708.309 	 SendDropSec : 0.000
Total Time : 909.221 	 TPS : 32.339 	 RecvSec : 55.064 	 SendSec : 55009.090 	 SendDropSec : 0.000
Total Time : 911.063 	 TPS : 27.682 	 RecvSec : 34.196 	 SendSec : 34161.436 	 SendDropSec : 0.000
Total Time : 912.664 	 TPS : 26.864 	 RecvSec : 39.359 	 SendSec : 39319.357 	 SendDropSec : 0.000
Total Time : 913.813 	 TPS : 29.597 	 RecvSec : 54.842 	 SendSec : 54787.182 	 SendDropSec : 0.000
Total Time : 915.300 	 TPS : 76.677 	 RecvSec : 84.749 	 SendSec : 84663.910 	 SendDropSec : 0.000
Total Time : 917.492 	 TPS : 41.051 	 RecvSec : 57.472 	 SendSec : 57414.511 	 SendDropSec : 0.000
Total Time : 918.493 	 TPS : 81.947 	 RecvSec : 120.922 	 SendSec : 120801.180 	 SendDropSec : 0.000
Total Time : 920.535 	 TPS : 33.285 	 RecvSec : 33.285 	 SendSec : 33251.923 	 SendDropSec : 0.000
Total Time : 922.522 	 TPS : 21.642 	 RecvSec : 31.709 	 SendSec : 31676.893 	 SendDropSec : 0.000
Total Time : 924.586 	 TPS : 46.024 	 RecvSec : 61.042 	 SendSec : 60980.936 	 SendDropSec : 0.000
Total Time : 926.792 	 TPS : 38.995 	 RecvSec : 57.132 	 SendSec : 57074.959 	 SendDropSec : 0.000
Total Time : 928.127 	 TPS : 32.963 	 RecvSec : 47.197 	 SendSec : 47149.980 	 SendDropSec : 0.000
Total Time : 930.124 	 TPS : 18.023 	 RecvSec : 31.540 	 SendSec : 31508.697 	 SendDropSec : 0.000
Total Time : 931.155 	 TPS : 42.680 	 RecvSec : 61.109 	 SendSec : 61048.193 	 SendDropSec : 0.000
Total Time : 932.461 	 TPS : 28.340 	 RecvSec : 48.254 	 SendSec : 48206.128 	 SendDropSec : 0.000
Total Time : 934.353 	 TPS : 29.597 	 RecvSec : 33.297 	 SendSec : 33263.816 	 SendDropSec : 0.000
Total Time : 936.883 	 TPS : 37.945 	 RecvSec : 49.802 	 SendSec : 49752.420 	 SendDropSec : 0.000
Total Time : 938.853 	 TPS : 52.773 	 RecvSec : 63.937 	 SendSec : 63872.668 	 SendDropSec : 0.000
Total Time : 939.856 	 TPS : 39.879 	 RecvSec : 63.806 	 SendSec : 63742.052 	 SendDropSec : 0.000
Total Time : 941.628 	 TPS : 25.408 	 RecvSec : 35.006 	 SendSec : 34970.963 	 SendDropSec : 0.000
Total Time : 942.711 	 TPS : 41.541 	 RecvSec : 58.157 	 SendSec : 58099.277 	 SendDropSec : 0.000
Total Time : 943.871 	 TPS : 43.966 	 RecvSec : 54.311 	 SendSec : 54257.157 	 SendDropSec : 0.000
Total Time : 945.362 	 TPS : 45.594 	 RecvSec : 42.242 	 SendSec : 42199.669 	 SendDropSec : 0.000
Total Time : 946.364 	 TPS : 42.947 	 RecvSec : 105.869 	 SendSec : 105762.970 	 SendDropSec : 0.000
Total Time : 947.392 	 TPS : 72.901 	 RecvSec : 80.677 	 SendSec : 80596.349 	 SendDropSec : 0.000
Total Time : 949.102 	 TPS : 19.306 	 RecvSec : 36.856 	 SendSec : 36819.138 	 SendDropSec : 0.000
Total Time : 950.106 	 TPS : 31.865 	 RecvSec : 62.734 	 SendSec : 62671.498 	 SendDropSec : 0.000
Total Time : 951.714 	 TPS : 24.258 	 RecvSec : 39.185 	 SendSec : 39146.170 	 SendDropSec : 0.000
Total Time : 953.399 	 TPS : 48.068 	 RecvSec : 74.772 	 SendSec : 74697.466 	 SendDropSec : 0.000
Total Time : 955.552 	 TPS : 35.302 	 RecvSec : 58.527 	 SendSec : 58468.797 	 SendDropSec : 0.000
Total Time : 957.169 	 TPS : 51.324 	 RecvSec : 77.914 	 SendSec : 77835.771 	 SendDropSec : 0.000
Total Time : 958.910 	 TPS : 21.253 	 RecvSec : 36.187 	 SendSec : 36150.566 	 SendDropSec : 0.000
Total Time : 960.224 	 TPS : 31.957 	 RecvSec : 47.935 	 SendSec : 47887.045 	 SendDropSec : 0.000
Total Time : 962.121 	 TPS : 15.811 	 RecvSec : 33.204 	 SendSec : 33170.869 	 SendDropSec : 0.000
Total Time : 963.736 	 TPS : 21.052 	 RecvSec : 39.009 	 SendSec : 38969.897 	 SendDropSec : 0.000
Total Time : 965.335 	 TPS : 21.263 	 RecvSec : 39.399 	 SendSec : 39359.157 	 SendDropSec : 0.000
Total Time : 966.548 	 TPS : 75.856 	 RecvSec : 103.889 	 SendSec : 103785.421 	 SendDropSec : 0.000
Total Time : 968.133 	 TPS : 24.606 	 RecvSec : 39.748 	 SendSec : 39708.453 	 SendDropSec : 0.000
Total Time : 969.151 	 TPS : 35.361 	 RecvSec : 61.882 	 SendSec : 61820.327 	 SendDropSec : 0.000
Total Time : 970.822 	 TPS : 22.146 	 RecvSec : 37.708 	 SendSec : 37670.621 	 SendDropSec : 0.000
Total Time : 972.204 	 TPS : 24.599 	 RecvSec : 45.580 	 SendSec : 45534.557 	 SendDropSec : 0.000
Total Time : 973.228 	 TPS : 37.109 	 RecvSec : 61.523 	 SendSec : 61461.836 	 SendDropSec : 0.000
Total Time : 974.932 	 TPS : 48.131 	 RecvSec : 73.957 	 SendSec : 73882.891 	 SendDropSec : 0.000
Total Time : 976.348 	 TPS : 32.476 	 RecvSec : 44.478 	 SendSec : 44433.277 	 SendDropSec : 0.000
Total Time : 978.027 	 TPS : 33.962 	 RecvSec : 37.537 	 SendSec : 37499.515 	 SendDropSec : 0.000
Total Time : 979.585 	 TPS : 27.599 	 RecvSec : 40.436 	 SendSec : 40395.468 	 SendDropSec : 0.000
Total Time : 980.837 	 TPS : 28.758 	 RecvSec : 50.327 	 SendSec : 50276.960 	 SendDropSec : 0.000
Total Time : 982.567 	 TPS : 19.073 	 RecvSec : 36.412 	 SendSec : 36375.099 	 SendDropSec : 0.000
Total Time : 984.562 	 TPS : 22.052 	 RecvSec : 31.575 	 SendSec : 31543.566 	 SendDropSec : 0.000
Total Time : 985.739 	 TPS : 39.085 	 RecvSec : 53.529 	 SendSec : 53475.859 	 SendDropSec : 0.000
Total Time : 987.638 	 TPS : 24.217 	 RecvSec : 33.167 	 SendSec : 33134.163 	 SendDropSec : 0.000
Total Time : 988.704 	 TPS : 38.485 	 RecvSec : 59.136 	 SendSec : 59076.731 	 SendDropSec : 0.000
Total Time : 990.555 	 TPS : 45.371 	 RecvSec : 68.057 	 SendSec : 67989.082 	 SendDropSec : 0.000
Total Time : 992.125 	 TPS : 49.034 	 RecvSec : 80.238 	 SendSec : 80157.408 	 SendDropSec : 0.000
Total Time : 994.098 	 TPS : 20.273 	 RecvSec : 31.931 	 SendSec : 31898.640 	 SendDropSec : 0.000
Total Time : 995.347 	 TPS : 28.026 	 RecvSec : 50.448 	 SendSec : 50397.070 	 SendDropSec : 0.000
Total Time : 996.347 	 TPS : 42.999 	 RecvSec : 63.998 	 SendSec : 63933.871 	 SendDropSec : 0.000
Total Time : 998.281 	 TPS : 17.066 	 RecvSec : 32.064 	 SendSec : 32031.451 	 SendDropSec : 0.000
Total Time : 999.799 	 TPS : 23.718 	 RecvSec : 41.506 	 SendSec : 41464.271 	 SendDropSec : 0.000
Total Time : 1001.716 	 TPS : 29.729 	 RecvSec : 32.858 	 SendSec : 32825.275 	 SendDropSec : 0.000
Total Time : 1003.008 	 TPS : 37.941 	 RecvSec : 48.781 	 SendSec : 48732.285 	 SendDropSec : 0.000
Total Time : 1004.009 	 TPS : 73.920 	 RecvSec : 124.865 	 SendSec : 124740.580 	 SendDropSec : 0.000
Total Time : 1005.113 	 TPS : 13.581 	 RecvSec : 0.905 	 SendSec : 904.525 	 SendDropSec : 0.000
Total Time : 1006.429 	 TPS : 34.970 	 RecvSec : 47.894 	 SendSec : 47845.766 	 SendDropSec : 0.000
Total Time : 1008.286 	 TPS : 19.921 	 RecvSec : 33.919 	 SendSec : 33885.312 	 SendDropSec : 0.000
Total Time : 1009.339 	 TPS : 57.953 	 RecvSec : 59.853 	 SendSec : 59793.267 	 SendDropSec : 0.000
Total Time : 1010.891 	 TPS : 39.303 	 RecvSec : 40.592 	 SendSec : 40551.362 	 SendDropSec : 0.000
Total Time : 1012.618 	 TPS : 31.258 	 RecvSec : 36.467 	 SendSec : 36431.016 	 SendDropSec : 0.000
Total Time : 1013.619 	 TPS : 64.969 	 RecvSec : 104.950 	 SendSec : 104844.654 	 SendDropSec : 0.000
Total Time : 1014.969 	 TPS : 30.368 	 RecvSec : 15.554 	 SendSec : 15538.605 	 SendDropSec : 0.000
Total Time : 1016.566 	 TPS : 32.565 	 RecvSec : 39.454 	 SendSec : 39414.642 	 SendDropSec : 0.000
Total Time : 1017.892 	 TPS : 58.785 	 RecvSec : 94.960 	 SendSec : 94864.724 	 SendDropSec : 0.000
Total Time : 1019.612 	 TPS : 50.011 	 RecvSec : 73.272 	 SendSec : 73198.585 	 SendDropSec : 0.000
Total Time : 1020.613 	 TPS : 60.963 	 RecvSec : 108.934 	 SendSec : 108825.335 	 SendDropSec : 0.000
Total Time : 1023.220 	 TPS : 28.379 	 RecvSec : 30.680 	 SendSec : 30649.561 	 SendDropSec : 0.000
Total Time : 1024.735 	 TPS : 58.740 	 RecvSec : 83.160 	 SendSec : 83076.463 	 SendDropSec : 0.000
Total Time : 1026.018 	 TPS : 29.634 	 RecvSec : 49.130 	 SendSec : 49080.737 	 SendDropSec : 0.000
Total Time : 1027.018 	 TPS : 66.991 	 RecvSec : 115.985 	 SendSec : 115869.273 	 SendDropSec : 0.000
Total Time : 1028.819 	 TPS : 13.328 	 RecvSec : 5.553 	 SendSec : 5547.631 	 SendDropSec : 0.000
Total Time : 1029.823 	 TPS : 79.678 	 RecvSec : 124.497 	 SendSec : 124372.770 	 SendDropSec : 0.000
Total Time : 1031.342 	 TPS : 5.264 	 RecvSec : 0.658 	 SendSec : 657.403 	 SendDropSec : 0.000
Total Time : 1032.530 	 TPS : 40.410 	 RecvSec : 53.038 	 SendSec : 52984.743 	 SendDropSec : 0.000
Total Time : 1033.531 	 TPS : 51.930 	 RecvSec : 64.913 	 SendSec : 64847.864 	 SendDropSec : 0.000
Total Time : 1034.554 	 TPS : 47.903 	 RecvSec : 59.635 	 SendSec : 59575.315 	 SendDropSec : 0.000
Total Time : 1036.501 	 TPS : 31.328 	 RecvSec : 32.355 	 SendSec : 32322.537 	 SendDropSec : 0.000
Total Time : 1037.649 	 TPS : 47.941 	 RecvSec : 54.915 	 SendSec : 54859.886 	 SendDropSec : 0.000
Total Time : 1039.331 	 TPS : 57.666 	 RecvSec : 74.906 	 SendSec : 74831.189 	 SendDropSec : 0.000
Total Time : 1040.817 	 TPS : 30.282 	 RecvSec : 42.395 	 SendSec : 42353.067 	 SendDropSec : 0.000
Total Time : 1041.846 	 TPS : 45.653 	 RecvSec : 61.195 	 SendSec : 61133.762 	 SendDropSec : 0.000
Total Time : 1042.852 	 TPS : 71.615 	 RecvSec : 124.331 	 SendSec : 124207.002 	 SendDropSec : 0.000
Total Time : 1044.484 	 TPS : 6.739 	 RecvSec : 0.613 	 SendSec : 612.045 	 SendDropSec : 0.000
Total Time : 1045.487 	 TPS : 37.876 	 RecvSec : 62.794 	 SendSec : 62731.485 	 SendDropSec : 0.000
Total Time : 1047.419 	 TPS : 21.742 	 RecvSec : 32.613 	 SendSec : 32580.858 	 SendDropSec : 0.000
Total Time : 1048.420 	 TPS : 51.963 	 RecvSec : 104.925 	 SendSec : 104819.708 	 SendDropSec : 0.000
Total Time : 1049.982 	 TPS : 17.281 	 RecvSec : 13.441 	 SendSec : 13427.235 	 SendDropSec : 0.000
Total Time : 1051.303 	 TPS : 35.587 	 RecvSec : 47.701 	 SendSec : 47653.491 	 SendDropSec : 0.000
Total Time : 1052.585 	 TPS : 39.784 	 RecvSec : 49.146 	 SendSec : 49096.362 	 SendDropSec : 0.000
Total Time : 1053.588 	 TPS : 49.844 	 RecvSec : 104.672 	 SendSec : 104567.661 	 SendDropSec : 0.000
Total Time : 1054.800 	 TPS : 61.044 	 RecvSec : 69.294 	 SendSec : 69224.419 	 SendDropSec : 0.000
Total Time : 1057.072 	 TPS : 46.644 	 RecvSec : 55.445 	 SendSec : 55389.877 	 SendDropSec : 0.000
Total Time : 1058.461 	 TPS : 66.975 	 RecvSec : 90.740 	 SendSec : 90648.997 	 SendDropSec : 0.000
Total Time : 1059.468 	 TPS : 72.499 	 RecvSec : 124.142 	 SendSec : 124017.715 	 SendDropSec : 0.000
Total Time : 1061.083 	 TPS : 5.573 	 RecvSec : 0.619 	 SendSec : 618.637 	 SendDropSec : 0.000
Total Time : 1062.442 	 TPS : 52.966 	 RecvSec : 92.690 	 SendSec : 92597.654 	 SendDropSec : 0.000
Total Time : 1064.246 	 TPS : 31.043 	 RecvSec : 34.923 	 SendSec : 34888.528 	 SendDropSec : 0.000
Total Time : 1065.476 	 TPS : 60.155 	 RecvSec : 51.213 	 SendSec : 51161.746 	 SendDropSec : 0.000
Total Time : 1066.650 	 TPS : 34.089 	 RecvSec : 47.725 	 SendSec : 47677.202 	 SendDropSec : 0.000
Total Time : 1068.626 	 TPS : 47.057 	 RecvSec : 67.296 	 SendSec : 67228.807 	 SendDropSec : 0.000
Total Time : 1070.400 	 TPS : 23.116 	 RecvSec : 35.520 	 SendSec : 35484.659 	 SendDropSec : 0.000
Total Time : 1071.400 	 TPS : 65.946 	 RecvSec : 124.899 	 SendSec : 124773.734 	 SendDropSec : 0.000
Total Time : 1073.040 	 TPS : 3.049 	 RecvSec : 0.610 	 SendSec : 609.168 	 SendDropSec : 0.000
Total Time : 1075.118 	 TPS : 36.574 	 RecvSec : 60.635 	 SendSec : 60574.824 	 SendDropSec : 0.000
Total Time : 1076.648 	 TPS : 18.965 	 RecvSec : 41.199 	 SendSec : 41158.192 	 SendDropSec : 0.000
Total Time : 1077.841 	 TPS : 27.652 	 RecvSec : 52.790 	 SendSec : 52736.973 	 SendDropSec : 0.000
Total Time : 1079.642 	 TPS : 21.101 	 RecvSec : 34.984 	 SendSec : 34948.982 	 SendDropSec : 0.000
Total Time : 1081.533 	 TPS : 37.551 	 RecvSec : 33.320 	 SendSec : 33286.346 	 SendDropSec : 0.000
Total Time : 1083.337 	 TPS : 27.708 	 RecvSec : 34.913 	 SendSec : 34877.620 	 SendDropSec : 0.000
Total Time : 1084.691 	 TPS : 115.926 	 RecvSec : 93.036 	 SendSec : 92943.277 	 SendDropSec : 0.000
Total Time : 1085.692 	 TPS : 116.928 	 RecvSec : 114.929 	 SendSec : 114814.320 	 SendDropSec : 0.000
Total Time : 1086.915 	 TPS : 26.158 	 RecvSec : 8.992 	 SendSec : 8982.758 	 SendDropSec : 0.000
Total Time : 1088.515 	 TPS : 34.390 	 RecvSec : 39.392 	 SendSec : 39352.571 	 SendDropSec : 0.000
Total Time : 1089.699 	 TPS : 36.294 	 RecvSec : 53.175 	 SendSec : 53122.286 	 SendDropSec : 0.000
Total Time : 1090.700 	 TPS : 103.917 	 RecvSec : 70.943 	 SendSec : 70872.550 	 SendDropSec : 0.000
Total Time : 1092.759 	 TPS : 46.638 	 RecvSec : 35.950 	 SendSec : 35913.826 	 SendDropSec : 0.000
Total Time : 1094.548 	 TPS : 38.552 	 RecvSec : 59.784 	 SendSec : 59724.367 	 SendDropSec : 0.000
Total Time : 1096.534 	 TPS : 42.809 	 RecvSec : 31.729 	 SendSec : 31697.495 	 SendDropSec : 0.000
Total Time : 1097.534 	 TPS : 93.987 	 RecvSec : 64.991 	 SendSec : 64925.826 	 SendDropSec : 0.000
Total Time : 1099.029 	 TPS : 26.090 	 RecvSec : 40.807 	 SendSec : 40766.168 	 SendDropSec : 0.000
Total Time : 1100.213 	 TPS : 58.278 	 RecvSec : 53.210 	 SendSec : 53157.202 	 SendDropSec : 0.000
Total Time : 1102.119 	 TPS : 36.191 	 RecvSec : 33.044 	 SendSec : 33011.199 	 SendDropSec : 0.000
Total Time : 1103.608 	 TPS : 84.639 	 RecvSec : 84.639 	 SendSec : 84554.596 	 SendDropSec : 0.000
Total Time : 1105.394 	 TPS : 39.767 	 RecvSec : 35.286 	 SendSec : 35250.741 	 SendDropSec : 0.000
Total Time : 1107.093 	 TPS : 37.651 	 RecvSec : 37.063 	 SendSec : 37025.981 	 SendDropSec : 0.000
Total Time : 1108.804 	 TPS : 51.439 	 RecvSec : 36.826 	 SendSec : 36789.018 	 SendDropSec : 0.000
Total Time : 1110.117 	 TPS : 59.406 	 RecvSec : 47.982 	 SendSec : 47934.116 	 SendDropSec : 0.000
Total Time : 1111.782 	 TPS : 105.090 	 RecvSec : 75.665 	 SendSec : 75589.449 	 SendDropSec : 0.000
Total Time : 1113.549 	 TPS : 52.073 	 RecvSec : 35.659 	 SendSec : 35622.934 	 SendDropSec : 0.000
Total Time : 1115.494 	 TPS : 44.213 	 RecvSec : 32.389 	 SendSec : 32356.385 	 SendDropSec : 0.000
Total Time : 1117.001 	 TPS : 55.082 	 RecvSec : 41.809 	 SendSec : 41767.640 	 SendDropSec : 0.000
Total Time : 1118.830 	 TPS : 50.859 	 RecvSec : 34.453 	 SendSec : 34418.704 	 SendDropSec : 0.000
Total Time : 1120.261 	 TPS : 68.475 	 RecvSec : 44.020 	 SendSec : 43975.591 	 SendDropSec : 0.000
Total Time : 1121.726 	 TPS : 141.933 	 RecvSec : 85.978 	 SendSec : 85892.401 	 SendDropSec : 0.000
Total Time : 1124.167 	 TPS : 86.855 	 RecvSec : 51.622 	 SendSec : 51570.025 	 SendDropSec : 0.000
Total Time : 1125.167 	 TPS : 135.977 	 RecvSec : 122.979 	 SendSec : 122855.820 	 SendDropSec : 0.000
Total Time : 1126.169 	 TPS : 55.924 	 RecvSec : 54.926 	 SendSec : 54870.738 	 SendDropSec : 0.000
Total Time : 1127.170 	 TPS : 66.924 	 RecvSec : 62.929 	 SendSec : 62865.943 	 SendDropSec : 0.000
Total Time : 1128.634 	 TPS : 19.803 	 RecvSec : 7.511 	 SendSec : 7503.955 	 SendDropSec : 0.000
Total Time : 1129.634 	 TPS : 142.981 	 RecvSec : 124.983 	 SendSec : 124858.381 	 SendDropSec : 0.000
Total Time : 1131.313 	 TPS : 6.551 	 RecvSec : 0.596 	 SendSec : 594.938 	 SendDropSec : 0.000
Total Time : 1132.580 	 TPS : 154.708 	 RecvSec : 99.455 	 SendSec : 99355.696 	 SendDropSec : 0.000
Total Time : 1134.559 	 TPS : 59.142 	 RecvSec : 63.691 	 SendSec : 63627.331 	 SendDropSec : 0.000
Total Time : 1136.041 	 TPS : 60.027 	 RecvSec : 42.491 	 SendSec : 42448.678 	 SendDropSec : 0.000
Total Time : 1137.208 	 TPS : 46.301 	 RecvSec : 54.017 	 SendSec : 53963.247 	 SendDropSec : 0.000
Total Time : 1138.811 	 TPS : 38.038 	 RecvSec : 39.285 	 SendSec : 39245.600 	 SendDropSec : 0.000
Total Time : 1140.407 	 TPS : 48.261 	 RecvSec : 39.486 	 SendSec : 39447.001 	 SendDropSec : 0.000
Total Time : 1142.410 	 TPS : 95.842 	 RecvSec : 62.896 	 SendSec : 62833.479 	 SendDropSec : 0.000
Total Time : 1143.517 	 TPS : 85.845 	 RecvSec : 56.929 	 SendSec : 56872.076 	 SendDropSec : 0.000
Total Time : 1144.940 	 TPS : 138.376 	 RecvSec : 88.505 	 SendSec : 88416.233 	 SendDropSec : 0.000
Total Time : 1146.808 	 TPS : 59.956 	 RecvSec : 33.725 	 SendSec : 33691.481 	 SendDropSec : 0.000
Total Time : 1148.275 	 TPS : 160.289 	 RecvSec : 85.942 	 SendSec : 85856.500 	 SendDropSec : 0.000
Total Time : 1149.895 	 TPS : 141.970 	 RecvSec : 77.775 	 SendSec : 77696.897 	 SendDropSec : 0.000
Total Time : 1151.328 	 TPS : 73.956 	 RecvSec : 43.955 	 SendSec : 43911.227 	 SendDropSec : 0.000
Total Time : 1152.992 	 TPS : 60.094 	 RecvSec : 37.859 	 SendSec : 37821.514 	 SendDropSec : 0.000
Total Time : 1154.647 	 TPS : 64.047 	 RecvSec : 38.066 	 SendSec : 38027.680 	 SendDropSec : 0.000
Total Time : 1155.743 	 TPS : 103.119 	 RecvSec : 57.491 	 SendSec : 57433.771 	 SendDropSec : 0.000
Total Time : 1157.617 	 TPS : 58.692 	 RecvSec : 33.615 	 SendSec : 33581.176 	 SendDropSec : 0.000
Total Time : 1159.454 	 TPS : 63.151 	 RecvSec : 34.298 	 SendSec : 34263.224 	 SendDropSec : 0.000
Total Time : 1161.430 	 TPS : 59.700 	 RecvSec : 31.874 	 SendSec : 31841.979 	 SendDropSec : 0.000
Total Time : 1163.156 	 TPS : 54.475 	 RecvSec : 36.510 	 SendSec : 36473.455 	 SendDropSec : 0.000
Total Time : 1164.464 	 TPS : 75.705 	 RecvSec : 48.176 	 SendSec : 48127.488 	 SendDropSec : 0.000
Total Time : 1166.954 	 TPS : 83.534 	 RecvSec : 50.602 	 SendSec : 50551.574 	 SendDropSec : 0.000
Total Time : 1168.893 	 TPS : 58.253 	 RecvSec : 32.477 	 SendSec : 32444.945 	 SendDropSec : 0.000
Total Time : 1169.956 	 TPS : 103.482 	 RecvSec : 59.267 	 SendSec : 59207.691 	 SendDropSec : 0.000
Total Time : 1171.419 	 TPS : 78.633 	 RecvSec : 43.077 	 SendSec : 43034.285 	 SendDropSec : 0.000
Total Time : 1173.958 	 TPS : 93.723 	 RecvSec : 49.618 	 SendSec : 49568.246 	 SendDropSec : 0.000
Total Time : 1175.540 	 TPS : 77.780 	 RecvSec : 39.838 	 SendSec : 39798.491 	 SendDropSec : 0.000
Total Time : 1178.110 	 TPS : 86.760 	 RecvSec : 49.022 	 SendSec : 48972.503 	 SendDropSec : 0.000
Total Time : 1179.656 	 TPS : 75.018 	 RecvSec : 40.743 	 SendSec : 40701.807 	 SendDropSec : 0.000
Total Time : 1180.929 	 TPS : 93.470 	 RecvSec : 49.484 	 SendSec : 49434.873 	 SendDropSec : 0.000
Total Time : 1182.811 	 TPS : 56.334 	 RecvSec : 33.482 	 SendSec : 33448.279 	 SendDropSec : 0.000
Total Time : 1183.882 	 TPS : 106.442 	 RecvSec : 58.823 	 SendSec : 58764.585 	 SendDropSec : 0.000
Total Time : 1185.090 	 TPS : 104.295 	 RecvSec : 52.148 	 SendSec : 52095.400 	 SendDropSec : 0.000
Total Time : 1186.757 	 TPS : 72.609 	 RecvSec : 37.805 	 SendSec : 37767.019 	 SendDropSec : 0.000
Total Time : 1188.346 	 TPS : 73.632 	 RecvSec : 39.648 	 SendSec : 39608.580 	 SendDropSec : 0.000
Total Time : 1189.513 	 TPS : 89.922 	 RecvSec : 53.953 	 SendSec : 53899.369 	 SendDropSec : 0.000
Total Time : 1191.410 	 TPS : 65.388 	 RecvSec : 33.221 	 SendSec : 33187.972 	 SendDropSec : 0.000
Total Time : 1192.920 	 TPS : 86.086 	 RecvSec : 41.718 	 SendSec : 41676.674 	 SendDropSec : 0.000
Total Time : 1194.818 	 TPS : 123.302 	 RecvSec : 66.394 	 SendSec : 66327.188 	 SendDropSec : 0.000
Total Time : 1196.062 	 TPS : 110.937 	 RecvSec : 50.645 	 SendSec : 50594.603 	 SendDropSec : 0.000
Total Time : 1197.984 	 TPS : 60.870 	 RecvSec : 32.776 	 SendSec : 32743.218 	 SendDropSec : 0.000
Total Time : 1199.601 	 TPS : 144.665 	 RecvSec : 77.897 	 SendSec : 77818.750 	 SendDropSec : 0.000
Total Time : 1200.815 	 TPS : 90.600 	 RecvSec : 51.889 	 SendSec : 51837.011 	 SendDropSec : 0.000
Total Time : 1202.607 	 TPS : 74.776 	 RecvSec : 35.156 	 SendSec : 35120.672 	 SendDropSec : 0.000
Total Time : 1203.866 	 TPS : 103.248 	 RecvSec : 50.035 	 SendSec : 49985.355 	 SendDropSec : 0.000
Total Time : 1205.262 	 TPS : 89.585 	 RecvSec : 45.151 	 SendSec : 45105.860 	 SendDropSec : 0.000
Total Time : 1206.602 	 TPS : 176.053 	 RecvSec : 93.994 	 SendSec : 93900.370 	 SendDropSec : 0.000
Total Time : 1207.894 	 TPS : 89.798 	 RecvSec : 48.769 	 SendSec : 48720.609 	 SendDropSec : 0.000
Total Time : 1209.575 	 TPS : 64.235 	 RecvSec : 37.470 	 SendSec : 37433.017 	 SendDropSec : 0.000
Total Time : 1211.329 	 TPS : 54.183 	 RecvSec : 35.932 	 SendSec : 35896.087 	 SendDropSec : 0.000
Total Time : 1212.357 	 TPS : 126.420 	 RecvSec : 61.265 	 SendSec : 61203.901 	 SendDropSec : 0.000
Total Time : 1213.903 	 TPS : 71.807 	 RecvSec : 40.755 	 SendSec : 40714.724 	 SendDropSec : 0.000
Total Time : 1214.987 	 TPS : 111.573 	 RecvSec : 58.092 	 SendSec : 58033.447 	 SendDropSec : 0.000
Total Time : 1216.303 	 TPS : 96.542 	 RecvSec : 47.891 	 SendSec : 47843.005 	 SendDropSec : 0.000
Total Time : 1218.776 	 TPS : 100.273 	 RecvSec : 50.945 	 SendSec : 50893.991 	 SendDropSec : 0.000
Total Time : 1220.140 	 TPS : 78.434 	 RecvSec : 46.181 	 SendSec : 46134.657 	 SendDropSec : 0.000
Total Time : 1221.141 	 TPS : 151.930 	 RecvSec : 65.970 	 SendSec : 65903.763 	 SendDropSec : 0.000
Total Time : 1222.645 	 TPS : 152.905 	 RecvSec : 81.771 	 SendSec : 81689.373 	 SendDropSec : 0.000
Total Time : 1224.463 	 TPS : 135.329 	 RecvSec : 69.315 	 SendSec : 69245.356 	 SendDropSec : 0.000
Total Time : 1226.455 	 TPS : 62.246 	 RecvSec : 31.625 	 SendSec : 31593.232 	 SendDropSec : 0.000
Total Time : 1227.665 	 TPS : 106.577 	 RecvSec : 52.049 	 SendSec : 51997.350 	 SendDropSec : 0.000
Total Time : 1229.610 	 TPS : 65.807 	 RecvSec : 32.389 	 SendSec : 32356.806 	 SendDropSec : 0.000
Total Time : 1231.581 	 TPS : 59.880 	 RecvSec : 31.970 	 SendSec : 31937.985 	 SendDropSec : 0.000
Total Time : 1233.169 	 TPS : 79.946 	 RecvSec : 39.658 	 SendSec : 39618.566 	 SendDropSec : 0.000
Total Time : 1234.170 	 TPS : 132.911 	 RecvSec : 63.957 	 SendSec : 63893.345 	 SendDropSec : 0.000
Total Time : 1235.171 	 TPS : 121.902 	 RecvSec : 62.949 	 SendSec : 62886.446 	 SendDropSec : 0.000
Total Time : 1236.291 	 TPS : 88.362 	 RecvSec : 55.338 	 SendSec : 55282.536 	 SendDropSec : 0.000
Total Time : 1238.078 	 TPS : 132.118 	 RecvSec : 70.537 	 SendSec : 70466.911 	 SendDropSec : 0.000
Total Time : 1240.648 	 TPS : 99.611 	 RecvSec : 49.027 	 SendSec : 48978.073 	 SendDropSec : 0.000
Total Time : 1242.113 	 TPS : 71.635 	 RecvSec : 42.981 	 SendSec : 42938.006 	 SendDropSec : 0.000
Total Time : 1243.718 	 TPS : 84.767 	 RecvSec : 39.267 	 SendSec : 39227.749 	 SendDropSec : 0.000
Total Time : 1244.787 	 TPS : 108.532 	 RecvSec : 58.944 	 SendSec : 58884.933 	 SendDropSec : 0.000
Total Time : 1247.379 	 TPS : 90.662 	 RecvSec : 48.610 	 SendSec : 48561.835 	 SendDropSec : 0.000
Total Time : 1248.426 	 TPS : 122.239 	 RecvSec : 60.165 	 SendSec : 60104.411 	 SendDropSec : 0.000
Total Time : 1249.644 	 TPS : 93.544 	 RecvSec : 51.695 	 SendSec : 51643.772 	 SendDropSec : 0.000
Total Time : 1251.490 	 TPS : 73.698 	 RecvSec : 34.139 	 SendSec : 34105.204 	 SendDropSec : 0.000
Total Time : 1253.053 	 TPS : 62.692 	 RecvSec : 40.302 	 SendSec : 40261.890 	 SendDropSec : 0.000
Total Time : 1254.319 	 TPS : 109.009 	 RecvSec : 49.765 	 SendSec : 49715.077 	 SendDropSec : 0.000
Total Time : 1256.044 	 TPS : 74.210 	 RecvSec : 36.525 	 SendSec : 36488.693 	 SendDropSec : 0.000
Total Time : 1257.375 	 TPS : 191.547 	 RecvSec : 94.647 	 SendSec : 94551.933 	 SendDropSec : 0.000
Total Time : 1259.066 	 TPS : 56.772 	 RecvSec : 37.257 	 SendSec : 37219.371 	 SendDropSec : 0.000
Total Time : 1260.429 	 TPS : 88.027 	 RecvSec : 46.214 	 SendSec : 46167.947 	 SendDropSec : 0.000
Total Time : 1262.294 	 TPS : 69.194 	 RecvSec : 33.793 	 SendSec : 33758.789 	 SendDropSec : 0.000
Total Time : 1263.359 	 TPS : 106.963 	 RecvSec : 59.111 	 SendSec : 59052.292 	 SendDropSec : 0.000
Total Time : 1264.805 	 TPS : 83.004 	 RecvSec : 43.577 	 SendSec : 43533.287 	 SendDropSec : 0.000
Total Time : 1265.806 	 TPS : 133.897 	 RecvSec : 63.951 	 SendSec : 63886.980 	 SendDropSec : 0.000
Total Time : 1267.475 	 TPS : 135.958 	 RecvSec : 74.867 	 SendSec : 74792.096 	 SendDropSec : 0.000
Total Time : 1268.532 	 TPS : 106.994 	 RecvSec : 59.651 	 SendSec : 59591.605 	 SendDropSec : 0.000
Total Time : 1270.270 	 TPS : 67.863 	 RecvSec : 36.232 	 SendSec : 36195.908 	 SendDropSec : 0.000
Total Time : 1271.271 	 TPS : 226.911 	 RecvSec : 124.951 	 SendSec : 124826.031 	 SendDropSec : 0.000
Total Time : 1272.309 	 TPS : 4.818 	 RecvSec : 0.964 	 SendSec : 962.681 	 SendDropSec : 0.000
Total Time : 1274.017 	 TPS : 65.565 	 RecvSec : 36.880 	 SendSec : 36843.311 	 SendDropSec : 0.000
Total Time : 1275.857 	 TPS : 71.181 	 RecvSec : 34.232 	 SendSec : 34197.628 	 SendDropSec : 0.000
Total Time : 1277.648 	 TPS : 61.434 	 RecvSec : 35.185 	 SendSec : 35149.621 	 SendDropSec : 0.000
Total Time : 1278.802 	 TPS : 97.061 	 RecvSec : 54.597 	 SendSec : 54542.264 	 SendDropSec : 0.000
Total Time : 1280.503 	 TPS : 128.692 	 RecvSec : 74.042 	 SendSec : 73967.843 	 SendDropSec : 0.000
Total Time : 1281.505 	 TPS : 116.758 	 RecvSec : 64.865 	 SendSec : 64800.513 	 SendDropSec : 0.000
Total Time : 1283.218 	 TPS : 70.654 	 RecvSec : 35.619 	 SendSec : 35583.434 	 SendDropSec : 0.000
Total Time : 1284.814 	 TPS : 72.067 	 RecvSec : 39.480 	 SendSec : 39440.848 	 SendDropSec : 0.000
Total Time : 1286.161 	 TPS : 78.704 	 RecvSec : 46.777 	 SendSec : 46729.968 	 SendDropSec : 0.000
Total Time : 1287.606 	 TPS : 83.044 	 RecvSec : 43.598 	 SendSec : 43554.514 	 SendDropSec : 0.000
Total Time : 1289.222 	 TPS : 85.348 	 RecvSec : 38.963 	 SendSec : 38924.273 	 SendDropSec : 0.000
Total Time : 1290.712 	 TPS : 75.191 	 RecvSec : 42.295 	 SendSec : 42252.596 	 SendDropSec : 0.000
Total Time : 1292.176 	 TPS : 80.575 	 RecvSec : 43.019 	 SendSec : 42975.872 	 SendDropSec : 0.000
Total Time : 1293.873 	 TPS : 68.953 	 RecvSec : 37.129 	 SendSec : 37091.425 	 SendDropSec : 0.000
Total Time : 1295.003 	 TPS : 109.722 	 RecvSec : 55.746 	 SendSec : 55690.172 	 SendDropSec : 0.000
Total Time : 1296.005 	 TPS : 214.648 	 RecvSec : 119.803 	 SendSec : 119683.480 	 SendDropSec : 0.000
Total Time : 1297.005 	 TPS : 166.962 	 RecvSec : 67.984 	 SendSec : 67916.434 	 SendDropSec : 0.000
Total Time : 1299.117 	 TPS : 71.501 	 RecvSec : 30.305 	 SendSec : 30274.873 	 SendDropSec : 0.000
Total Time : 1300.176 	 TPS : 119.010 	 RecvSec : 59.505 	 SendSec : 59445.616 	 SendDropSec : 0.000
Total Time : 1301.282 	 TPS : 109.400 	 RecvSec : 56.960 	 SendSec : 56903.412 	 SendDropSec : 0.000
Total Time : 1302.858 	 TPS : 75.513 	 RecvSec : 39.978 	 SendSec : 39937.643 	 SendDropSec : 0.000
Total Time : 1303.977 	 TPS : 96.463 	 RecvSec : 56.270 	 SendSec : 56214.103 	 SendDropSec : 0.000
Total Time : 1304.978 	 TPS : 191.785 	 RecvSec : 106.880 	 SendSec : 106773.446 	 SendDropSec : 0.000
Total Time : 1306.189 	 TPS : 50.381 	 RecvSec : 15.692 	 SendSec : 15676.785 	 SendDropSec : 0.000
Total Time : 1308.310 	 TPS : 113.622 	 RecvSec : 59.404 	 SendSec : 59344.512 	 SendDropSec : 0.000
Total Time : 1309.457 	 TPS : 217.072 	 RecvSec : 109.844 	 SendSec : 109733.708 	 SendDropSec : 0.000
Total Time : 1311.034 	 TPS : 74.189 	 RecvSec : 39.948 	 SendSec : 39907.740 	 SendDropSec : 0.000
Total Time : 1312.127 	 TPS : 111.652 	 RecvSec : 57.656 	 SendSec : 57598.674 	 SendDropSec : 0.000
Total Time : 1314.325 	 TPS : 124.667 	 RecvSec : 57.329 	 SendSec : 57271.208 	 SendDropSec : 0.000
Total Time : 1315.325 	 TPS : 188.929 	 RecvSec : 112.958 	 SendSec : 112844.875 	 SendDropSec : 0.000
Total Time : 1317.746 	 TPS : 80.548 	 RecvSec : 31.393 	 SendSec : 31361.550 	 SendDropSec : 0.000
Total Time : 1319.321 	 TPS : 78.126 	 RecvSec : 40.016 	 SendSec : 39975.772 	 SendDropSec : 0.000
Total Time : 1321.112 	 TPS : 74.790 	 RecvSec : 35.163 	 SendSec : 35127.363 	 SendDropSec : 0.000
Total Time : 1322.984 	 TPS : 118.624 	 RecvSec : 67.327 	 SendSec : 67259.643 	 SendDropSec : 0.000
Total Time : 1323.984 	 TPS : 146.917 	 RecvSec : 66.962 	 SendSec : 66895.198 	 SendDropSec : 0.000
Total Time : 1325.050 	 TPS : 89.132 	 RecvSec : 55.356 	 SendSec : 55300.180 	 SendDropSec : 0.000
Total Time : 1326.337 	 TPS : 94.795 	 RecvSec : 48.952 	 SendSec : 48902.702 	 SendDropSec : 0.000
Total Time : 1327.631 	 TPS : 206.384 	 RecvSec : 97.394 	 SendSec : 97297.094 	 SendDropSec : 0.000
Total Time : 1328.819 	 TPS : 219.602 	 RecvSec : 106.015 	 SendSec : 105908.759 	 SendDropSec : 0.000
Total Time : 1329.820 	 TPS : 123.887 	 RecvSec : 65.940 	 SendSec : 65873.758 	 SendDropSec : 0.000
Total Time : 1331.437 	 TPS : 158.366 	 RecvSec : 76.090 	 SendSec : 76013.622 	 SendDropSec : 0.000
Total Time : 1333.076 	 TPS : 71.380 	 RecvSec : 38.435 	 SendSec : 38396.867 	 SendDropSec : 0.000
Total Time : 1334.200 	 TPS : 112.095 	 RecvSec : 56.047 	 SendSec : 55991.371 	 SendDropSec : 0.000
Total Time : 1335.529 	 TPS : 97.857 	 RecvSec : 47.423 	 SendSec : 47375.823 	 SendDropSec : 0.000
Total Time : 1337.367 	 TPS : 64.715 	 RecvSec : 34.261 	 SendSec : 34226.536 	 SendDropSec : 0.000
Total Time : 1338.450 	 TPS : 120.040 	 RecvSec : 58.173 	 SendSec : 58114.867 	 SendDropSec : 0.000
Total Time : 1340.429 	 TPS : 63.172 	 RecvSec : 31.839 	 SendSec : 31806.779 	 SendDropSec : 0.000
Total Time : 1341.952 	 TPS : 68.963 	 RecvSec : 41.378 	 SendSec : 41336.514 	 SendDropSec : 0.000
Total Time : 1343.286 	 TPS : 98.945 	 RecvSec : 47.224 	 SendSec : 47176.752 	 SendDropSec : 0.000
Total Time : 1345.136 	 TPS : 69.168 	 RecvSec : 34.044 	 SendSec : 34009.468 	 SendDropSec : 0.000
Total Time : 1346.845 	 TPS : 71.418 	 RecvSec : 36.880 	 SendSec : 36842.845 	 SendDropSec : 0.000
Total Time : 1348.485 	 TPS : 60.338 	 RecvSec : 38.397 	 SendSec : 38358.322 	 SendDropSec : 0.000
Total Time : 1349.832 	 TPS : 82.446 	 RecvSec : 46.794 	 SendSec : 46747.052 	 SendDropSec : 0.000
Total Time : 1350.970 	 TPS : 112.486 	 RecvSec : 55.364 	 SendSec : 55308.906 	 SendDropSec : 0.000
Total Time : 1352.370 	 TPS : 87.797 	 RecvSec : 44.969 	 SendSec : 44924.403 	 SendDropSec : 0.000
Total Time : 1354.996 	 TPS : 90.264 	 RecvSec : 47.988 	 SendSec : 47940.217 	 SendDropSec : 0.000
Total Time : 1356.908 	 TPS : 59.631 	 RecvSec : 32.954 	 SendSec : 32920.972 	 SendDropSec : 0.000
Total Time : 1358.291 	 TPS : 78.107 	 RecvSec : 45.562 	 SendSec : 45516.702 	 SendDropSec : 0.000
Total Time : 1359.855 	 TPS : 152.141 	 RecvSec : 80.545 	 SendSec : 80464.636 	 SendDropSec : 0.000
Total Time : 1361.578 	 TPS : 74.884 	 RecvSec : 36.571 	 SendSec : 36534.686 	 SendDropSec : 0.000
Total Time : 1362.683 	 TPS : 237.848 	 RecvSec : 113.950 	 SendSec : 113836.043 	 SendDropSec : 0.000
Total Time : 1364.462 	 TPS : 141.101 	 RecvSec : 70.831 	 SendSec : 70760.516 	 SendDropSec : 0.000
Total Time : 1366.330 	 TPS : 57.298 	 RecvSec : 33.736 	 SendSec : 33702.358 	 SendDropSec : 0.000
Total Time : 1367.920 	 TPS : 155.266 	 RecvSec : 79.205 	 SendSec : 79125.490 	 SendDropSec : 0.000
Total Time : 1369.539 	 TPS : 65.511 	 RecvSec : 38.936 	 SendSec : 38896.876 	 SendDropSec : 0.000
Total Time : 1371.062 	 TPS : 72.189 	 RecvSec : 41.344 	 SendSec : 41303.071 	 SendDropSec : 0.000
Total Time : 1372.765 	 TPS : 61.076 	 RecvSec : 36.998 	 SendSec : 36960.970 	 SendDropSec : 0.000
Total Time : 1374.953 	 TPS : 115.154 	 RecvSec : 57.577 	 SendSec : 57519.237 	 SendDropSec : 0.000
Total Time : 1375.954 	 TPS : 159.941 	 RecvSec : 72.973 	 SendSec : 72900.027 	 SendDropSec : 0.000
Total Time : 1378.789 	 TPS : 71.946 	 RecvSec : 40.911 	 SendSec : 40869.793 	 SendDropSec : 0.000
Total Time : 1379.789 	 TPS : 128.985 	 RecvSec : 66.992 	 SendSec : 66925.009 	 SendDropSec : 0.000
Total Time : 1381.340 	 TPS : 145.094 	 RecvSec : 78.673 	 SendSec : 78594.616 	 SendDropSec : 0.000
Total Time : 1383.145 	 TPS : 67.056 	 RecvSec : 34.914 	 SendSec : 34878.704 	 SendDropSec : 0.000
Total Time : 1384.561 	 TPS : 84.038 	 RecvSec : 44.491 	 SendSec : 44446.183 	 SendDropSec : 0.000
Total Time : 1386.172 	 TPS : 146.442 	 RecvSec : 78.185 	 SendSec : 78106.821 	 SendDropSec : 0.000
Total Time : 1387.805 	 TPS : 78.369 	 RecvSec : 38.572 	 SendSec : 38533.693 	 SendDropSec : 0.000
Total Time : 1388.948 	 TPS : 102.412 	 RecvSec : 55.145 	 SendSec : 55089.872 	 SendDropSec : 0.000
Total Time : 1390.327 	 TPS : 166.783 	 RecvSec : 91.368 	 SendSec : 91276.951 	 SendDropSec : 0.000
Total Time : 1391.585 	 TPS : 103.313 	 RecvSec : 50.067 	 SendSec : 50016.820 	 SendDropSec : 0.000
Total Time : 1392.978 	 TPS : 94.028 	 RecvSec : 45.219 	 SendSec : 45174.240 	 SendDropSec : 0.000
Total Time : 1394.584 	 TPS : 74.137 	 RecvSec : 39.249 	 SendSec : 39209.637 	 SendDropSec : 0.000
Total Time : 1395.820 	 TPS : 103.562 	 RecvSec : 50.972 	 SendSec : 50921.139 	 SendDropSec : 0.000
Total Time : 1398.081 	 TPS : 92.876 	 RecvSec : 55.725 	 SendSec : 55669.689 	 SendDropSec : 0.000
Total Time : 1399.224 	 TPS : 97.109 	 RecvSec : 55.116 	 SendSec : 55061.041 	 SendDropSec : 0.000
Total Time : 1400.771 	 TPS : 76.895 	 RecvSec : 40.709 	 SendSec : 40668.289 	 SendDropSec : 0.000
Total Time : 1401.929 	 TPS : 89.806 	 RecvSec : 54.402 	 SendSec : 54347.422 	 SendDropSec : 0.000
Total Time : 1403.732 	 TPS : 65.445 	 RecvSec : 34.387 	 SendSec : 34352.172 	 SendDropSec : 0.000
Total Time : 1405.222 	 TPS : 87.242 	 RecvSec : 42.950 	 SendSec : 42906.862 	 SendDropSec : 0.000
Total Time : 1406.291 	 TPS : 99.167 	 RecvSec : 58.939 	 SendSec : 58880.234 	 SendDropSec : 0.000
Total Time : 1407.291 	 TPS : 219.986 	 RecvSec : 123.992 	 SendSec : 123868.221 	 SendDropSec : 0.000
Total Time : 1408.439 	 TPS : 124.563 	 RecvSec : 56.620 	 SendSec : 56563.037 	 SendDropSec : 0.000
Total Time : 1410.139 	 TPS : 67.095 	 RecvSec : 37.079 	 SendSec : 37041.602 	 SendDropSec : 0.000
Total Time : 1411.317 	 TPS : 100.994 	 RecvSec : 53.467 	 SendSec : 53413.936 	 SendDropSec : 0.000
Total Time : 1413.174 	 TPS : 61.370 	 RecvSec : 33.915 	 SendSec : 33881.341 	 SendDropSec : 0.000
Total Time : 1415.866 	 TPS : 76.150 	 RecvSec : 46.805 	 SendSec : 46757.847 	 SendDropSec : 0.000
Total Time : 1416.867 	 TPS : 206.856 	 RecvSec : 119.916 	 SendSec : 119796.526 	 SendDropSec : 0.000
Total Time : 1419.376 	 TPS : 62.187 	 RecvSec : 27.506 	 SendSec : 27478.471 	 SendDropSec : 0.000
Total Time : 1420.380 	 TPS : 123.497 	 RecvSec : 62.744 	 SendSec : 62681.648 	 SendDropSec : 0.000
Total Time : 1422.083 	 TPS : 62.228 	 RecvSec : 36.984 	 SendSec : 36947.455 	 SendDropSec : 0.000
Total Time : 1423.153 	 TPS : 104.664 	 RecvSec : 58.874 	 SendSec : 58814.751 	 SendDropSec : 0.000
Total Time : 1424.183 	 TPS : 98.111 	 RecvSec : 61.198 	 SendSec : 61136.832 	 SendDropSec : 0.000
Total Time : 1425.257 	 TPS : 90.317 	 RecvSec : 58.659 	 SendSec : 58600.630 	 SendDropSec : 0.000
Total Time : 1426.488 	 TPS : 72.264 	 RecvSec : 51.153 	 SendSec : 51102.275 	 SendDropSec : 0.000
Total Time : 1428.451 	 TPS : 117.717 	 RecvSec : 64.209 	 SendSec : 64144.919 	 SendDropSec : 0.000
Total Time : 1429.815 	 TPS : 91.619 	 RecvSec : 46.176 	 SendSec : 46129.625 	 SendDropSec : 0.000
Total Time : 1432.319 	 TPS : 91.836 	 RecvSec : 50.310 	 SendSec : 50260.059 	 SendDropSec : 0.000
Total Time : 1434.229 	 TPS : 124.615 	 RecvSec : 65.973 	 SendSec : 65906.862 	 SendDropSec : 0.000
Total Time : 1435.833 	 TPS : 79.206 	 RecvSec : 39.291 	 SendSec : 39252.077 	 SendDropSec : 0.000
Total Time : 1438.056 	 TPS : 112.911 	 RecvSec : 56.680 	 SendSec : 56623.640 	 SendDropSec : 0.000
Total Time : 1439.645 	 TPS : 76.121 	 RecvSec : 39.633 	 SendSec : 39593.761 	 SendDropSec : 0.000
Total Time : 1441.502 	 TPS : 143.835 	 RecvSec : 67.877 	 SendSec : 67809.276 	 SendDropSec : 0.000
Total Time : 1442.913 	 TPS : 92.784 	 RecvSec : 44.621 	 SendSec : 44576.763 	 SendDropSec : 0.000
Total Time : 1444.566 	 TPS : 75.651 	 RecvSec : 37.523 	 SendSec : 37485.480 	 SendDropSec : 0.000
Total Time : 1445.567 	 TPS : 112.890 	 RecvSec : 67.934 	 SendSec : 67865.987 	 SendDropSec : 0.000
Total Time : 1447.419 	 TPS : 45.352 	 RecvSec : 31.854 	 SendSec : 31822.269 	 SendDropSec : 0.000
Total Time : 1448.640 	 TPS : 90.062 	 RecvSec : 51.581 	 SendSec : 51529.443 	 SendDropSec : 0.000
Total Time : 1450.488 	 TPS : 73.604 	 RecvSec : 34.096 	 SendSec : 34061.741 	 SendDropSec : 0.000
Total Time : 1451.667 	 TPS : 100.969 	 RecvSec : 53.454 	 SendSec : 53400.490 	 SendDropSec : 0.000
Total Time : 1453.187 	 TPS : 172.317 	 RecvSec : 82.870 	 SendSec : 82787.131 	 SendDropSec : 0.000
Total Time : 1454.953 	 TPS : 56.642 	 RecvSec : 35.684 	 SendSec : 35648.535 	 SendDropSec : 0.000
Total Time : 1456.496 	 TPS : 136.699 	 RecvSec : 81.630 	 SendSec : 81548.833 	 SendDropSec : 0.000
Total Time : 1457.683 	 TPS : 99.422 	 RecvSec : 53.081 	 SendSec : 53028.105 	 SendDropSec : 0.000
Total Time : 1459.101 	 TPS : 88.869 	 RecvSec : 44.435 	 SendSec : 44390.120 	 SendDropSec : 0.000
Total Time : 1460.101 	 TPS : 236.944 	 RecvSec : 123.970 	 SendSec : 123846.525 	 SendDropSec : 0.000
Total Time : 1461.261 	 TPS : 18.967 	 RecvSec : 1.724 	 SendSec : 1722.511 	 SendDropSec : 0.000
Total Time : 1463.260 	 TPS : 108.538 	 RecvSec : 63.022 	 SendSec : 62959.329 	 SendDropSec : 0.000
Total Time : 1464.841 	 TPS : 58.818 	 RecvSec : 39.844 	 SendSec : 39804.583 	 SendDropSec : 0.000
Total Time : 1465.971 	 TPS : 98.242 	 RecvSec : 55.759 	 SendSec : 55703.090 	 SendDropSec : 0.000
Total Time : 1467.103 	 TPS : 85.711 	 RecvSec : 55.668 	 SendSec : 55612.082 	 SendDropSec : 0.000
Total Time : 1468.256 	 TPS : 70.255 	 RecvSec : 54.643 	 SendSec : 54588.493 	 SendDropSec : 0.000
Total Time : 1469.928 	 TPS : 43.070 	 RecvSec : 37.686 	 SendSec : 37648.335 	 SendDropSec : 0.000
Total Time : 1470.928 	 TPS : 199.911 	 RecvSec : 119.947 	 SendSec : 119826.785 	 SendDropSec : 0.000
Total Time : 1472.764 	 TPS : 19.060 	 RecvSec : 3.267 	 SendSec : 3264.085 	 SendDropSec : 0.000
Total Time : 1473.765 	 TPS : 120.986 	 RecvSec : 63.993 	 SendSec : 63928.687 	 SendDropSec : 0.000
Total Time : 1474.934 	 TPS : 101.751 	 RecvSec : 53.013 	 SendSec : 52960.053 	 SendDropSec : 0.000
Total Time : 1476.669 	 TPS : 60.505 	 RecvSec : 36.303 	 SendSec : 36266.882 	 SendDropSec : 0.000
Total Time : 1478.313 	 TPS : 71.180 	 RecvSec : 38.328 	 SendSec : 38289.224 	 SendDropSec : 0.000
Total Time : 1479.447 	 TPS : 96.161 	 RecvSec : 55.579 	 SendSec : 55523.610 	 SendDropSec : 0.000
Total Time : 1481.340 	 TPS : 58.105 	 RecvSec : 33.278 	 SendSec : 33244.770 	 SendDropSec : 0.000
Total Time : 1482.615 	 TPS : 74.498 	 RecvSec : 49.404 	 SendSec : 49354.406 	 SendDropSec : 0.000
Total Time : 1484.860 	 TPS : 103.358 	 RecvSec : 56.134 	 SendSec : 56077.712 	 SendDropSec : 0.000
Total Time : 1487.520 	 TPS : 80.808 	 RecvSec : 47.357 	 SendSec : 47310.081 	 SendDropSec : 0.000
Total Time : 1488.521 	 TPS : 171.917 	 RecvSec : 113.945 	 SendSec : 113831.259 	 SendDropSec : 0.000
Total Time : 1489.865 	 TPS : 113.842 	 RecvSec : 55.805 	 SendSec : 55749.137 	 SendDropSec : 0.000
Total Time : 1490.865 	 TPS : 183.994 	 RecvSec : 124.996 	 SendSec : 124871.054 	 SendDropSec : 0.000
Total Time : 1492.794 	 TPS : 62.703 	 RecvSec : 33.165 	 SendSec : 33132.191 	 SendDropSec : 0.000
Total Time : 1494.560 	 TPS : 53.246 	 RecvSec : 35.686 	 SendSec : 35650.752 	 SendDropSec : 0.000
Total Time : 1497.398 	 TPS : 64.474 	 RecvSec : 44.392 	 SendSec : 44347.571 	 SendDropSec : 0.000
Total Time : 1498.649 	 TPS : 62.374 	 RecvSec : 50.379 	 SendSec : 50328.667 	 SendDropSec : 0.000
Total Time : 1500.070 	 TPS : 76.681 	 RecvSec : 44.320 	 SendSec : 44276.167 	 SendDropSec : 0.000
Total Time : 1501.151 	 TPS : 104.506 	 RecvSec : 58.264 	 SendSec : 58206.047 	 SendDropSec : 0.000
Total Time : 1503.422 	 TPS : 100.410 	 RecvSec : 55.490 	 SendSec : 55434.112 	 SendDropSec : 0.000
Total Time : 1504.902 	 TPS : 75.695 	 RecvSec : 42.578 	 SendSec : 42535.864 	 SendDropSec : 0.000
Total Time : 1507.065 	 TPS : 96.623 	 RecvSec : 58.251 	 SendSec : 58193.088 	 SendDropSec : 0.000
Total Time : 1509.099 	 TPS : 93.890 	 RecvSec : 61.938 	 SendSec : 61876.167 	 SendDropSec : 0.000
Total Time : 1510.722 	 TPS : 67.176 	 RecvSec : 38.826 	 SendSec : 38787.452 	 SendDropSec : 0.000
Total Time : 1511.983 	 TPS : 79.284 	 RecvSec : 49.949 	 SendSec : 49898.790 	 SendDropSec : 0.000
Total Time : 1513.418 	 TPS : 69.012 	 RecvSec : 43.917 	 SendSec : 43872.863 	 SendDropSec : 0.000
Total Time : 1514.535 	 TPS : 84.101 	 RecvSec : 56.366 	 SendSec : 56309.290 	 SendDropSec : 0.000
Total Time : 1515.536 	 TPS : 84.972 	 RecvSec : 62.979 	 SendSec : 62916.043 	 SendDropSec : 0.000
Total Time : 1517.190 	 TPS : 50.786 	 RecvSec : 38.090 	 SendSec : 38051.657 	 SendDropSec : 0.000
Total Time : 1519.268 	 TPS : 79.866 	 RecvSec : 60.621 	 SendSec : 60560.611 	 SendDropSec : 0.000
Total Time : 1520.322 	 TPS : 74.956 	 RecvSec : 59.775 	 SendSec : 59714.966 	 SendDropSec : 0.000
Total Time : 1522.193 	 TPS : 47.025 	 RecvSec : 33.666 	 SendSec : 33632.215 	 SendDropSec : 0.000
Total Time : 1523.947 	 TPS : 49.047 	 RecvSec : 35.930 	 SendSec : 35893.859 	 SendDropSec : 0.000
Total Time : 1524.947 	 TPS : 134.927 	 RecvSec : 109.940 	 SendSec : 109830.428 	 SendDropSec : 0.000
Total Time : 1525.948 	 TPS : 51.956 	 RecvSec : 15.987 	 SendSec : 15970.522 	 SendDropSec : 0.000
Total Time : 1527.348 	 TPS : 76.441 	 RecvSec : 45.008 	 SendSec : 44962.576 	 SendDropSec : 0.000
Total Time : 1528.609 	 TPS : 81.704 	 RecvSec : 49.974 	 SendSec : 49924.455 	 SendDropSec : 0.000
Total Time : 1529.657 	 TPS : 70.567 	 RecvSec : 60.077 	 SendSec : 60016.947 	 SendDropSec : 0.000
Total Time : 1530.949 	 TPS : 58.040 	 RecvSec : 48.754 	 SendSec : 48704.789 	 SendDropSec : 0.000
Total Time : 1532.383 	 TPS : 70.439 	 RecvSec : 43.937 	 SendSec : 43893.535 	 SendDropSec : 0.000
Total Time : 1533.486 	 TPS : 69.799 	 RecvSec : 57.108 	 SendSec : 57050.858 	 SendDropSec : 0.000
Total Time : 1535.198 	 TPS : 32.715 	 RecvSec : 36.804 	 SendSec : 36767.217 	 SendDropSec : 0.000
Total Time : 1536.367 	 TPS : 81.291 	 RecvSec : 53.909 	 SendSec : 53854.885 	 SendDropSec : 0.000
Total Time : 1538.365 	 TPS : 41.531 	 RecvSec : 31.524 	 SendSec : 31492.351 	 SendDropSec : 0.000
Total Time : 1540.763 	 TPS : 85.499 	 RecvSec : 52.551 	 SendSec : 52498.145 	 SendDropSec : 0.000
Total Time : 1542.195 	 TPS : 76.841 	 RecvSec : 44.009 	 SendSec : 43965.141 	 SendDropSec : 0.000
Total Time : 1543.569 	 TPS : 66.931 	 RecvSec : 45.834 	 SendSec : 45787.692 	 SendDropSec : 0.000
Total Time : 1545.519 	 TPS : 48.712 	 RecvSec : 32.304 	 SendSec : 32271.755 	 SendDropSec : 0.000
Total Time : 1546.619 	 TPS : 92.750 	 RecvSec : 57.287 	 SendSec : 57229.632 	 SendDropSec : 0.000
Total Time : 1548.563 	 TPS : 48.360 	 RecvSec : 32.411 	 SendSec : 32378.996 	 SendDropSec : 0.000
Total Time : 1551.151 	 TPS : 60.658 	 RecvSec : 48.681 	 SendSec : 48631.990 	 SendDropSec : 0.000
Total Time : 1553.119 	 TPS : 47.767 	 RecvSec : 32.014 	 SendSec : 31981.738 	 SendDropSec : 0.000
Total Time : 1554.513 	 TPS : 43.055 	 RecvSec : 45.208 	 SendSec : 45162.810 	 SendDropSec : 0.000
Total Time : 1556.379 	 TPS : 42.321 	 RecvSec : 33.750 	 SendSec : 33716.208 	 SendDropSec : 0.000
Total Time : 1558.373 	 TPS : 90.297 	 RecvSec : 63.208 	 SendSec : 63144.971 	 SendDropSec : 0.000
Total Time : 1560.509 	 TPS : 82.835 	 RecvSec : 58.968 	 SendSec : 58908.625 	 SendDropSec : 0.000
Total Time : 1561.820 	 TPS : 52.637 	 RecvSec : 48.060 	 SendSec : 48011.655 	 SendDropSec : 0.000
Total Time : 1563.410 	 TPS : 52.195 	 RecvSec : 39.618 	 SendSec : 39578.140 	 SendDropSec : 0.000
Total Time : 1565.155 	 TPS : 44.702 	 RecvSec : 36.105 	 SendSec : 36069.360 	 SendDropSec : 0.000
Total Time : 1567.450 	 TPS : 44.444 	 RecvSec : 54.902 	 SendSec : 54847.025 	 SendDropSec : 0.000
Total Time : 1568.610 	 TPS : 39.676 	 RecvSec : 54.339 	 SendSec : 54284.478 	 SendDropSec : 0.000
Total Time : 1569.969 	 TPS : 49.289 	 RecvSec : 46.347 	 SendSec : 46300.308 	 SendDropSec : 0.000
Total Time : 1571.858 	 TPS : 51.352 	 RecvSec : 33.352 	 SendSec : 33318.985 	 SendDropSec : 0.000
Total Time : 1573.263 	 TPS : 108.161 	 RecvSec : 89.660 	 SendSec : 89570.298 	 SendDropSec : 0.000
Total Time : 1575.295 	 TPS : 80.244 	 RecvSec : 62.029 	 SendSec : 61966.865 	 SendDropSec : 0.000
Total Time : 1576.708 	 TPS : 47.410 	 RecvSec : 44.580 	 SendSec : 44535.347 	 SendDropSec : 0.000
Total Time : 1577.779 	 TPS : 90.569 	 RecvSec : 58.823 	 SendSec : 58764.058 	 SendDropSec : 0.000
Total Time : 1579.675 	 TPS : 39.556 	 RecvSec : 33.227 	 SendSec : 33193.825 	 SendDropSec : 0.000
Total Time : 1581.662 	 TPS : 37.736 	 RecvSec : 31.699 	 SendSec : 31666.947 	 SendDropSec : 0.000
Total Time : 1583.355 	 TPS : 89.825 	 RecvSec : 74.461 	 SendSec : 74386.086 	 SendDropSec : 0.000
Total Time : 1584.747 	 TPS : 54.587 	 RecvSec : 45.249 	 SendSec : 45204.211 	 SendDropSec : 0.000
Total Time : 1585.933 	 TPS : 62.402 	 RecvSec : 53.126 	 SendSec : 53072.849 	 SendDropSec : 0.000
Total Time : 1587.314 	 TPS : 60.078 	 RecvSec : 45.602 	 SendSec : 45556.149 	 SendDropSec : 0.000
Total Time : 1589.179 	 TPS : 84.721 	 RecvSec : 67.562 	 SendSec : 67494.365 	 SendDropSec : 0.000
Total Time : 1590.245 	 TPS : 72.274 	 RecvSec : 59.134 	 SendSec : 59074.536 	 SendDropSec : 0.000
Total Time : 1591.577 	 TPS : 39.019 	 RecvSec : 47.273 	 SendSec : 47225.331 	 SendDropSec : 0.000
Total Time : 1593.006 	 TPS : 45.484 	 RecvSec : 44.085 	 SendSec : 44040.826 	 SendDropSec : 0.000
Total Time : 1594.897 	 TPS : 38.617 	 RecvSec : 33.327 	 SendSec : 33293.347 	 SendDropSec : 0.000
Total Time : 1595.897 	 TPS : 164.925 	 RecvSec : 124.943 	 SendSec : 124818.133 	 SendDropSec : 0.000
Total Time : 1597.593 	 TPS : 45.404 	 RecvSec : 37.739 	 SendSec : 37700.819 	 SendDropSec : 0.000
Total Time : 1599.415 	 TPS : 34.581 	 RecvSec : 34.581 	 SendSec : 34546.542 	 SendDropSec : 0.000
Total Time : 1600.935 	 TPS : 33.550 	 RecvSec : 41.444 	 SendSec : 41402.696 	 SendDropSec : 0.000
Total Time : 1602.209 	 TPS : 40.024 	 RecvSec : 49.441 	 SendSec : 49391.593 	 SendDropSec : 0.000
Total Time : 1604.797 	 TPS : 50.612 	 RecvSec : 48.681 	 SendSec : 48632.041 	 SendDropSec : 0.000
Total Time : 1606.109 	 TPS : 121.198 	 RecvSec : 96.044 	 SendSec : 95947.467 	 SendDropSec : 0.000
Total Time : 1608.271 	 TPS : 78.165 	 RecvSec : 58.277 	 SendSec : 58218.471 	 SendDropSec : 0.000
Total Time : 1609.272 	 TPS : 136.896 	 RecvSec : 112.914 	 SendSec : 112801.181 	 SendDropSec : 0.000
Total Time : 1610.272 	 TPS : 2971.326 	 RecvSec : 11.997 	 SendSec : 11985.282 	 SendDropSec : 0.000
Total Time : 1611.708 	 TPS : 521.132 	 RecvSec : 44.589 	 SendSec : 44544.243 	 SendDropSec : 0.000
Total Time : 1613.419 	 TPS : 104.019 	 RecvSec : 73.631 	 SendSec : 73557.823 	 SendDropSec : 0.000
Total Time : 1615.081 	 TPS : 51.746 	 RecvSec : 37.907 	 SendSec : 37868.928 	 SendDropSec : 0.000
Total Time : 1616.774 	 TPS : 46.064 	 RecvSec : 37.205 	 SendSec : 37168.210 	 SendDropSec : 0.000
Total Time : 1618.322 	 TPS : 46.530 	 RecvSec : 40.713 	 SendSec : 40672.673 	 SendDropSec : 0.000
Total Time : 1619.925 	 TPS : 33.054 	 RecvSec : 39.291 	 SendSec : 39251.884 	 SendDropSec : 0.000
Total Time : 1621.399 	 TPS : 147.917 	 RecvSec : 85.493 	 SendSec : 85407.575 	 SendDropSec : 0.000
Total Time : 1623.044 	 TPS : 48.642 	 RecvSec : 38.305 	 SendSec : 38267.072 	 SendDropSec : 0.000
Total Time : 1624.243 	 TPS : 70.044 	 RecvSec : 52.533 	 SendSec : 52480.694 	 SendDropSec : 0.000
Total Time : 1625.516 	 TPS : 61.269 	 RecvSec : 49.487 	 SendSec : 49437.413 	 SendDropSec : 0.000
Total Time : 1626.879 	 TPS : 71.887 	 RecvSec : 46.213 	 SendSec : 46166.633 	 SendDropSec : 0.000
Total Time : 1628.891 	 TPS : 87.475 	 RecvSec : 62.624 	 SendSec : 62561.475 	 SendDropSec : 0.000
Total Time : 1629.933 	 TPS : 71.014 	 RecvSec : 60.458 	 SendSec : 60397.195 	 SendDropSec : 0.000
Total Time : 1631.638 	 TPS : 58.670 	 RecvSec : 36.962 	 SendSec : 36925.212 	 SendDropSec : 0.000
Total Time : 1634.165 	 TPS : 60.529 	 RecvSec : 49.847 	 SendSec : 49797.426 	 SendDropSec : 0.000
Total Time : 1635.166 	 TPS : 166.908 	 RecvSec : 124.931 	 SendSec : 124805.932 	 SendDropSec : 0.000
Total Time : 1636.787 	 TPS : 8.021 	 RecvSec : 0.617 	 SendSec : 616.367 	 SendDropSec : 0.000
Total Time : 1638.727 	 TPS : 48.456 	 RecvSec : 32.476 	 SendSec : 32443.029 	 SendDropSec : 0.000
Total Time : 1639.948 	 TPS : 63.034 	 RecvSec : 51.573 	 SendSec : 51521.546 	 SendDropSec : 0.000
Total Time : 1641.686 	 TPS : 77.092 	 RecvSec : 72.490 	 SendSec : 72417.043 	 SendDropSec : 0.000
Total Time : 1642.689 	 TPS : 85.786 	 RecvSec : 63.840 	 SendSec : 63776.597 	 SendDropSec : 0.000
Total Time : 1643.689 	 TPS : 105.982 	 RecvSec : 95.984 	 SendSec : 95888.035 	 SendDropSec : 0.000
Total Time : 1645.131 	 TPS : 26.348 	 RecvSec : 20.108 	 SendSec : 20087.716 	 SendDropSec : 0.000
Total Time : 1646.728 	 TPS : 51.980 	 RecvSec : 39.454 	 SendSec : 39414.866 	 SendDropSec : 0.000
Total Time : 1648.252 	 TPS : 85.290 	 RecvSec : 82.666 	 SendSec : 82583.510 	 SendDropSec : 0.000
Total Time : 1649.795 	 TPS : 92.678 	 RecvSec : 81.012 	 SendSec : 80930.819 	 SendDropSec : 0.000
Total Time : 1651.354 	 TPS : 46.831 	 RecvSec : 41.058 	 SendSec : 41016.598 	 SendDropSec : 0.000
Total Time : 1653.023 	 TPS : 47.937 	 RecvSec : 37.751 	 SendSec : 37712.896 	 SendDropSec : 0.000
Total Time : 1654.684 	 TPS : 85.500 	 RecvSec : 75.866 	 SendSec : 75790.140 	 SendDropSec : 0.000
Total Time : 1656.449 	 TPS : 54.935 	 RecvSec : 35.680 	 SendSec : 35644.077 	 SendDropSec : 0.000
Total Time : 1657.864 	 TPS : 72.085 	 RecvSec : 44.523 	 SendSec : 44478.486 	 SendDropSec : 0.000
Total Time : 1659.795 	 TPS : 42.482 	 RecvSec : 32.638 	 SendSec : 32605.756 	 SendDropSec : 0.000
Total Time : 1661.548 	 TPS : 95.839 	 RecvSec : 71.880 	 SendSec : 71807.740 	 SendDropSec : 0.000
Total Time : 1662.808 	 TPS : 67.450 	 RecvSec : 49.992 	 SendSec : 49942.231 	 SendDropSec : 0.000
Total Time : 1664.761 	 TPS : 49.666 	 RecvSec : 32.257 	 SendSec : 32224.952 	 SendDropSec : 0.000
Total Time : 1666.450 	 TPS : 105.401 	 RecvSec : 74.609 	 SendSec : 74534.828 	 SendDropSec : 0.000
Total Time : 1668.249 	 TPS : 47.245 	 RecvSec : 35.017 	 SendSec : 34981.677 	 SendDropSec : 0.000
Total Time : 1670.073 	 TPS : 44.951 	 RecvSec : 34.536 	 SendSec : 34501.151 	 SendDropSec : 0.000
Total Time : 1671.245 	 TPS : 144.986 	 RecvSec : 107.460 	 SendSec : 107352.386 	 SendDropSec : 0.000
Total Time : 1672.608 	 TPS : 38.177 	 RecvSec : 46.252 	 SendSec : 46206.222 	 SendDropSec : 0.000
Total Time : 1673.692 	 TPS : 78.365 	 RecvSec : 58.083 	 SendSec : 58024.576 	 SendDropSec : 0.000
Total Time : 1675.571 	 TPS : 43.119 	 RecvSec : 33.537 	 SendSec : 33503.720 	 SendDropSec : 0.000
Total Time : 1677.180 	 TPS : 123.022 	 RecvSec : 78.287 	 SendSec : 78208.685 	 SendDropSec : 0.000
Total Time : 1678.288 	 TPS : 74.930 	 RecvSec : 56.874 	 SendSec : 56817.407 	 SendDropSec : 0.000
Total Time : 1679.552 	 TPS : 57.757 	 RecvSec : 49.845 	 SendSec : 49795.062 	 SendDropSec : 0.000
Total Time : 1680.553 	 TPS : 150.892 	 RecvSec : 119.914 	 SendSec : 119794.191 	 SendDropSec : 0.000
Total Time : 1683.034 	 TPS : 42.313 	 RecvSec : 27.805 	 SendSec : 27777.619 	 SendDropSec : 0.000
Total Time : 1684.035 	 TPS : 161.845 	 RecvSec : 121.883 	 SendSec : 121761.085 	 SendDropSec : 0.000
Total Time : 1686.202 	 TPS : 56.304 	 RecvSec : 30.921 	 SendSec : 30889.964 	 SendDropSec : 0.000
Total Time : 1688.200 	 TPS : 49.545 	 RecvSec : 31.529 	 SendSec : 31497.145 	 SendDropSec : 0.000
Total Time : 1689.219 	 TPS : 86.400 	 RecvSec : 61.855 	 SendSec : 61792.650 	 SendDropSec : 0.000
Total Time : 1690.220 	 TPS : 145.772 	 RecvSec : 112.824 	 SendSec : 112710.810 	 SendDropSec : 0.000
Total Time : 1692.689 	 TPS : 59.548 	 RecvSec : 30.787 	 SendSec : 30755.817 	 SendDropSec : 0.000
Total Time : 1694.127 	 TPS : 66.053 	 RecvSec : 43.803 	 SendSec : 43759.476 	 SendDropSec : 0.000
Total Time : 1695.215 	 TPS : 133.276 	 RecvSec : 57.906 	 SendSec : 57848.320 	 SendDropSec : 0.000
Total Time : 1696.911 	 TPS : 89.049 	 RecvSec : 74.306 	 SendSec : 74231.501 	 SendDropSec : 0.000
Total Time : 1698.215 	 TPS : 72.829 	 RecvSec : 48.297 	 SendSec : 48249.089 	 SendDropSec : 0.000
Total Time : 1700.194 	 TPS : 37.396 	 RecvSec : 31.837 	 SendSec : 31805.575 	 SendDropSec : 0.000
Total Time : 1701.750 	 TPS : 49.467 	 RecvSec : 40.473 	 SendSec : 40432.901 	 SendDropSec : 0.000
Total Time : 1704.198 	 TPS : 80.503 	 RecvSec : 51.489 	 SendSec : 51437.823 	 SendDropSec : 0.000
Total Time : 1705.938 	 TPS : 55.745 	 RecvSec : 36.206 	 SendSec : 36169.584 	 SendDropSec : 0.000
Total Time : 1707.458 	 TPS : 63.149 	 RecvSec : 41.441 	 SendSec : 41399.913 	 SendDropSec : 0.000
Total Time : 1709.012 	 TPS : 54.698 	 RecvSec : 40.541 	 SendSec : 40500.224 	 SendDropSec : 0.000
Total Time : 1710.953 	 TPS : 56.652 	 RecvSec : 32.446 	 SendSec : 32413.915 	 SendDropSec : 0.000
Total Time : 1713.418 	 TPS : 74.666 	 RecvSec : 51.130 	 SendSec : 51078.958 	 SendDropSec : 0.000
Total Time : 1714.419 	 TPS : 135.873 	 RecvSec : 93.912 	 SendSec : 93818.524 	 SendDropSec : 0.000
Total Time : 1715.420 	 TPS : 76.876 	 RecvSec : 51.916 	 SendSec : 51864.426 	 SendDropSec : 0.000
Total Time : 1717.083 	 TPS : 40.908 	 RecvSec : 25.868 	 SendSec : 25842.389 	 SendDropSec : 0.000
Total Time : 1718.117 	 TPS : 97.639 	 RecvSec : 60.903 	 SendSec : 60842.356 	 SendDropSec : 0.000
Total Time : 1719.921 	 TPS : 53.779 	 RecvSec : 34.929 	 SendSec : 34893.617 	 SendDropSec : 0.000
Total Time : 1721.563 	 TPS : 64.559 	 RecvSec : 38.370 	 SendSec : 38331.699 	 SendDropSec : 0.000
Total Time : 1722.824 	 TPS : 76.921 	 RecvSec : 49.959 	 SendSec : 49909.292 	 SendDropSec : 0.000
Total Time : 1724.523 	 TPS : 123.550 	 RecvSec : 74.130 	 SendSec : 74055.614 	 SendDropSec : 0.000
Total Time : 1725.729 	 TPS : 131.917 	 RecvSec : 104.538 	 SendSec : 104433.621 	 SendDropSec : 0.000
Total Time : 1727.144 	 TPS : 60.746 	 RecvSec : 44.500 	 SendSec : 44455.306 	 SendDropSec : 0.000
Total Time : 1728.907 	 TPS : 56.727 	 RecvSec : 35.738 	 SendSec : 35702.426 	 SendDropSec : 0.000
Total Time : 1730.818 	 TPS : 44.483 	 RecvSec : 32.970 	 SendSec : 32937.075 	 SendDropSec : 0.000
Total Time : 1732.569 	 TPS : 46.820 	 RecvSec : 35.972 	 SendSec : 35935.648 	 SendDropSec : 0.000
Total Time : 1734.440 	 TPS : 44.361 	 RecvSec : 33.672 	 SendSec : 33638.039 	 SendDropSec : 0.000
Total Time : 1735.948 	 TPS : 64.334 	 RecvSec : 41.784 	 SendSec : 41742.140 	 SendDropSec : 0.000
Total Time : 1737.533 	 TPS : 52.389 	 RecvSec : 39.765 	 SendSec : 39725.140 	 SendDropSec : 0.000
Total Time : 1738.634 	 TPS : 96.224 	 RecvSec : 57.190 	 SendSec : 57132.576 	 SendDropSec : 0.000
Total Time : 1740.093 	 TPS : 64.440 	 RecvSec : 43.189 	 SendSec : 43145.473 	 SendDropSec : 0.000
Total Time : 1741.796 	 TPS : 114.478 	 RecvSec : 73.970 	 SendSec : 73896.389 	 SendDropSec : 0.000
Total Time : 1743.829 	 TPS : 101.826 	 RecvSec : 61.981 	 SendSec : 61919.243 	 SendDropSec : 0.000
Total Time : 1745.506 	 TPS : 57.242 	 RecvSec : 37.565 	 SendSec : 37527.807 	 SendDropSec : 0.000
Total Time : 1747.379 	 TPS : 52.854 	 RecvSec : 33.634 	 SendSec : 33600.691 	 SendDropSec : 0.000
Total Time : 1748.530 	 TPS : 81.663 	 RecvSec : 54.732 	 SendSec : 54677.124 	 SendDropSec : 0.000
Total Time : 1749.559 	 TPS : 87.500 	 RecvSec : 61.250 	 SendSec : 61188.436 	 SendDropSec : 0.000
Total Time : 1751.825 	 TPS : 82.964 	 RecvSec : 55.603 	 SendSec : 55547.855 	 SendDropSec : 0.000
Total Time : 1752.932 	 TPS : 88.501 	 RecvSec : 56.894 	 SendSec : 56836.659 	 SendDropSec : 0.000
Total Time : 1754.385 	 TPS : 66.092 	 RecvSec : 43.373 	 SendSec : 43329.184 	 SendDropSec : 0.000
Total Time : 1756.278 	 TPS : 55.448 	 RecvSec : 33.269 	 SendSec : 33235.300 	 SendDropSec : 0.000
Total Time : 1758.206 	 TPS : 96.495 	 RecvSec : 65.367 	 SendSec : 65302.125 	 SendDropSec : 0.000
Total Time : 1759.213 	 TPS : 81.451 	 RecvSec : 62.578 	 SendSec : 62515.539 	 SendDropSec : 0.000
Total Time : 1760.595 	 TPS : 68.724 	 RecvSec : 45.575 	 SendSec : 45529.287 	 SendDropSec : 0.000
Total Time : 1761.598 	 TPS : 153.607 	 RecvSec : 117.699 	 SendSec : 117580.840 	 SendDropSec : 0.000
Total Time : 1763.515 	 TPS : 70.935 	 RecvSec : 37.032 	 SendSec : 36994.965 	 SendDropSec : 0.000
Total Time : 1765.170 	 TPS : 58.015 	 RecvSec : 38.072 	 SendSec : 38033.997 	 SendDropSec : 0.000
Total Time : 1766.685 	 TPS : 58.075 	 RecvSec : 41.576 	 SendSec : 41534.821 	 SendDropSec : 0.000
Total Time : 1768.681 	 TPS : 91.180 	 RecvSec : 63.124 	 SendSec : 63061.167 	 SendDropSec : 0.000
Total Time : 1770.437 	 TPS : 56.937 	 RecvSec : 35.870 	 SendSec : 35834.149 	 SendDropSec : 0.000
Total Time : 1772.409 	 TPS : 41.600 	 RecvSec : 31.961 	 SendSec : 31929.221 	 SendDropSec : 0.000
Total Time : 1774.076 	 TPS : 52.171 	 RecvSec : 37.779 	 SendSec : 37741.520 	 SendDropSec : 0.000
Total Time : 1775.859 	 TPS : 56.097 	 RecvSec : 35.341 	 SendSec : 35305.835 	 SendDropSec : 0.000
Total Time : 1777.413 	 TPS : 56.630 	 RecvSec : 40.542 	 SendSec : 40501.201 	 SendDropSec : 0.000
Total Time : 1779.892 	 TPS : 74.624 	 RecvSec : 50.825 	 SendSec : 50774.362 	 SendDropSec : 0.000
Total Time : 1782.338 	 TPS : 69.890 	 RecvSec : 51.498 	 SendSec : 51446.066 	 SendDropSec : 0.000
Total Time : 1783.340 	 TPS : 210.646 	 RecvSec : 124.790 	 SendSec : 124665.462 	 SendDropSec : 0.000
Total Time : 1785.150 	 TPS : 2.210 	 RecvSec : 0.553 	 SendSec : 552.030 	 SendDropSec : 0.000
Total Time : 1786.150 	 TPS : 122.955 	 RecvSec : 73.973 	 SendSec : 73898.739 	 SendDropSec : 0.000
Total Time : 1787.374 	 TPS : 56.375 	 RecvSec : 42.486 	 SendSec : 42443.344 	 SendDropSec : 0.000
Total Time : 1788.774 	 TPS : 149.984 	 RecvSec : 89.990 	 SendSec : 89900.130 	 SendDropSec : 0.000
Total Time : 1791.193 	 TPS : 72.777 	 RecvSec : 52.102 	 SendSec : 52049.499 	 SendDropSec : 0.000
Total Time : 1792.418 	 TPS : 166.522 	 RecvSec : 102.852 	 SendSec : 102748.666 	 SendDropSec : 0.000
Total Time : 1794.224 	 TPS : 94.674 	 RecvSec : 69.760 	 SendSec : 69690.119 	 SendDropSec : 0.000
Total Time : 1795.672 	 TPS : 61.446 	 RecvSec : 43.496 	 SendSec : 43452.217 	 SendDropSec : 0.000
Total Time : 1797.347 	 TPS : 106.317 	 RecvSec : 75.258 	 SendSec : 75182.585 	 SendDropSec : 0.000
Total Time : 1799.162 	 TPS : 56.191 	 RecvSec : 34.706 	 SendSec : 34671.769 	 SendDropSec : 0.000
Total Time : 1800.279 	 TPS : 84.157 	 RecvSec : 56.403 	 SendSec : 56346.429 	 SendDropSec : 0.000
Total Time : 1801.899 	 TPS : 58.634 	 RecvSec : 38.883 	 SendSec : 38844.552 	 SendDropSec : 0.000
Total Time : 1803.693 	 TPS : 49.614 	 RecvSec : 35.120 	 SendSec : 35084.895 	 SendDropSec : 0.000
Total Time : 1805.347 	 TPS : 53.795 	 RecvSec : 38.080 	 SendSec : 38041.423 	 SendDropSec : 0.000
Total Time : 1807.040 	 TPS : 41.955 	 RecvSec : 37.228 	 SendSec : 37190.709 	 SendDropSec : 0.000
Total Time : 1808.815 	 TPS : 39.417 	 RecvSec : 35.475 	 SendSec : 35439.923 	 SendDropSec : 0.000
Total Time : 1810.079 	 TPS : 163.015 	 RecvSec : 99.708 	 SendSec : 99608.211 	 SendDropSec : 0.000
Total Time : 1811.079 	 TPS : 176.997 	 RecvSec : 123.998 	 SendSec : 123874.216 	 SendDropSec : 0.000
Total Time : 1812.837 	 TPS : 10.238 	 RecvSec : 1.138 	 SendSec : 1136.460 	 SendDropSec : 0.000
Total Time : 1813.838 	 TPS : 192.834 	 RecvSec : 124.893 	 SendSec : 124767.737 	 SendDropSec : 0.000
Total Time : 1814.972 	 TPS : 2.647 	 RecvSec : 0.882 	 SendSec : 881.308 	 SendDropSec : 0.000
Total Time : 1816.179 	 TPS : 178.912 	 RecvSec : 104.365 	 SendSec : 104260.842 	 SendDropSec : 0.000
Total Time : 1817.626 	 TPS : 65.636 	 RecvSec : 43.527 	 SendSec : 43483.470 	 SendDropSec : 0.000
Total Time : 1818.935 	 TPS : 77.963 	 RecvSec : 48.154 	 SendSec : 48105.365 	 SendDropSec : 0.000
Total Time : 1820.865 	 TPS : 43.509 	 RecvSec : 32.632 	 SendSec : 32599.001 	 SendDropSec : 0.000
Total Time : 1821.867 	 TPS : 119.849 	 RecvSec : 73.907 	 SendSec : 73832.698 	 SendDropSec : 0.000
Total Time : 1823.679 	 TPS : 52.425 	 RecvSec : 28.696 	 SendSec : 28667.072 	 SendDropSec : 0.000
Total Time : 1824.683 	 TPS : 108.571 	 RecvSec : 66.736 	 SendSec : 66669.336 	 SendDropSec : 0.000
Total Time : 1826.272 	 TPS : 55.368 	 RecvSec : 37.122 	 SendSec : 37084.804 	 SendDropSec : 0.000
Total Time : 1827.863 	 TPS : 53.414 	 RecvSec : 39.589 	 SendSec : 39549.315 	 SendDropSec : 0.000
Total Time : 1829.479 	 TPS : 120.078 	 RecvSec : 77.989 	 SendSec : 77910.522 	 SendDropSec : 0.000
Total Time : 1831.679 	 TPS : 81.360 	 RecvSec : 57.270 	 SendSec : 57213.052 	 SendDropSec : 0.000
Total Time : 1833.080 	 TPS : 69.243 	 RecvSec : 44.972 	 SendSec : 44927.392 	 SendDropSec : 0.000
Total Time : 1834.612 	 TPS : 109.667 	 RecvSec : 82.251 	 SendSec : 82168.350 	 SendDropSec : 0.000
Total Time : 1836.553 	 TPS : 48.417 	 RecvSec : 32.450 	 SendSec : 32417.079 	 SendDropSec : 0.000
Total Time : 1837.921 	 TPS : 78.964 	 RecvSec : 46.062 	 SendSec : 46016.055 	 SendDropSec : 0.000
Total Time : 1839.875 	 TPS : 50.162 	 RecvSec : 32.247 	 SendSec : 32214.669 	 SendDropSec : 0.000
Total Time : 1840.876 	 TPS : 129.871 	 RecvSec : 70.930 	 SendSec : 70858.850 	 SendDropSec : 0.000
Total Time : 1842.352 	 TPS : 54.188 	 RecvSec : 37.254 	 SendSec : 37217.112 	 SendDropSec : 0.000
Total Time : 1843.669 	 TPS : 71.375 	 RecvSec : 47.837 	 SendSec : 47788.902 	 SendDropSec : 0.000
Total Time : 1845.536 	 TPS : 53.033 	 RecvSec : 33.748 	 SendSec : 33714.685 	 SendDropSec : 0.000
Total Time : 1847.439 	 TPS : 48.350 	 RecvSec : 33.109 	 SendSec : 33075.908 	 SendDropSec : 0.000
Total Time : 1848.596 	 TPS : 85.519 	 RecvSec : 54.421 	 SendSec : 54367.032 	 SendDropSec : 0.000
Total Time : 1849.663 	 TPS : 100.296 	 RecvSec : 59.053 	 SendSec : 58993.475 	 SendDropSec : 0.000
Total Time : 1850.665 	 TPS : 186.541 	 RecvSec : 124.693 	 SendSec : 124568.599 	 SendDropSec : 0.000
Total Time : 1852.204 	 TPS : 3.251 	 RecvSec : 0.000 	 SendSec : 0.000 	 SendDropSec : 0.000
Total Time : 1853.947 	 TPS : 56.780 	 RecvSec : 36.706 	 SendSec : 36669.272 	 SendDropSec : 0.000
Total Time : 1855.734 	 TPS : 111.901 	 RecvSec : 70.497 	 SendSec : 70426.944 	 SendDropSec : 0.000
Total Time : 1857.986 	 TPS : 69.294 	 RecvSec : 55.968 	 SendSec : 55912.187 	 SendDropSec : 0.000
Total Time : 1860.119 	 TPS : 84.838 	 RecvSec : 59.058 	 SendSec : 58999.221 	 SendDropSec : 0.000
Total Time : 1861.471 	 TPS : 145.762 	 RecvSec : 93.228 	 SendSec : 93135.068 	 SendDropSec : 0.000
Total Time : 1863.348 	 TPS : 49.537 	 RecvSec : 33.557 	 SendSec : 33523.470 	 SendDropSec : 0.000
Total Time : 1865.925 	 TPS : 69.858 	 RecvSec : 48.901 	 SendSec : 48851.825 	 SendDropSec : 0.000
Total Time : 1867.668 	 TPS : 48.749 	 RecvSec : 36.131 	 SendSec : 36095.159 	 SendDropSec : 0.000
Total Time : 1869.279 	 TPS : 63.955 	 RecvSec : 39.118 	 SendSec : 39078.950 	 SendDropSec : 0.000
Total Time : 1871.199 	 TPS : 43.754 	 RecvSec : 32.815 	 SendSec : 32782.438 	 SendDropSec : 0.000
Total Time : 1873.126 	 TPS : 57.085 	 RecvSec : 32.694 	 SendSec : 32661.236 	 SendDropSec : 0.000
Total Time : 1874.745 	 TPS : 62.376 	 RecvSec : 38.908 	 SendSec : 38868.679 	 SendDropSec : 0.000
Total Time : 1876.361 	 TPS : 117.573 	 RecvSec : 77.970 	 SendSec : 77891.797 	 SendDropSec : 0.000
Total Time : 1877.820 	 TPS : 66.483 	 RecvSec : 43.180 	 SendSec : 43136.495 	 SendDropSec : 0.000
Total Time : 1878.912 	 TPS : 103.473 	 RecvSec : 57.688 	 SendSec : 57630.784 	 SendDropSec : 0.000
Total Time : 1880.763 	 TPS : 61.066 	 RecvSec : 34.046 	 SendSec : 34011.736 	 SendDropSec : 0.000
Total Time : 1882.333 	 TPS : 122.235 	 RecvSec : 80.217 	 SendSec : 80136.363 	 SendDropSec : 0.000
Total Time : 1883.663 	 TPS : 30.825 	 RecvSec : 47.365 	 SendSec : 47317.381 	 SendDropSec : 0.000
Total Time : 1885.393 	 TPS : 61.301 	 RecvSec : 36.433 	 SendSec : 36396.913 	 SendDropSec : 0.000
Total Time : 1887.321 	 TPS : 47.698 	 RecvSec : 32.663 	 SendSec : 32630.092 	 SendDropSec : 0.000
Total Time : 1889.063 	 TPS : 72.328 	 RecvSec : 36.164 	 SendSec : 36128.065 	 SendDropSec : 0.000
Total Time : 1890.285 	 TPS : 175.192 	 RecvSec : 103.150 	 SendSec : 103047.023 	 SendDropSec : 0.000
Total Time : 1891.556 	 TPS : 69.223 	 RecvSec : 49.557 	 SendSec : 49507.563 	 SendDropSec : 0.000
Total Time : 1892.817 	 TPS : 76.127 	 RecvSec : 49.958 	 SendSec : 49908.184 	 SendDropSec : 0.000
Total Time : 1894.027 	 TPS : 92.600 	 RecvSec : 52.087 	 SendSec : 52035.397 	 SendDropSec : 0.000
Total Time : 1895.688 	 TPS : 60.800 	 RecvSec : 37.925 	 SendSec : 37886.723 	 SendDropSec : 0.000
Total Time : 1897.067 	 TPS : 74.696 	 RecvSec : 45.688 	 SendSec : 45642.315 	 SendDropSec : 0.000
Total Time : 1898.068 	 TPS : 170.846 	 RecvSec : 119.892 	 SendSec : 119771.822 	 SendDropSec : 0.000
Total Time : 1899.068 	 TPS : 67.992 	 RecvSec : 37.996 	 SendSec : 37957.741 	 SendDropSec : 0.000
Total Time : 1900.286 	 TPS : 50.094 	 RecvSec : 25.458 	 SendSec : 25432.187 	 SendDropSec : 0.000
Total Time : 1902.216 	 TPS : 102.064 	 RecvSec : 65.280 	 SendSec : 65214.384 	 SendDropSec : 0.000
Total Time : 1903.274 	 TPS : 89.751 	 RecvSec : 59.519 	 SendSec : 59459.617 	 SendDropSec : 0.000
Total Time : 1904.409 	 TPS : 85.484 	 RecvSec : 55.520 	 SendSec : 55464.794 	 SendDropSec : 0.000
Total Time : 1906.638 	 TPS : 96.439 	 RecvSec : 56.518 	 SendSec : 56461.425 	 SendDropSec : 0.000
Total Time : 1907.831 	 TPS : 79.663 	 RecvSec : 52.829 	 SendSec : 52776.071 	 SendDropSec : 0.000
Total Time : 1908.831 	 TPS : 134.966 	 RecvSec : 79.980 	 SendSec : 79899.937 	 SendDropSec : 0.000
Total Time : 1909.877 	 TPS : 70.732 	 RecvSec : 43.968 	 SendSec : 43924.365 	 SendDropSec : 0.000
Total Time : 1911.053 	 TPS : 95.287 	 RecvSec : 53.599 	 SendSec : 53545.336 	 SendDropSec : 0.000
Total Time : 1913.347 	 TPS : 89.368 	 RecvSec : 54.929 	 SendSec : 54873.836 	 SendDropSec : 0.000
Total Time : 1914.839 	 TPS : 67.009 	 RecvSec : 42.216 	 SendSec : 42173.320 	 SendDropSec : 0.000
Total Time : 1916.076 	 TPS : 50.102 	 RecvSec : 50.910 	 SendSec : 50859.300 	 SendDropSec : 0.000
Total Time : 1917.191 	 TPS : 99.564 	 RecvSec : 56.510 	 SendSec : 56453.005 	 SendDropSec : 0.000
Total Time : 1918.402 	 TPS : 85.103 	 RecvSec : 52.053 	 SendSec : 52001.251 	 SendDropSec : 0.000
Total Time : 1920.030 	 TPS : 50.347 	 RecvSec : 38.681 	 SendSec : 38642.464 	 SendDropSec : 0.000
Total Time : 1922.157 	 TPS : 79.471 	 RecvSec : 59.250 	 SendSec : 59191.031 	 SendDropSec : 0.000
Total Time : 1923.621 	 TPS : 119.560 	 RecvSec : 86.083 	 SendSec : 85996.984 	 SendDropSec : 0.000
Total Time : 1925.584 	 TPS : 43.297 	 RecvSec : 32.091 	 SendSec : 32058.498 	 SendDropSec : 0.000
Total Time : 1926.611 	 TPS : 68.165 	 RecvSec : 61.349 	 SendSec : 61287.365 	 SendDropSec : 0.000
Total Time : 1928.306 	 TPS : 50.733 	 RecvSec : 37.165 	 SendSec : 37127.808 	 SendDropSec : 0.000
Total Time : 1930.020 	 TPS : 46.082 	 RecvSec : 36.749 	 SendSec : 36712.518 	 SendDropSec : 0.000
Total Time : 1931.433 	 TPS : 51.653 	 RecvSec : 44.577 	 SendSec : 44532.577 	 SendDropSec : 0.000
Total Time : 1933.094 	 TPS : 123.434 	 RecvSec : 75.867 	 SendSec : 75790.678 	 SendDropSec : 0.000
Total Time : 1934.475 	 TPS : 81.123 	 RecvSec : 45.632 	 SendSec : 45586.223 	 SendDropSec : 0.000
Total Time : 1936.386 	 TPS : 53.899 	 RecvSec : 32.967 	 SendSec : 32934.204 	 SendDropSec : 0.000
Total Time : 1937.656 	 TPS : 85.047 	 RecvSec : 49.611 	 SendSec : 49561.333 	 SendDropSec : 0.000
Total Time : 1939.902 	 TPS : 93.030 	 RecvSec : 56.085 	 SendSec : 56028.725 	 SendDropSec : 0.000
Total Time : 1941.536 	 TPS : 67.929 	 RecvSec : 38.554 	 SendSec : 38515.517 	 SendDropSec : 0.000
Total Time : 1942.538 	 TPS : 194.616 	 RecvSec : 124.754 	 SendSec : 124628.982 	 SendDropSec : 0.000
Total Time : 1943.539 	 TPS : 50.971 	 RecvSec : 31.982 	 SendSec : 31949.718 	 SendDropSec : 0.000
Total Time : 1944.817 	 TPS : 54.751 	 RecvSec : 25.029 	 SendSec : 25003.983 	 SendDropSec : 0.000
Total Time : 1946.477 	 TPS : 104.841 	 RecvSec : 75.919 	 SendSec : 75843.419 	 SendDropSec : 0.000
Total Time : 1949.063 	 TPS : 83.932 	 RecvSec : 48.735 	 SendSec : 48685.849 	 SendDropSec : 0.000
Total Time : 1950.982 	 TPS : 102.622 	 RecvSec : 65.637 	 SendSec : 65571.075 	 SendDropSec : 0.000
Total Time : 1952.910 	 TPS : 53.943 	 RecvSec : 32.677 	 SendSec : 32644.478 	 SendDropSec : 0.000
Total Time : 1955.376 	 TPS : 75.831 	 RecvSec : 51.095 	 SendSec : 51043.878 	 SendDropSec : 0.000
Total Time : 1956.952 	 TPS : 126.946 	 RecvSec : 79.976 	 SendSec : 79895.727 	 SendDropSec : 0.000
Total Time : 1958.480 	 TPS : 63.461 	 RecvSec : 41.217 	 SendSec : 41175.870 	 SendDropSec : 0.000
Total Time : 1959.981 	 TPS : 70.631 	 RecvSec : 41.979 	 SendSec : 41936.895 	 SendDropSec : 0.000
Total Time : 1961.153 	 TPS : 74.248 	 RecvSec : 53.766 	 SendSec : 53712.056 	 SendDropSec : 0.000
Total Time : 1963.106 	 TPS : 47.609 	 RecvSec : 32.251 	 SendSec : 32219.135 	 SendDropSec : 0.000
Total Time : 1964.737 	 TPS : 51.513 	 RecvSec : 38.635 	 SendSec : 38596.440 	 SendDropSec : 0.000
Total Time : 1966.673 	 TPS : 51.140 	 RecvSec : 32.543 	 SendSec : 32510.944 	 SendDropSec : 0.000
Total Time : 1967.674 	 TPS : 112.866 	 RecvSec : 63.924 	 SendSec : 63859.924 	 SendDropSec : 0.000
Total Time : 1968.908 	 TPS : 71.322 	 RecvSec : 50.249 	 SendSec : 50199.011 	 SendDropSec : 0.000
Total Time : 1971.485 	 TPS : 75.642 	 RecvSec : 48.877 	 SendSec : 48827.798 	 SendDropSec : 0.000
Total Time : 1973.038 	 TPS : 62.460 	 RecvSec : 40.567 	 SendSec : 40526.337 	 SendDropSec : 0.000
Total Time : 1975.027 	 TPS : 48.783 	 RecvSec : 31.684 	 SendSec : 31651.819 	 SendDropSec : 0.000
Total Time : 1976.583 	 TPS : 49.467 	 RecvSec : 40.473 	 SendSec : 40432.594 	 SendDropSec : 0.000
Total Time : 1978.140 	 TPS : 52.674 	 RecvSec : 40.469 	 SendSec : 40428.254 	 SendDropSec : 0.000
Total Time : 1979.591 	 TPS : 75.836 	 RecvSec : 43.433 	 SendSec : 43389.994 	 SendDropSec : 0.000
Total Time : 1981.392 	 TPS : 53.843 	 RecvSec : 34.970 	 SendSec : 34935.196 	 SendDropSec : 0.000
Total Time : 1983.536 	 TPS : 74.623 	 RecvSec : 58.766 	 SendSec : 58706.851 	 SendDropSec : 0.000
Total Time : 1985.664 	 TPS : 88.362 	 RecvSec : 59.221 	 SendSec : 59161.953 	 SendDropSec : 0.000
Total Time : 1986.730 	 TPS : 95.675 	 RecvSec : 59.093 	 SendSec : 59034.396 	 SendDropSec : 0.000
Total Time : 1988.375 	 TPS : 125.834 	 RecvSec : 76.595 	 SendSec : 76518.158 	 SendDropSec : 0.000
Total Time : 1989.378 	 TPS : 172.520 	 RecvSec : 122.659 	 SendSec : 122535.860 	 SendDropSec : 0.000
Total Time : 1992.037 	 TPS : 47.377 	 RecvSec : 24.816 	 SendSec : 24791.664 	 SendDropSec : 0.000
Total Time : 1993.722 	 TPS : 119.914 	 RecvSec : 74.798 	 SendSec : 74722.937 	 SendDropSec : 0.000
Total Time : 1995.204 	 TPS : 60.055 	 RecvSec : 42.511 	 SendSec : 42468.525 	 SendDropSec : 0.000
Total Time : 1996.370 	 TPS : 78.868 	 RecvSec : 54.007 	 SendSec : 53953.139 	 SendDropSec : 0.000
Total Time : 1997.448 	 TPS : 94.622 	 RecvSec : 58.443 	 SendSec : 58384.438 	 SendDropSec : 0.000
Total Time : 1998.448 	 TPS : 171.999 	 RecvSec : 119.999 	 SendSec : 119879.005 	 SendDropSec : 0.000
Total Time : 1999.643 	 TPS : 30.125 	 RecvSec : 5.021 	 SendSec : 5015.895 	 SendDropSec : 0.000
Total Time : 2001.517 	 TPS : 58.717 	 RecvSec : 33.629 	 SendSec : 33595.403 	 SendDropSec : 0.000
Total Time : 2003.789 	 TPS : 128.060 	 RecvSec : 55.449 	 SendSec : 55393.424 	 SendDropSec : 0.000
Total Time : 2005.488 	 TPS : 52.399 	 RecvSec : 37.091 	 SendSec : 37054.296 	 SendDropSec : 0.000
Total Time : 2006.488 	 TPS : 173.908 	 RecvSec : 115.939 	 SendSec : 115822.984 	 SendDropSec : 0.000
Total Time : 2007.489 	 TPS : 102.920 	 RecvSec : 66.948 	 SendSec : 66880.786 	 SendDropSec : 0.000
Total Time : 2009.171 	 TPS : 19.026 	 RecvSec : 3.567 	 SendSec : 3563.867 	 SendDropSec : 0.000
Total Time : 2010.781 	 TPS : 60.262 	 RecvSec : 39.140 	 SendSec : 39100.402 	 SendDropSec : 0.000
Total Time : 2013.504 	 TPS : 73.435 	 RecvSec : 46.264 	 SendSec : 46217.991 	 SendDropSec : 0.000
Total Time : 2015.274 	 TPS : 61.021 	 RecvSec : 35.596 	 SendSec : 35560.275 	 SendDropSec : 0.000
Total Time : 2016.528 	 TPS : 78.928 	 RecvSec : 50.227 	 SendSec : 50176.695 	 SendDropSec : 0.000
Total Time : 2018.213 	 TPS : 53.431 	 RecvSec : 37.402 	 SendSec : 37364.263 	 SendDropSec : 0.000
Total Time : 2019.357 	 TPS : 86.471 	 RecvSec : 55.027 	 SendSec : 54971.997 	 SendDropSec : 0.000
Total Time : 2020.691 	 TPS : 69.721 	 RecvSec : 47.230 	 SendSec : 47183.239 	 SendDropSec : 0.000
Total Time : 2022.593 	 TPS : 57.855 	 RecvSec : 33.135 	 SendSec : 33101.903 	 SendDropSec : 0.000
Total Time : 2024.587 	 TPS : 51.649 	 RecvSec : 31.591 	 SendSec : 31559.361 	 SendDropSec : 0.000
Total Time : 2025.589 	 TPS : 193.688 	 RecvSec : 122.802 	 SendSec : 122679.278 	 SendDropSec : 0.000
Total Time : 2028.011 	 TPS : 45.828 	 RecvSec : 27.249 	 SendSec : 27221.921 	 SendDropSec : 0.000
Total Time : 2029.011 	 TPS : 203.994 	 RecvSec : 123.996 	 SendSec : 123872.197 	 SendDropSec : 0.000
Total Time : 2030.787 	 TPS : 15.202 	 RecvSec : 1.126 	 SendSec : 1124.918 	 SendDropSec : 0.000
Total Time : 2032.892 	 TPS : 93.564 	 RecvSec : 59.843 	 SendSec : 59783.050 	 SendDropSec : 0.000
Total Time : 2034.530 	 TPS : 58.018 	 RecvSec : 38.475 	 SendSec : 38436.727 	 SendDropSec : 0.000
Total Time : 2035.799 	 TPS : 85.090 	 RecvSec : 49.636 	 SendSec : 49586.140 	 SendDropSec : 0.000
Total Time : 2037.294 	 TPS : 50.827 	 RecvSec : 42.133 	 SendSec : 42090.799 	 SendDropSec : 0.000
Total Time : 2038.410 	 TPS : 187.343 	 RecvSec : 112.943 	 SendSec : 112830.420 	 SendDropSec : 0.000
Total Time : 2039.945 	 TPS : 80.787 	 RecvSec : 41.045 	 SendSec : 41004.196 	 SendDropSec : 0.000
Total Time : 2041.038 	 TPS : 97.887 	 RecvSec : 57.634 	 SendSec : 57576.807 	 SendDropSec : 0.000
Total Time : 2042.200 	 TPS : 94.672 	 RecvSec : 54.221 	 SendSec : 54166.949 	 SendDropSec : 0.000
Total Time : 2043.958 	 TPS : 67.103 	 RecvSec : 35.826 	 SendSec : 35790.321 	 SendDropSec : 0.000
Total Time : 2045.864 	 TPS : 47.226 	 RecvSec : 33.058 	 SendSec : 33025.098 	 SendDropSec : 0.000
Total Time : 2047.309 	 TPS : 92.068 	 RecvSec : 43.611 	 SendSec : 43567.662 	 SendDropSec : 0.000
Total Time : 2049.520 	 TPS : 111.704 	 RecvSec : 56.982 	 SendSec : 56925.502 	 SendDropSec : 0.000
Total Time : 2051.114 	 TPS : 73.382 	 RecvSec : 39.513 	 SendSec : 39473.741 	 SendDropSec : 0.000
Total Time : 2052.839 	 TPS : 72.462 	 RecvSec : 36.521 	 SendSec : 36484.192 	 SendDropSec : 0.000
Total Time : 2053.923 	 TPS : 119.022 	 RecvSec : 58.127 	 SendSec : 58068.936 	 SendDropSec : 0.000
Total Time : 2055.551 	 TPS : 68.176 	 RecvSec : 38.695 	 SendSec : 38655.817 	 SendDropSec : 0.000
Total Time : 2056.697 	 TPS : 110.789 	 RecvSec : 54.958 	 SendSec : 54903.359 	 SendDropSec : 0.000
Total Time : 2058.025 	 TPS : 186.848 	 RecvSec : 94.931 	 SendSec : 94835.848 	 SendDropSec : 0.000
Total Time : 2059.285 	 TPS : 104.769 	 RecvSec : 50.003 	 SendSec : 49953.160 	 SendDropSec : 0.000
Total Time : 2060.285 	 TPS : 129.916 	 RecvSec : 80.948 	 SendSec : 80866.978 	 SendDropSec : 0.000
Total Time : 2061.644 	 TPS : 71.368 	 RecvSec : 33.109 	 SendSec : 33075.549 	 SendDropSec : 0.000
Total Time : 2063.672 	 TPS : 128.239 	 RecvSec : 62.147 	 SendSec : 62084.380 	 SendDropSec : 0.000
Total Time : 2064.767 	 TPS : 115.103 	 RecvSec : 57.552 	 SendSec : 57494.008 	 SendDropSec : 0.000
Total Time : 2066.382 	 TPS : 60.650 	 RecvSec : 38.989 	 SendSec : 38950.336 	 SendDropSec : 0.000
Total Time : 2067.530 	 TPS : 213.500 	 RecvSec : 109.800 	 SendSec : 109690.141 	 SendDropSec : 0.000
Total Time : 2068.729 	 TPS : 89.250 	 RecvSec : 52.549 	 SendSec : 52496.269 	 SendDropSec : 0.000
Total Time : 2070.543 	 TPS : 56.240 	 RecvSec : 34.737 	 SendSec : 34702.020 	 SendDropSec : 0.000
Total Time : 2072.355 	 TPS : 75.582 	 RecvSec : 34.757 	 SendSec : 34721.904 	 SendDropSec : 0.000
Total Time : 2073.356 	 TPS : 122.934 	 RecvSec : 85.954 	 SendSec : 85867.906 	 SendDropSec : 0.000
Total Time : 2074.652 	 TPS : 67.101 	 RecvSec : 30.851 	 SendSec : 30820.106 	 SendDropSec : 0.000
Total Time : 2075.747 	 TPS : 125.124 	 RecvSec : 57.539 	 SendSec : 57481.337 	 SendDropSec : 0.000
Total Time : 2077.701 	 TPS : 149.423 	 RecvSec : 64.477 	 SendSec : 64412.662 	 SendDropSec : 0.000
Total Time : 2079.157 	 TPS : 94.768 	 RecvSec : 43.264 	 SendSec : 43220.568 	 SendDropSec : 0.000
Total Time : 2081.005 	 TPS : 73.080 	 RecvSec : 34.104 	 SendSec : 34069.965 	 SendDropSec : 0.000
Total Time : 2082.495 	 TPS : 86.558 	 RecvSec : 42.273 	 SendSec : 42230.460 	 SendDropSec : 0.000
Total Time : 2084.322 	 TPS : 71.164 	 RecvSec : 34.487 	 SendSec : 34452.649 	 SendDropSec : 0.000
Total Time : 2085.322 	 TPS : 142.998 	 RecvSec : 85.999 	 SendSec : 85912.789 	 SendDropSec : 0.000
Total Time : 2086.322 	 TPS : 141.932 	 RecvSec : 74.964 	 SendSec : 74889.270 	 SendDropSec : 0.000
Total Time : 2087.490 	 TPS : 47.949 	 RecvSec : 23.974 	 SendSec : 23950.299 	 SendDropSec : 0.000
Total Time : 2089.137 	 TPS : 78.936 	 RecvSec : 38.254 	 SendSec : 38215.495 	 SendDropSec : 0.000
Total Time : 2090.850 	 TPS : 68.303 	 RecvSec : 36.778 	 SendSec : 36741.608 	 SendDropSec : 0.000
Total Time : 2092.780 	 TPS : 54.421 	 RecvSec : 32.653 	 SendSec : 32620.200 	 SendDropSec : 0.000
Total Time : 2094.683 	 TPS : 63.039 	 RecvSec : 33.095 	 SendSec : 33062.190 	 SendDropSec : 0.000
Total Time : 2095.684 	 TPS : 118.934 	 RecvSec : 63.964 	 SendSec : 63900.280 	 SendDropSec : 0.000
Total Time : 2097.363 	 TPS : 72.040 	 RecvSec : 36.913 	 SendSec : 36876.352 	 SendDropSec : 0.000
Total Time : 2098.942 	 TPS : 96.886 	 RecvSec : 39.894 	 SendSec : 39854.544 	 SendDropSec : 0.000
Total Time : 2100.429 	 TPS : 162.794 	 RecvSec : 84.760 	 SendSec : 84675.682 	 SendDropSec : 0.000
Total Time : 2101.430 	 TPS : 204.704 	 RecvSec : 117.830 	 SendSec : 117711.683 	 SendDropSec : 0.000
Total Time : 2102.529 	 TPS : 44.599 	 RecvSec : 7.281 	 SendSec : 7274.174 	 SendDropSec : 0.000
Total Time : 2103.648 	 TPS : 108.181 	 RecvSec : 56.326 	 SendSec : 56269.281 	 SendDropSec : 0.000
Total Time : 2105.051 	 TPS : 118.988 	 RecvSec : 44.888 	 SendSec : 44842.822 	 SendDropSec : 0.000
Total Time : 2106.945 	 TPS : 78.151 	 RecvSec : 33.267 	 SendSec : 33233.722 	 SendDropSec : 0.000
Total Time : 2107.957 	 TPS : 112.614 	 RecvSec : 62.234 	 SendSec : 62171.839 	 SendDropSec : 0.000
Total Time : 2109.234 	 TPS : 191.841 	 RecvSec : 98.661 	 SendSec : 98562.337 	 SendDropSec : 0.000
Total Time : 2110.235 	 TPS : 184.828 	 RecvSec : 122.886 	 SendSec : 122762.634 	 SendDropSec : 0.000
Total Time : 2111.636 	 TPS : 109.213 	 RecvSec : 47.111 	 SendSec : 47064.218 	 SendDropSec : 0.000
Total Time : 2113.510 	 TPS : 129.710 	 RecvSec : 67.257 	 SendSec : 67189.942 	 SendDropSec : 0.000
Total Time : 2114.916 	 TPS : 103.838 	 RecvSec : 44.807 	 SendSec : 44761.996 	 SendDropSec : 0.000
Total Time : 2116.488 	 TPS : 84.579 	 RecvSec : 40.064 	 SendSec : 40023.598 	 SendDropSec : 0.000
Total Time : 2118.393 	 TPS : 67.190 	 RecvSec : 33.070 	 SendSec : 33037.148 	 SendDropSec : 0.000
Total Time : 2119.950 	 TPS : 81.578 	 RecvSec : 40.468 	 SendSec : 40427.215 	 SendDropSec : 0.000
Total Time : 2121.718 	 TPS : 67.875 	 RecvSec : 35.635 	 SendSec : 35598.948 	 SendDropSec : 0.000
Total Time : 2122.737 	 TPS : 104.971 	 RecvSec : 61.805 	 SendSec : 61743.492 	 SendDropSec : 0.000
Total Time : 2124.250 	 TPS : 150.061 	 RecvSec : 83.294 	 SendSec : 83210.404 	 SendDropSec : 0.000
Total Time : 2125.850 	 TPS : 148.081 	 RecvSec : 78.727 	 SendSec : 78648.073 	 SendDropSec : 0.000
Total Time : 2127.650 	 TPS : 59.446 	 RecvSec : 35.001 	 SendSec : 34965.870 	 SendDropSec : 0.000
Total Time : 2129.547 	 TPS : 50.628 	 RecvSec : 33.224 	 SendSec : 33191.135 	 SendDropSec : 0.000
Total Time : 2131.980 	 TPS : 96.587 	 RecvSec : 51.787 	 SendSec : 51735.331 	 SendDropSec : 0.000
Total Time : 2133.749 	 TPS : 55.400 	 RecvSec : 35.614 	 SendSec : 35578.846 	 SendDropSec : 0.000
Total Time : 2135.546 	 TPS : 58.431 	 RecvSec : 35.059 	 SendSec : 35023.672 	 SendDropSec : 0.000
Total Time : 2137.685 	 TPS : 94.896 	 RecvSec : 58.901 	 SendSec : 58842.344 	 SendDropSec : 0.000
Total Time : 2139.080 	 TPS : 174.895 	 RecvSec : 90.315 	 SendSec : 90224.296 	 SendDropSec : 0.000
Total Time : 2141.039 	 TPS : 59.211 	 RecvSec : 32.158 	 SendSec : 32125.571 	 SendDropSec : 0.000
Total Time : 2142.053 	 TPS : 132.079 	 RecvSec : 62.097 	 SendSec : 62034.644 	 SendDropSec : 0.000
Total Time : 2143.058 	 TPS : 130.436 	 RecvSec : 62.729 	 SendSec : 62666.194 	 SendDropSec : 0.000
Total Time : 2144.059 	 TPS : 232.813 	 RecvSec : 124.900 	 SendSec : 124774.831 	 SendDropSec : 0.000
Total Time : 2145.725 	 TPS : 4.802 	 RecvSec : 0.600 	 SendSec : 599.630 	 SendDropSec : 0.000
Total Time : 2147.167 	 TPS : 166.372 	 RecvSec : 87.345 	 SendSec : 87258.096 	 SendDropSec : 0.000
Total Time : 2148.351 	 TPS : 107.304 	 RecvSec : 53.230 	 SendSec : 53176.303 	 SendDropSec : 0.000
Total Time : 2149.936 	 TPS : 83.272 	 RecvSec : 39.743 	 SendSec : 39703.538 	 SendDropSec : 0.000
Total Time : 2151.022 	 TPS : 116.904 	 RecvSec : 57.992 	 SendSec : 57933.695 	 SendDropSec : 0.000
Total Time : 2152.270 	 TPS : 112.969 	 RecvSec : 50.476 	 SendSec : 50425.109 	 SendDropSec : 0.000
Total Time : 2153.669 	 TPS : 85.801 	 RecvSec : 45.045 	 SendSec : 45000.389 	 SendDropSec : 0.000
Total Time : 2154.838 	 TPS : 114.585 	 RecvSec : 53.872 	 SendSec : 53818.002 	 SendDropSec : 0.000
Total Time : 2156.486 	 TPS : 81.324 	 RecvSec : 38.234 	 SendSec : 38196.051 	 SendDropSec : 0.000
Total Time : 2158.369 	 TPS : 72.781 	 RecvSec : 33.469 	 SendSec : 33435.136 	 SendDropSec : 0.000
Total Time : 2159.537 	 TPS : 78.709 	 RecvSec : 53.898 	 SendSec : 53844.376 	 SendDropSec : 0.000
Total Time : 2161.415 	 TPS : 66.590 	 RecvSec : 33.561 	 SendSec : 33527.615 	 SendDropSec : 0.000
Total Time : 2163.019 	 TPS : 69.179 	 RecvSec : 39.264 	 SendSec : 39224.592 	 SendDropSec : 0.000
Total Time : 2164.962 	 TPS : 62.271 	 RecvSec : 32.422 	 SendSec : 32389.862 	 SendDropSec : 0.000
Total Time : 2166.774 	 TPS : 66.782 	 RecvSec : 34.771 	 SendSec : 34735.892 	 SendDropSec : 0.000
Total Time : 2167.775 	 TPS : 219.884 	 RecvSec : 122.935 	 SendSec : 122812.450 	 SendDropSec : 0.000
Total Time : 2168.775 	 TPS : 151.937 	 RecvSec : 62.974 	 SendSec : 62910.986 	 SendDropSec : 0.000
Total Time : 2170.548 	 TPS : 10.718 	 RecvSec : 1.692 	 SendSec : 1690.675 	 SendDropSec : 0.000
Total Time : 2171.622 	 TPS : 136.822 	 RecvSec : 58.638 	 SendSec : 58579.287 	 SendDropSec : 0.000
Total Time : 2173.571 	 TPS : 132.403 	 RecvSec : 64.662 	 SendSec : 64597.405 	 SendDropSec : 0.000
Total Time : 2174.789 	 TPS : 114.055 	 RecvSec : 51.694 	 SendSec : 51642.433 	 SendDropSec : 0.000
Total Time : 2176.536 	 TPS : 138.548 	 RecvSec : 72.137 	 SendSec : 72064.581 	 SendDropSec : 0.000
Total Time : 2177.537 	 TPS : 141.931 	 RecvSec : 71.965 	 SendSec : 71893.024 	 SendDropSec : 0.000
Total Time : 2179.152 	 TPS : 56.327 	 RecvSec : 33.425 	 SendSec : 33391.679 	 SendDropSec : 0.000
Total Time : 2180.816 	 TPS : 161.636 	 RecvSec : 75.711 	 SendSec : 75635.047 	 SendDropSec : 0.000
Total Time : 2182.588 	 TPS : 69.415 	 RecvSec : 35.554 	 SendSec : 35518.613 	 SendDropSec : 0.000
Total Time : 2183.589 	 TPS : 179.837 	 RecvSec : 102.907 	 SendSec : 102803.952 	 SendDropSec : 0.000
Total Time : 2185.168 	 TPS : 32.928 	 RecvSec : 14.564 	 SendSec : 14549.685 	 SendDropSec : 0.000
Total Time : 2186.168 	 TPS : 123.997 	 RecvSec : 67.998 	 SendSec : 67930.478 	 SendDropSec : 0.000
Total Time : 2188.183 	 TPS : 130.573 	 RecvSec : 60.073 	 SendSec : 60013.220 	 SendDropSec : 0.000
Total Time : 2189.870 	 TPS : 62.821 	 RecvSec : 37.337 	 SendSec : 37299.881 	 SendDropSec : 0.000
Total Time : 2192.139 	 TPS : 105.746 	 RecvSec : 55.517 	 SendSec : 55461.368 	 SendDropSec : 0.000
Total Time : 2194.526 	 TPS : 113.986 	 RecvSec : 52.802 	 SendSec : 52749.604 	 SendDropSec : 0.000
Total Time : 2196.434 	 TPS : 52.938 	 RecvSec : 33.021 	 SendSec : 32987.920 	 SendDropSec : 0.000
Total Time : 2198.127 	 TPS : 142.306 	 RecvSec : 74.401 	 SendSec : 74326.354 	 SendDropSec : 0.000
Total Time : 2199.371 	 TPS : 115.005 	 RecvSec : 50.667 	 SendSec : 50615.860 	 SendDropSec : 0.000
Total Time : 2200.618 	 TPS : 73.761 	 RecvSec : 50.510 	 SendSec : 50459.545 	 SendDropSec : 0.000
Total Time : 2201.618 	 TPS : 122.952 	 RecvSec : 87.966 	 SendSec : 87877.710 	 SendDropSec : 0.000
Total Time : 2202.618 	 TPS : 79.000 	 RecvSec : 48.000 	 SendSec : 47951.789 	 SendDropSec : 0.000
Total Time : 2204.512 	 TPS : 85.019 	 RecvSec : 61.256 	 SendSec : 61194.946 	 SendDropSec : 0.000
Total Time : 2206.431 	 TPS : 55.769 	 RecvSec : 32.836 	 SendSec : 32802.902 	 SendDropSec : 0.000
Total Time : 2207.486 	 TPS : 88.119 	 RecvSec : 59.693 	 SendSec : 59633.535 	 SendDropSec : 0.000
Total Time : 2208.772 	 TPS : 69.991 	 RecvSec : 48.994 	 SendSec : 48944.638 	 SendDropSec : 0.000
Total Time : 2210.471 	 TPS : 58.847 	 RecvSec : 37.073 	 SendSec : 37036.292 	 SendDropSec : 0.000
Total Time : 2211.472 	 TPS : 130.885 	 RecvSec : 108.904 	 SendSec : 108795.173 	 SendDropSec : 0.000
Total Time : 2212.475 	 TPS : 151.568 	 RecvSec : 78.775 	 SendSec : 78696.440 	 SendDropSec : 0.000
Total Time : 2213.475 	 TPS : 31.998 	 RecvSec : 25.999 	 SendSec : 25972.730 	 SendDropSec : 0.000
Total Time : 2214.550 	 TPS : 40.926 	 RecvSec : 35.345 	 SendSec : 35309.432 	 SendDropSec : 0.000
Total Time : 2216.460 	 TPS : 90.076 	 RecvSec : 65.986 	 SendSec : 65919.985 	 SendDropSec : 0.000
Total Time : 2217.491 	 TPS : 81.454 	 RecvSec : 61.090 	 SendSec : 61029.351 	 SendDropSec : 0.000
Total Time : 2218.493 	 TPS : 128.763 	 RecvSec : 124.770 	 SendSec : 124645.129 	 SendDropSec : 0.000
Total Time : 2219.881 	 TPS : 2.881 	 RecvSec : 0.720 	 SendSec : 719.498 	 SendDropSec : 0.000
Total Time : 2222.203 	 TPS : 84.851 	 RecvSec : 54.270 	 SendSec : 54216.167 	 SendDropSec : 0.000
Total Time : 2223.203 	 TPS : 180.940 	 RecvSec : 121.959 	 SendSec : 121837.477 	 SendDropSec : 0.000
Total Time : 2224.204 	 TPS : 112.884 	 RecvSec : 61.937 	 SendSec : 61874.622 	 SendDropSec : 0.000
Total Time : 2226.712 	 TPS : 57.828 	 RecvSec : 27.119 	 SendSec : 27092.189 	 SendDropSec : 0.000
Total Time : 2228.541 	 TPS : 64.519 	 RecvSec : 34.447 	 SendSec : 34412.127 	 SendDropSec : 0.000
Total Time : 2229.667 	 TPS : 109.243 	 RecvSec : 55.954 	 SendSec : 55897.667 	 SendDropSec : 0.000
Total Time : 2232.009 	 TPS : 90.091 	 RecvSec : 53.799 	 SendSec : 53744.750 	 SendDropSec : 0.000
Total Time : 2233.334 	 TPS : 84.526 	 RecvSec : 47.546 	 SendSec : 47498.246 	 SendDropSec : 0.000
Total Time : 2235.097 	 TPS : 62.958 	 RecvSec : 35.733 	 SendSec : 35697.367 	 SendDropSec : 0.000
Total Time : 2236.727 	 TPS : 140.498 	 RecvSec : 77.305 	 SendSec : 77227.425 	 SendDropSec : 0.000
Total Time : 2237.855 	 TPS : 101.050 	 RecvSec : 55.843 	 SendSec : 55787.359 	 SendDropSec : 0.000
Total Time : 2239.802 	 TPS : 62.648 	 RecvSec : 32.351 	 SendSec : 32318.717 	 SendDropSec : 0.000
Total Time : 2241.583 	 TPS : 64.018 	 RecvSec : 35.379 	 SendSec : 35343.216 	 SendDropSec : 0.000
Total Time : 2243.211 	 TPS : 73.700 	 RecvSec : 38.692 	 SendSec : 38653.573 	 SendDropSec : 0.000
Total Time : 2245.137 	 TPS : 56.590 	 RecvSec : 32.708 	 SendSec : 32675.102 	 SendDropSec : 0.000
Total Time : 2247.362 	 TPS : 102.031 	 RecvSec : 56.634 	 SendSec : 56577.126 	 SendDropSec : 0.000
Total Time : 2248.594 	 TPS : 99.032 	 RecvSec : 51.139 	 SendSec : 51088.342 	 SendDropSec : 0.000
Total Time : 2250.279 	 TPS : 71.814 	 RecvSec : 37.391 	 SendSec : 37353.166 	 SendDropSec : 0.000
Total Time : 2252.505 	 TPS : 94.795 	 RecvSec : 56.608 	 SendSec : 56550.937 	 SendDropSec : 0.000
Total Time : 2253.950 	 TPS : 71.955 	 RecvSec : 43.588 	 SendSec : 43544.787 	 SendDropSec : 0.000
Total Time : 2255.467 	 TPS : 79.116 	 RecvSec : 41.536 	 SendSec : 41494.572 	 SendDropSec : 0.000
Total Time : 2257.464 	 TPS : 58.575 	 RecvSec : 31.540 	 SendSec : 31508.866 	 SendDropSec : 0.000
Total Time : 2258.655 	 TPS : 85.677 	 RecvSec : 52.918 	 SendSec : 52865.272 	 SendDropSec : 0.000
Total Time : 2260.205 	 TPS : 67.738 	 RecvSec : 40.643 	 SendSec : 40602.428 	 SendDropSec : 0.000
Total Time : 2261.206 	 TPS : 206.846 	 RecvSec : 122.908 	 SendSec : 122785.562 	 SendDropSec : 0.000
Total Time : 2262.267 	 TPS : 25.441 	 RecvSec : 2.827 	 SendSec : 2823.994 	 SendDropSec : 0.000
Total Time : 2263.644 	 TPS : 71.874 	 RecvSec : 45.012 	 SendSec : 44967.098 	 SendDropSec : 0.000
Total Time : 2265.633 	 TPS : 55.824 	 RecvSec : 32.187 	 SendSec : 32154.747 	 SendDropSec : 0.000
Total Time : 2267.615 	 TPS : 58.021 	 RecvSec : 31.785 	 SendSec : 31753.464 	 SendDropSec : 0.000
Total Time : 2268.905 	 TPS : 179.745 	 RecvSec : 97.620 	 SendSec : 97522.494 	 SendDropSec : 0.000
Total Time : 2270.621 	 TPS : 62.363 	 RecvSec : 36.718 	 SendSec : 36681.400 	 SendDropSec : 0.000
Total Time : 2272.432 	 TPS : 65.717 	 RecvSec : 34.792 	 SendSec : 34756.736 	 SendDropSec : 0.000
Total Time : 2273.731 	 TPS : 71.601 	 RecvSec : 48.504 	 SendSec : 48455.535 	 SendDropSec : 0.000
Total Time : 2274.939 	 TPS : 88.552 	 RecvSec : 52.138 	 SendSec : 52085.945 	 SendDropSec : 0.000
Total Time : 2277.729 	 TPS : 83.534 	 RecvSec : 45.173 	 SendSec : 45127.579 	 SendDropSec : 0.000
Total Time : 2279.021 	 TPS : 92.074 	 RecvSec : 48.745 	 SendSec : 48696.423 	 SendDropSec : 0.000
Total Time : 2280.634 	 TPS : 61.998 	 RecvSec : 39.059 	 SendSec : 39019.731 	 SendDropSec : 0.000
Total Time : 2282.117 	 TPS : 59.319 	 RecvSec : 42.467 	 SendSec : 42424.314 	 SendDropSec : 0.000
Total Time : 2283.747 	 TPS : 65.067 	 RecvSec : 38.672 	 SendSec : 38633.298 	 SendDropSec : 0.000
Total Time : 2284.781 	 TPS : 99.611 	 RecvSec : 60.927 	 SendSec : 60865.951 	 SendDropSec : 0.000
Total Time : 2285.781 	 TPS : 202.896 	 RecvSec : 122.937 	 SendSec : 122814.021 	 SendDropSec : 0.000
Total Time : 2287.502 	 TPS : 11.619 	 RecvSec : 1.743 	 SendSec : 1741.129 	 SendDropSec : 0.000
Total Time : 2288.921 	 TPS : 183.945 	 RecvSec : 88.801 	 SendSec : 88712.114 	 SendDropSec : 0.000
Total Time : 2290.154 	 TPS : 113.595 	 RecvSec : 51.118 	 SendSec : 51066.836 	 SendDropSec : 0.000
Total Time : 2291.838 	 TPS : 61.148 	 RecvSec : 37.401 	 SendSec : 37363.607 	 SendDropSec : 0.000
Total Time : 2293.541 	 TPS : 60.502 	 RecvSec : 37.006 	 SendSec : 36969.153 	 SendDropSec : 0.000
Total Time : 2294.816 	 TPS : 214.044 	 RecvSec : 98.789 	 SendSec : 98690.532 	 SendDropSec : 0.000
Total Time : 2296.214 	 TPS : 158.782 	 RecvSec : 90.120 	 SendSec : 90029.476 	 SendDropSec : 0.000
Total Time : 2298.066 	 TPS : 53.446 	 RecvSec : 34.011 	 SendSec : 33976.767 	 SendDropSec : 0.000
Total Time : 2299.069 	 TPS : 173.489 	 RecvSec : 123.636 	 SendSec : 123512.552 	 SendDropSec : 0.000
Total Time : 2300.163 	 TPS : 89.637 	 RecvSec : 54.880 	 SendSec : 54825.008 	 SendDropSec : 0.000
Total Time : 2301.487 	 TPS : 13.596 	 RecvSec : 3.777 	 SendSec : 3772.887 	 SendDropSec : 0.000
Total Time : 2303.298 	 TPS : 122.560 	 RecvSec : 69.561 	 SendSec : 69491.762 	 SendDropSec : 0.000
Total Time : 2305.032 	 TPS : 55.945 	 RecvSec : 36.336 	 SendSec : 36299.258 	 SendDropSec : 0.000
Total Time : 2306.032 	 TPS : 243.897 	 RecvSec : 124.947 	 SendSec : 124822.362 	 SendDropSec : 0.000
Total Time : 2307.867 	 TPS : 8.719 	 RecvSec : 0.545 	 SendSec : 544.406 	 SendDropSec : 0.000
Total Time : 2309.160 	 TPS : 84.349 	 RecvSec : 48.752 	 SendSec : 48703.379 	 SendDropSec : 0.000
Total Time : 2311.396 	 TPS : 118.938 	 RecvSec : 56.339 	 SendSec : 56282.757 	 SendDropSec : 0.000
Total Time : 2312.397 	 TPS : 157.794 	 RecvSec : 69.909 	 SendSec : 69838.728 	 SendDropSec : 0.000
Total Time : 2314.084 	 TPS : 131.052 	 RecvSec : 70.566 	 SendSec : 70495.711 	 SendDropSec : 0.000
Total Time : 2315.907 	 TPS : 59.236 	 RecvSec : 34.554 	 SendSec : 34519.815 	 SendDropSec : 0.000
Total Time : 2316.909 	 TPS : 207.627 	 RecvSec : 124.776 	 SendSec : 124650.890 	 SendDropSec : 0.000
Total Time : 2318.251 	 TPS : 1.490 	 RecvSec : 0.745 	 SendSec : 744.349 	 SendDropSec : 0.000
Total Time : 2319.948 	 TPS : 63.629 	 RecvSec : 37.117 	 SendSec : 37079.530 	 SendDropSec : 0.000
Total Time : 2321.185 	 TPS : 113.969 	 RecvSec : 50.922 	 SendSec : 50871.480 	 SendDropSec : 0.000
Total Time : 2322.284 	 TPS : 80.067 	 RecvSec : 57.321 	 SendSec : 57263.186 	 SendDropSec : 0.000
Total Time : 2323.285 	 TPS : 179.951 	 RecvSec : 108.970 	 SendSec : 108861.477 	 SendDropSec : 0.000
Total Time : 2324.286 	 TPS : 155.825 	 RecvSec : 78.911 	 SendSec : 78832.322 	 SendDropSec : 0.000
Total Time : 2325.286 	 TPS : 59.984 	 RecvSec : 26.993 	 SendSec : 26965.932 	 SendDropSec : 0.000
Total Time : 2327.221 	 TPS : 45.474 	 RecvSec : 19.120 	 SendSec : 19100.583 	 SendDropSec : 0.000
Total Time : 2328.549 	 TPS : 81.332 	 RecvSec : 47.443 	 SendSec : 47395.977 	 SendDropSec : 0.000
Total Time : 2329.893 	 TPS : 87.801 	 RecvSec : 46.877 	 SendSec : 46829.672 	 SendDropSec : 0.000
Total Time : 2331.688 	 TPS : 61.847 	 RecvSec : 35.102 	 SendSec : 35067.274 	 SendDropSec : 0.000
Total Time : 2333.494 	 TPS : 122.909 	 RecvSec : 69.759 	 SendSec : 69689.679 	 SendDropSec : 0.000
Total Time : 2334.787 	 TPS : 82.773 	 RecvSec : 48.735 	 SendSec : 48686.587 	 SendDropSec : 0.000
Total Time : 2336.359 	 TPS : 131.034 	 RecvSec : 80.147 	 SendSec : 80066.606 	 SendDropSec : 0.000
Total Time : 2337.824 	 TPS : 66.897 	 RecvSec : 43.005 	 SendSec : 42962.310 	 SendDropSec : 0.000
Total Time : 2339.030 	 TPS : 92.001 	 RecvSec : 52.217 	 SendSec : 52164.572 	 SendDropSec : 0.000
Total Time : 2340.032 	 TPS : 84.870 	 RecvSec : 62.904 	 SendSec : 62840.897 	 SendDropSec : 0.000
Total Time : 2341.761 	 TPS : 125.487 	 RecvSec : 72.863 	 SendSec : 72790.311 	 SendDropSec : 0.000
Total Time : 2342.881 	 TPS : 97.343 	 RecvSec : 56.263 	 SendSec : 56206.391 	 SendDropSec : 0.000
Total Time : 2344.608 	 TPS : 60.793 	 RecvSec : 36.476 	 SendSec : 36439.327 	 SendDropSec : 0.000
Total Time : 2346.003 	 TPS : 73.821 	 RecvSec : 45.153 	 SendSec : 45107.770 	 SendDropSec : 0.000
Total Time : 2347.345 	 TPS : 78.249 	 RecvSec : 46.949 	 SendSec : 46902.548 	 SendDropSec : 0.000
Total Time : 2348.851 	 TPS : 148.742 	 RecvSec : 83.668 	 SendSec : 83583.977 	 SendDropSec : 0.000
Total Time : 2349.875 	 TPS : 122.051 	 RecvSec : 61.514 	 SendSec : 61452.360 	 SendDropSec : 0.000
Total Time : 2351.719 	 TPS : 51.514 	 RecvSec : 34.162 	 SendSec : 34127.951 	 SendDropSec : 0.000
Total Time : 2353.258 	 TPS : 77.986 	 RecvSec : 40.942 	 SendSec : 40901.458 	 SendDropSec : 0.000
Total Time : 2355.152 	 TPS : 58.616 	 RecvSec : 33.269 	 SendSec : 33235.365 	 SendDropSec : 0.000
Total Time : 2356.624 	 TPS : 92.384 	 RecvSec : 42.795 	 SendSec : 42752.667 	 SendDropSec : 0.000
Total Time : 2358.602 	 TPS : 144.590 	 RecvSec : 63.700 	 SendSec : 63636.682 	 SendDropSec : 0.000
Total Time : 2360.388 	 TPS : 81.183 	 RecvSec : 35.273 	 SendSec : 35237.334 	 SendDropSec : 0.000
Total Time : 2361.507 	 TPS : 142.047 	 RecvSec : 56.283 	 SendSec : 56226.522 	 SendDropSec : 0.000
Total Time : 2363.013 	 TPS : 88.998 	 RecvSec : 41.842 	 SendSec : 41800.585 	 SendDropSec : 0.000
Total Time : 2364.248 	 TPS : 250.987 	 RecvSec : 102.014 	 SendSec : 101911.993 	 SendDropSec : 0.000
Total Time : 2366.228 	 TPS : 69.689 	 RecvSec : 31.814 	 SendSec : 31782.516 	 SendDropSec : 0.000
Total Time : 2367.229 	 TPS : 157.926 	 RecvSec : 70.967 	 SendSec : 70895.984 	 SendDropSec : 0.000
Total Time : 2369.382 	 TPS : 123.566 	 RecvSec : 54.815 	 SendSec : 54760.280 	 SendDropSec : 0.000
Total Time : 2371.447 	 TPS : 106.986 	 RecvSec : 60.996 	 SendSec : 60935.456 	 SendDropSec : 0.000
Total Time : 2372.988 	 TPS : 95.430 	 RecvSec : 40.899 	 SendSec : 40857.856 	 SendDropSec : 0.000
Total Time : 2374.492 	 TPS : 82.423 	 RecvSec : 41.876 	 SendSec : 41834.454 	 SendDropSec : 0.000
Total Time : 2375.759 	 TPS : 112.873 	 RecvSec : 49.727 	 SendSec : 49677.385 	 SendDropSec : 0.000
Total Time : 2377.429 	 TPS : 95.789 	 RecvSec : 37.717 	 SendSec : 37679.031 	 SendDropSec : 0.000
Total Time : 2379.193 	 TPS : 170.654 	 RecvSec : 71.437 	 SendSec : 71365.182 	 SendDropSec : 0.000
Total Time : 2380.459 	 TPS : 59.230 	 RecvSec : 49.753 	 SendSec : 49703.027 	 SendDropSec : 0.000
Total Time : 2381.502 	 TPS : 238.805 	 RecvSec : 118.923 	 SendSec : 118804.190 	 SendDropSec : 0.000
Total Time : 2384.004 	 TPS : 63.545 	 RecvSec : 25.977 	 SendSec : 25951.355 	 SendDropSec : 0.000
Total Time : 2385.838 	 TPS : 79.606 	 RecvSec : 34.351 	 SendSec : 34316.242 	 SendDropSec : 0.000
Total Time : 2386.840 	 TPS : 115.820 	 RecvSec : 62.902 	 SendSec : 62839.511 	 SendDropSec : 0.000
Total Time : 2388.626 	 TPS : 75.016 	 RecvSec : 35.269 	 SendSec : 35233.353 	 SendDropSec : 0.000
Total Time : 2391.081 	 TPS : 117.740 	 RecvSec : 51.333 	 SendSec : 51281.892 	 SendDropSec : 0.000
Total Time : 2392.983 	 TPS : 69.899 	 RecvSec : 33.110 	 SendSec : 33076.822 	 SendDropSec : 0.000
Total Time : 2393.985 	 TPS : 166.777 	 RecvSec : 99.867 	 SendSec : 99766.672 	 SendDropSec : 0.000
Total Time : 2395.317 	 TPS : 45.774 	 RecvSec : 19.510 	 SendSec : 19490.865 	 SendDropSec : 0.000
Total Time : 2397.167 	 TPS : 54.053 	 RecvSec : 34.054 	 SendSec : 34019.520 	 SendDropSec : 0.000
Total Time : 2398.448 	 TPS : 138.267 	 RecvSec : 49.214 	 SendSec : 49164.561 	 SendDropSec : 0.000
Total Time : 2400.571 	 TPS : 113.025 	 RecvSec : 59.338 	 SendSec : 59278.575 	 SendDropSec : 0.000
Total Time : 2402.248 	 TPS : 79.913 	 RecvSec : 37.571 	 SendSec : 37533.505 	 SendDropSec : 0.000
Total Time : 2404.106 	 TPS : 62.974 	 RecvSec : 33.909 	 SendSec : 33875.243 	 SendDropSec : 0.000
Total Time : 2406.289 	 TPS : 103.069 	 RecvSec : 57.719 	 SendSec : 57661.009 	 SendDropSec : 0.000
Total Time : 2407.970 	 TPS : 54.721 	 RecvSec : 37.472 	 SendSec : 37434.502 	 SendDropSec : 0.000
Total Time : 2409.113 	 TPS : 110.192 	 RecvSec : 55.096 	 SendSec : 55041.033 	 SendDropSec : 0.000
Total Time : 2411.615 	 TPS : 95.937 	 RecvSec : 50.367 	 SendSec : 50316.631 	 SendDropSec : 0.000
Total Time : 2413.886 	 TPS : 86.304 	 RecvSec : 55.481 	 SendSec : 55425.974 	 SendDropSec : 0.000
Total Time : 2414.887 	 TPS : 175.831 	 RecvSec : 100.903 	 SendSec : 100802.169 	 SendDropSec : 0.000
Total Time : 2416.593 	 TPS : 32.239 	 RecvSec : 14.654 	 SendSec : 14639.265 	 SendDropSec : 0.000
Total Time : 2418.571 	 TPS : 58.653 	 RecvSec : 31.855 	 SendSec : 31822.989 	 SendDropSec : 0.000
Total Time : 2419.685 	 TPS : 107.720 	 RecvSec : 56.553 	 SendSec : 56496.247 	 SendDropSec : 0.000
Total Time : 2421.557 	 TPS : 49.686 	 RecvSec : 33.658 	 SendSec : 33624.410 	 SendDropSec : 0.000
Total Time : 2423.396 	 TPS : 56.541 	 RecvSec : 34.251 	 SendSec : 34216.603 	 SendDropSec : 0.000
Total Time : 2425.018 	 TPS : 71.503 	 RecvSec : 38.833 	 SendSec : 38794.562 	 SendDropSec : 0.000
Total Time : 2426.052 	 TPS : 99.618 	 RecvSec : 60.931 	 SendSec : 60870.425 	 SendDropSec : 0.000
Total Time : 2427.053 	 TPS : 220.855 	 RecvSec : 123.919 	 SendSec : 123794.914 	 SendDropSec : 0.000
Total Time : 2428.881 	 TPS : 9.302 	 RecvSec : 1.094 	 SendSec : 1093.221 	 SendDropSec : 0.000
Total Time : 2431.089 	 TPS : 92.370 	 RecvSec : 57.052 	 SendSec : 56994.822 	 SendDropSec : 0.000
Total Time : 2432.827 	 TPS : 63.881 	 RecvSec : 36.257 	 SendSec : 36220.566 	 SendDropSec : 0.000
Total Time : 2433.893 	 TPS : 94.682 	 RecvSec : 59.059 	 SendSec : 59000.310 	 SendDropSec : 0.000
Total Time : 2435.375 	 TPS : 83.043 	 RecvSec : 42.534 	 SendSec : 42491.919 	 SendDropSec : 0.000
Total Time : 2436.669 	 TPS : 158.408 	 RecvSec : 97.363 	 SendSec : 97265.690 	 SendDropSec : 0.000
Total Time : 2438.551 	 TPS : 52.050 	 RecvSec : 33.461 	 SendSec : 33427.071 	 SendDropSec : 0.000
Total Time : 2439.868 	 TPS : 89.611 	 RecvSec : 47.843 	 SendSec : 47795.268 	 SendDropSec : 0.000
Total Time : 2442.203 	 TPS : 87.391 	 RecvSec : 53.977 	 SendSec : 53922.625 	 SendDropSec : 0.000
Total Time : 2444.054 	 TPS : 60.502 	 RecvSec : 34.032 	 SendSec : 33998.326 	 SendDropSec : 0.000
Total Time : 2445.337 	 TPS : 110.632 	 RecvSec : 49.083 	 SendSec : 49034.342 	 SendDropSec : 0.000
Total Time : 2446.560 	 TPS : 183.131 	 RecvSec : 103.011 	 SendSec : 102908.388 	 SendDropSec : 0.000
Total Time : 2448.062 	 TPS : 72.602 	 RecvSec : 41.963 	 SendSec : 41920.713 	 SendDropSec : 0.000
Total Time : 2450.011 	 TPS : 124.688 	 RecvSec : 64.653 	 SendSec : 64588.283 	 SendDropSec : 0.000
Total Time : 2451.105 	 TPS : 94.994 	 RecvSec : 57.544 	 SendSec : 57486.708 	 SendDropSec : 0.000
Total Time : 2452.148 	 TPS : 104.550 	 RecvSec : 60.428 	 SendSec : 60367.419 	 SendDropSec : 0.000
Total Time : 2453.148 	 TPS : 192.933 	 RecvSec : 122.957 	 SendSec : 122834.401 	 SendDropSec : 0.000
Total Time : 2454.148 	 TPS : 70.993 	 RecvSec : 28.997 	 SendSec : 28968.196 	 SendDropSec : 0.000
Total Time : 2456.698 	 TPS : 73.361 	 RecvSec : 39.230 	 SendSec : 39191.171 	 SendDropSec : 0.000
Total Time : 2458.208 	 TPS : 155.540 	 RecvSec : 83.396 	 SendSec : 83312.358 	 SendDropSec : 0.000
Total Time : 2459.209 	 TPS : 143.886 	 RecvSec : 88.930 	 SendSec : 88840.816 	 SendDropSec : 0.000
Total Time : 2460.956 	 TPS : 41.215 	 RecvSec : 21.180 	 SendSec : 21158.548 	 SendDropSec : 0.000
Total Time : 2462.824 	 TPS : 54.077 	 RecvSec : 33.731 	 SendSec : 33697.289 	 SendDropSec : 0.000
Total Time : 2464.696 	 TPS : 59.814 	 RecvSec : 33.111 	 SendSec : 33078.380 	 SendDropSec : 0.000
Total Time : 2465.697 	 TPS : 113.878 	 RecvSec : 71.923 	 SendSec : 71850.983 	 SendDropSec : 0.000
Total Time : 2466.809 	 TPS : 90.819 	 RecvSec : 49.456 	 SendSec : 49406.497 	 SendDropSec : 0.000
Total Time : 2468.071 	 TPS : 184.680 	 RecvSec : 99.870 	 SendSec : 99770.235 	 SendDropSec : 0.000
Total Time : 2469.071 	 TPS : 110.976 	 RecvSec : 70.985 	 SendSec : 70913.810 	 SendDropSec : 0.000
Total Time : 2470.392 	 TPS : 65.136 	 RecvSec : 41.657 	 SendSec : 41615.091 	 SendDropSec : 0.000
Total Time : 2471.999 	 TPS : 145.573 	 RecvSec : 78.386 	 SendSec : 78307.331 	 SendDropSec : 0.000
Total Time : 2473.239 	 TPS : 94.392 	 RecvSec : 50.827 	 SendSec : 50775.747 	 SendDropSec : 0.000
Total Time : 2475.565 	 TPS : 105.765 	 RecvSec : 54.172 	 SendSec : 54117.947 	 SendDropSec : 0.000
Total Time : 2476.583 	 TPS : 129.605 	 RecvSec : 61.857 	 SendSec : 61794.870 	 SendDropSec : 0.000
Total Time : 2478.917 	 TPS : 119.988 	 RecvSec : 53.994 	 SendSec : 53940.388 	 SendDropSec : 0.000
Total Time : 2480.893 	 TPS : 146.730 	 RecvSec : 63.752 	 SendSec : 63687.896 	 SendDropSec : 0.000
Total Time : 2481.894 	 TPS : 211.850 	 RecvSec : 89.936 	 SendSec : 89846.299 	 SendDropSec : 0.000
Total Time : 2482.901 	 TPS : 87.352 	 RecvSec : 35.735 	 SendSec : 35699.354 	 SendDropSec : 0.000
Total Time : 2484.560 	 TPS : 91.048 	 RecvSec : 37.987 	 SendSec : 37948.729 	 SendDropSec : 0.000
Total Time : 2486.273 	 TPS : 157.568 	 RecvSec : 73.532 	 SendSec : 73457.979 	 SendDropSec : 0.000
Total Time : 2488.064 	 TPS : 56.971 	 RecvSec : 35.188 	 SendSec : 35153.049 	 SendDropSec : 0.000
Total Time : 2489.208 	 TPS : 97.823 	 RecvSec : 55.026 	 SendSec : 54970.639 	 SendDropSec : 0.000
Total Time : 2490.861 	 TPS : 91.375 	 RecvSec : 38.123 	 SendSec : 38085.336 	 SendDropSec : 0.000
Total Time : 2492.188 	 TPS : 101.735 	 RecvSec : 47.476 	 SendSec : 47428.844 	 SendDropSec : 0.000
Total Time : 2493.722 	 TPS : 184.481 	 RecvSec : 82.137 	 SendSec : 82054.458 	 SendDropSec : 0.000
Total Time : 2494.723 	 TPS : 216.853 	 RecvSec : 124.916 	 SendSec : 124790.592 	 SendDropSec : 0.000
Total Time : 2496.335 	 TPS : 90.574 	 RecvSec : 39.704 	 SendSec : 39663.921 	 SendDropSec : 0.000
Total Time : 2497.658 	 TPS : 83.856 	 RecvSec : 47.594 	 SendSec : 47546.433 	 SendDropSec : 0.000
Total Time : 2498.660 	 TPS : 256.651 	 RecvSec : 123.832 	 SendSec : 123707.856 	 SendDropSec : 0.000
Total Time : 2500.918 	 TPS : 72.614 	 RecvSec : 28.780 	 SendSec : 28751.133 	 SendDropSec : 0.000
Total Time : 2502.562 	 TPS : 192.273 	 RecvSec : 76.666 	 SendSec : 76589.164 	 SendDropSec : 0.000
Total Time : 2503.877 	 TPS : 84.364 	 RecvSec : 47.882 	 SendSec : 47834.122 	 SendDropSec : 0.000
Total Time : 2505.239 	 TPS : 102.799 	 RecvSec : 46.259 	 SendSec : 46213.129 	 SendDropSec : 0.000
Total Time : 2506.724 	 TPS : 88.248 	 RecvSec : 42.440 	 SendSec : 42397.358 	 SendDropSec : 0.000
Total Time : 2508.259 	 TPS : 67.078 	 RecvSec : 41.028 	 SendSec : 40987.132 	 SendDropSec : 0.000
Total Time : 2509.843 	 TPS : 78.313 	 RecvSec : 39.788 	 SendSec : 39748.299 	 SendDropSec : 0.000
Total Time : 2510.844 	 TPS : 147.851 	 RecvSec : 89.910 	 SendSec : 89819.677 	 SendDropSec : 0.000
Total Time : 2512.752 	 TPS : 92.772 	 RecvSec : 51.890 	 SendSec : 51837.745 	 SendDropSec : 0.000
Total Time : 2513.868 	 TPS : 104.767 	 RecvSec : 56.413 	 SendSec : 56356.545 	 SendDropSec : 0.000
Total Time : 2514.869 	 TPS : 159.895 	 RecvSec : 100.934 	 SendSec : 100832.682 	 SendDropSec : 0.000
Total Time : 2516.405 	 TPS : 41.655 	 RecvSec : 16.272 	 SendSec : 16255.346 	 SendDropSec : 0.000
Total Time : 2517.407 	 TPS : 150.799 	 RecvSec : 69.907 	 SendSec : 69836.873 	 SendDropSec : 0.000
Total Time : 2518.581 	 TPS : 80.073 	 RecvSec : 47.703 	 SendSec : 47655.377 	 SendDropSec : 0.000
Total Time : 2521.232 	 TPS : 82.987 	 RecvSec : 47.529 	 SendSec : 47481.483 	 SendDropSec : 0.000
Total Time : 2522.869 	 TPS : 56.790 	 RecvSec : 38.471 	 SendSec : 38432.439 	 SendDropSec : 0.000
Total Time : 2524.290 	 TPS : 66.868 	 RecvSec : 44.344 	 SendSec : 44300.005 	 SendDropSec : 0.000
Total Time : 2525.290 	 TPS : 177.945 	 RecvSec : 120.963 	 SendSec : 120841.720 	 SendDropSec : 0.000
Total Time : 2526.372 	 TPS : 33.288 	 RecvSec : 4.623 	 SendSec : 4618.690 	 SendDropSec : 0.000
Total Time : 2528.262 	 TPS : 61.362 	 RecvSec : 33.326 	 SendSec : 33292.373 	 SendDropSec : 0.000
Total Time : 2529.452 	 TPS : 94.972 	 RecvSec : 52.949 	 SendSec : 52895.836 	 SendDropSec : 0.000
Total Time : 2530.635 	 TPS : 88.761 	 RecvSec : 53.257 	 SendSec : 53203.545 	 SendDropSec : 0.000
Total Time : 2532.265 	 TPS : 69.935 	 RecvSec : 38.648 	 SendSec : 38609.515 	 SendDropSec : 0.000
Total Time : 2533.546 	 TPS : 198.284 	 RecvSec : 98.361 	 SendSec : 98262.847 	 SendDropSec : 0.000
Total Time : 2535.345 	 TPS : 137.299 	 RecvSec : 70.039 	 SendSec : 69969.261 	 SendDropSec : 0.000
Total Time : 2536.345 	 TPS : 133.992 	 RecvSec : 73.996 	 SendSec : 73921.557 	 SendDropSec : 0.000
Total Time : 2538.216 	 TPS : 43.831 	 RecvSec : 27.795 	 SendSec : 27767.641 	 SendDropSec : 0.000
Total Time : 2540.192 	 TPS : 57.170 	 RecvSec : 31.874 	 SendSec : 31841.944 	 SendDropSec : 0.000
Total Time : 2541.404 	 TPS : 92.453 	 RecvSec : 52.005 	 SendSec : 51952.874 	 SendDropSec : 0.000
Total Time : 2542.669 	 TPS : 94.059 	 RecvSec : 49.796 	 SendSec : 49746.254 	 SendDropSec : 0.000
Total Time : 2543.900 	 TPS : 176.325 	 RecvSec : 102.382 	 SendSec : 102279.616 	 SendDropSec : 0.000
Total Time : 2545.556 	 TPS : 62.807 	 RecvSec : 38.046 	 SendSec : 38008.398 	 SendDropSec : 0.000
Total Time : 2548.277 	 TPS : 76.424 	 RecvSec : 46.295 	 SendSec : 46249.043 	 SendDropSec : 0.000
Total Time : 2549.788 	 TPS : 59.592 	 RecvSec : 41.714 	 SendSec : 41672.662 	 SendDropSec : 0.000
Total Time : 2551.353 	 TPS : 65.802 	 RecvSec : 40.248 	 SendSec : 40207.425 	 SendDropSec : 0.000
Total Time : 2553.019 	 TPS : 78.045 	 RecvSec : 37.822 	 SendSec : 37783.752 	 SendDropSec : 0.000
Total Time : 2554.603 	 TPS : 143.246 	 RecvSec : 79.511 	 SendSec : 79431.223 	 SendDropSec : 0.000
Total Time : 2555.796 	 TPS : 93.866 	 RecvSec : 52.800 	 SendSec : 52746.759 	 SendDropSec : 0.000
Total Time : 2557.568 	 TPS : 68.870 	 RecvSec : 35.564 	 SendSec : 35528.472 	 SendDropSec : 0.000
Total Time : 2558.768 	 TPS : 103.328 	 RecvSec : 52.497 	 SendSec : 52444.838 	 SendDropSec : 0.000
Total Time : 2559.875 	 TPS : 144.506 	 RecvSec : 56.899 	 SendSec : 56842.167 	 SendDropSec : 0.000
Total Time : 2561.071 	 TPS : 88.670 	 RecvSec : 52.700 	 SendSec : 52647.481 	 SendDropSec : 0.000
Total Time : 2562.598 	 TPS : 155.135 	 RecvSec : 82.477 	 SendSec : 82394.206 	 SendDropSec : 0.000
Total Time : 2564.722 	 TPS : 104.527 	 RecvSec : 59.326 	 SendSec : 59266.722 	 SendDropSec : 0.000
Total Time : 2566.302 	 TPS : 68.358 	 RecvSec : 39.876 	 SendSec : 39835.715 	 SendDropSec : 0.000
Total Time : 2567.623 	 TPS : 82.511 	 RecvSec : 47.690 	 SendSec : 47642.056 	 SendDropSec : 0.000
Total Time : 2568.731 	 TPS : 225.747 	 RecvSec : 113.777 	 SendSec : 113662.766 	 SendDropSec : 0.000
Total Time : 2570.425 	 TPS : 120.417 	 RecvSec : 74.375 	 SendSec : 74301.083 	 SendDropSec : 0.000
Total Time : 2571.426 	 TPS : 107.824 	 RecvSec : 63.896 	 SendSec : 63832.011 	 SendDropSec : 0.000
Total Time : 2572.428 	 TPS : 171.791 	 RecvSec : 113.862 	 SendSec : 113747.728 	 SendDropSec : 0.000
Total Time : 2574.143 	 TPS : 22.148 	 RecvSec : 5.828 	 SendSec : 5822.644 	 SendDropSec : 0.000
Total Time : 2575.144 	 TPS : 126.845 	 RecvSec : 70.913 	 SendSec : 70842.353 	 SendDropSec : 0.000
Total Time : 2576.145 	 TPS : 176.909 	 RecvSec : 105.945 	 SendSec : 105839.281 	 SendDropSec : 0.000
Total Time : 2578.029 	 TPS : 27.595 	 RecvSec : 6.899 	 SendSec : 6891.774 	 SendDropSec : 0.000
Total Time : 2579.728 	 TPS : 93.583 	 RecvSec : 37.080 	 SendSec : 37043.091 	 SendDropSec : 0.000
Total Time : 2581.437 	 TPS : 94.254 	 RecvSec : 36.882 	 SendSec : 36845.060 	 SendDropSec : 0.000
Total Time : 2582.986 	 TPS : 141.350 	 RecvSec : 81.325 	 SendSec : 81243.333 	 SendDropSec : 0.000
Total Time : 2584.193 	 TPS : 115.142 	 RecvSec : 52.187 	 SendSec : 52134.644 	 SendDropSec : 0.000
Total Time : 2585.477 	 TPS : 223.480 	 RecvSec : 98.113 	 SendSec : 98014.970 	 SendDropSec : 0.000
Total Time : 2586.600 	 TPS : 127.341 	 RecvSec : 56.101 	 SendSec : 56045.055 	 SendDropSec : 0.000
Total Time : 2588.375 	 TPS : 86.785 	 RecvSec : 35.503 	 SendSec : 35467.544 	 SendDropSec : 0.000
Total Time : 2589.504 	 TPS : 129.347 	 RecvSec : 55.814 	 SendSec : 55758.396 	 SendDropSec : 0.000
Total Time : 2591.864 	 TPS : 127.498 	 RecvSec : 53.371 	 SendSec : 53317.980 	 SendDropSec : 0.000
Total Time : 2593.841 	 TPS : 148.765 	 RecvSec : 63.757 	 SendSec : 63692.862 	 SendDropSec : 0.000
Total Time : 2595.347 	 TPS : 104.238 	 RecvSec : 41.828 	 SendSec : 41786.073 	 SendDropSec : 0.000
Total Time : 2597.501 	 TPS : 126.294 	 RecvSec : 58.504 	 SendSec : 58445.330 	 SendDropSec : 0.000
Total Time : 2598.845 	 TPS : 87.788 	 RecvSec : 46.870 	 SendSec : 46822.843 	 SendDropSec : 0.000
Total Time : 2599.942 	 TPS : 126.665 	 RecvSec : 57.409 	 SendSec : 57351.842 	 SendDropSec : 0.000
Total Time : 2601.680 	 TPS : 73.063 	 RecvSec : 36.244 	 SendSec : 36207.755 	 SendDropSec : 0.000
Total Time : 2603.743 	 TPS : 121.657 	 RecvSec : 61.071 	 SendSec : 61009.644 	 SendDropSec : 0.000
Total Time : 2604.744 	 TPS : 167.858 	 RecvSec : 111.906 	 SendSec : 111793.680 	 SendDropSec : 0.000
Total Time : 2605.745 	 TPS : 124.858 	 RecvSec : 70.919 	 SendSec : 70848.268 	 SendDropSec : 0.000
Total Time : 2607.569 	 TPS : 85.569 	 RecvSec : 37.848 	 SendSec : 37809.793 	 SendDropSec : 0.000
Total Time : 2608.569 	 TPS : 178.970 	 RecvSec : 107.982 	 SendSec : 107874.179 	 SendDropSec : 0.000
Total Time : 2610.215 	 TPS : 24.906 	 RecvSec : 10.934 	 SendSec : 10923.230 	 SendDropSec : 0.000
Total Time : 2611.216 	 TPS : 127.800 	 RecvSec : 70.889 	 SendSec : 70817.957 	 SendDropSec : 0.000
Total Time : 2612.706 	 TPS : 86.630 	 RecvSec : 36.935 	 SendSec : 36898.426 	 SendDropSec : 0.000
Total Time : 2615.301 	 TPS : 86.692 	 RecvSec : 48.547 	 SendSec : 48498.784 	 SendDropSec : 0.000
Total Time : 2616.301 	 TPS : 146.938 	 RecvSec : 79.966 	 SendSec : 79886.344 	 SendDropSec : 0.000
Total Time : 2617.368 	 TPS : 72.202 	 RecvSec : 43.133 	 SendSec : 43090.256 	 SendDropSec : 0.000
Total Time : 2618.718 	 TPS : 198.542 	 RecvSec : 93.345 	 SendSec : 93251.204 	 SendDropSec : 0.000
Total Time : 2620.709 	 TPS : 57.760 	 RecvSec : 31.642 	 SendSec : 31610.710 	 SendDropSec : 0.000
Total Time : 2622.382 	 TPS : 63.346 	 RecvSec : 37.649 	 SendSec : 37611.219 	 SendDropSec : 0.000
Total Time : 2625.113 	 TPS : 83.480 	 RecvSec : 46.134 	 SendSec : 46087.613 	 SendDropSec : 0.000
Total Time : 2626.511 	 TPS : 69.411 	 RecvSec : 45.081 	 SendSec : 45036.178 	 SendDropSec : 0.000
Total Time : 2627.512 	 TPS : 142.767 	 RecvSec : 89.854 	 SendSec : 89763.766 	 SendDropSec : 0.000
Total Time : 2628.679 	 TPS : 72.857 	 RecvSec : 30.857 	 SendSec : 30826.425 	 SendDropSec : 0.000
Total Time : 2630.473 	 TPS : 64.667 	 RecvSec : 35.121 	 SendSec : 35085.824 	 SendDropSec : 0.000
Total Time : 2631.818 	 TPS : 83.240 	 RecvSec : 46.823 	 SendSec : 46775.739 	 SendDropSec : 0.000
Total Time : 2632.865 	 TPS : 118.448 	 RecvSec : 60.179 	 SendSec : 60118.799 	 SendDropSec : 0.000
Total Time : 2633.867 	 TPS : 126.719 	 RecvSec : 65.854 	 SendSec : 65788.259 	 SendDropSec : 0.000
Total Time : 2635.228 	 TPS : 152.904 	 RecvSec : 90.419 	 SendSec : 90328.771 	 SendDropSec : 0.000
Total Time : 2636.858 	 TPS : 71.747 	 RecvSec : 38.633 	 SendSec : 38594.594 	 SendDropSec : 0.000
Total Time : 2638.825 	 TPS : 56.451 	 RecvSec : 32.040 	 SendSec : 32007.655 	 SendDropSec : 0.000
Total Time : 2640.156 	 TPS : 163.814 	 RecvSec : 94.682 	 SendSec : 94586.896 	 SendDropSec : 0.000
Total Time : 2641.305 	 TPS : 206.983 	 RecvSec : 109.579 	 SendSec : 109469.683 	 SendDropSec : 0.000
Total Time : 2642.762 	 TPS : 128.391 	 RecvSec : 86.510 	 SendSec : 86423.189 	 SendDropSec : 0.000
Total Time : 2644.012 	 TPS : 90.414 	 RecvSec : 50.408 	 SendSec : 50357.399 	 SendDropSec : 0.000
Total Time : 2645.324 	 TPS : 102.896 	 RecvSec : 48.018 	 SendSec : 47970.084 	 SendDropSec : 0.000
Total Time : 2647.019 	 TPS : 68.407 	 RecvSec : 37.152 	 SendSec : 37115.175 	 SendDropSec : 0.000
Total Time : 2648.540 	 TPS : 75.625 	 RecvSec : 41.429 	 SendSec : 41388.034 	 SendDropSec : 0.000
Total Time : 2649.723 	 TPS : 87.937 	 RecvSec : 53.269 	 SendSec : 53216.213 	 SendDropSec : 0.000
Total Time : 2651.116 	 TPS : 77.542 	 RecvSec : 45.233 	 SendSec : 45187.808 	 SendDropSec : 0.000
Total Time : 2652.400 	 TPS : 89.529 	 RecvSec : 49.046 	 SendSec : 48997.313 	 SendDropSec : 0.000
Total Time : 2654.934 	 TPS : 93.545 	 RecvSec : 49.733 	 SendSec : 49682.970 	 SendDropSec : 0.000
Total Time : 2655.934 	 TPS : 195.834 	 RecvSec : 123.895 	 SendSec : 123771.327 	 SendDropSec : 0.000
Total Time : 2656.935 	 TPS : 94.955 	 RecvSec : 61.971 	 SendSec : 61908.637 	 SendDropSec : 0.000
Total Time : 2659.328 	 TPS : 58.925 	 RecvSec : 27.582 	 SendSec : 27554.556 	 SendDropSec : 0.000
Total Time : 2660.843 	 TPS : 64.004 	 RecvSec : 41.569 	 SendSec : 41527.794 	 SendDropSec : 0.000
Total Time : 2661.860 	 TPS : 110.198 	 RecvSec : 61.986 	 SendSec : 61924.406 	 SendDropSec : 0.000
Total Time : 2663.106 	 TPS : 189.402 	 RecvSec : 101.121 	 SendSec : 101020.105 	 SendDropSec : 0.000
Total Time : 2664.252 	 TPS : 102.949 	 RecvSec : 54.964 	 SendSec : 54909.150 	 SendDropSec : 0.000
Total Time : 2665.927 	 TPS : 69.837 	 RecvSec : 37.604 	 SendSec : 37566.822 	 SendDropSec : 0.000
Total Time : 2666.928 	 TPS : 193.937 	 RecvSec : 113.963 	 SendSec : 113849.113 	 SendDropSec : 0.000
Total Time : 2668.582 	 TPS : 77.379 	 RecvSec : 45.339 	 SendSec : 45293.770 	 SendDropSec : 0.000
Total Time : 2669.954 	 TPS : 85.242 	 RecvSec : 45.900 	 SendSec : 45853.646 	 SendDropSec : 0.000
Total Time : 2671.815 	 TPS : 124.136 	 RecvSec : 67.710 	 SendSec : 67642.645 	 SendDropSec : 0.000
Total Time : 2673.447 	 TPS : 147.033 	 RecvSec : 77.192 	 SendSec : 77115.139 	 SendDropSec : 0.000
Total Time : 2675.034 	 TPS : 76.276 	 RecvSec : 39.714 	 SendSec : 39674.012 	 SendDropSec : 0.000
Total Time : 2676.469 	 TPS : 69.680 	 RecvSec : 43.898 	 SendSec : 43854.191 	 SendDropSec : 0.000
Total Time : 2677.852 	 TPS : 81.007 	 RecvSec : 45.567 	 SendSec : 45521.044 	 SendDropSec : 0.000
Total Time : 2679.448 	 TPS : 83.933 	 RecvSec : 39.461 	 SendSec : 39421.697 	 SendDropSec : 0.000
Total Time : 2680.534 	 TPS : 122.468 	 RecvSec : 58.011 	 SendSec : 57953.322 	 SendDropSec : 0.000
Total Time : 2681.556 	 TPS : 133.131 	 RecvSec : 61.671 	 SendSec : 61609.084 	 SendDropSec : 0.000
Total Time : 2683.037 	 TPS : 95.833 	 RecvSec : 42.518 	 SendSec : 42475.006 	 SendDropSec : 0.000
Total Time : 2684.963 	 TPS : 164.068 	 RecvSec : 65.419 	 SendSec : 65354.065 	 SendDropSec : 0.000
Total Time : 2687.228 	 TPS : 118.351 	 RecvSec : 55.642 	 SendSec : 55586.807 	 SendDropSec : 0.000
Total Time : 2688.615 	 TPS : 103.844 	 RecvSec : 45.432 	 SendSec : 45386.493 	 SendDropSec : 0.000
Total Time : 2689.615 	 TPS : 129.970 	 RecvSec : 70.983 	 SendSec : 70912.484 	 SendDropSec : 0.000
Total Time : 2691.960 	 TPS : 90.818 	 RecvSec : 50.313 	 SendSec : 50262.261 	 SendDropSec : 0.000
Total Time : 2694.098 	 TPS : 109.444 	 RecvSec : 58.932 	 SendSec : 58872.598 	 SendDropSec : 0.000
Total Time : 2695.468 	 TPS : 81.002 	 RecvSec : 45.974 	 SendSec : 45928.162 	 SendDropSec : 0.000
Total Time : 2697.204 	 TPS : 141.713 	 RecvSec : 72.585 	 SendSec : 72512.112 	 SendDropSec : 0.000
Total Time : 2698.596 	 TPS : 80.482 	 RecvSec : 45.271 	 SendSec : 45225.724 	 SendDropSec : 0.000
Total Time : 2699.606 	 TPS : 108.867 	 RecvSec : 62.351 	 SendSec : 62288.958 	 SendDropSec : 0.000
Total Time : 2700.606 	 TPS : 217.990 	 RecvSec : 122.995 	 SendSec : 122871.631 	 SendDropSec : 0.000
Total Time : 2702.149 	 TPS : 86.204 	 RecvSec : 42.778 	 SendSec : 42735.231 	 SendDropSec : 0.000
Total Time : 2704.703 	 TPS : 79.897 	 RecvSec : 49.348 	 SendSec : 49298.582 	 SendDropSec : 0.000
Total Time : 2706.400 	 TPS : 98.998 	 RecvSec : 37.124 	 SendSec : 37087.300 	 SendDropSec : 0.000
Total Time : 2708.366 	 TPS : 53.895 	 RecvSec : 32.032 	 SendSec : 32000.097 	 SendDropSec : 0.000
Total Time : 2709.909 	 TPS : 70.660 	 RecvSec : 40.840 	 SendSec : 40799.289 	 SendDropSec : 0.000
Total Time : 2710.976 	 TPS : 104.995 	 RecvSec : 59.059 	 SendSec : 59000.388 	 SendDropSec : 0.000
Total Time : 2712.163 	 TPS : 90.102 	 RecvSec : 53.051 	 SendSec : 52997.736 	 SendDropSec : 0.000
Total Time : 2713.862 	 TPS : 61.231 	 RecvSec : 37.092 	 SendSec : 37054.990 	 SendDropSec : 0.000
Total Time : 2714.864 	 TPS : 205.554 	 RecvSec : 122.734 	 SendSec : 122611.203 	 SendDropSec : 0.000
Total Time : 2716.735 	 TPS : 63.605 	 RecvSec : 35.277 	 SendSec : 35241.293 	 SendDropSec : 0.000
Total Time : 2718.548 	 TPS : 56.794 	 RecvSec : 34.738 	 SendSec : 34703.436 	 SendDropSec : 0.000
Total Time : 2719.900 	 TPS : 174.557 	 RecvSec : 93.195 	 SendSec : 93102.284 	 SendDropSec : 0.000
Total Time : 2720.926 	 TPS : 104.376 	 RecvSec : 61.455 	 SendSec : 61393.296 	 SendDropSec : 0.000
Total Time : 2722.175 	 TPS : 96.864 	 RecvSec : 50.433 	 SendSec : 50382.889 	 SendDropSec : 0.000
Total Time : 2723.594 	 TPS : 164.161 	 RecvSec : 88.774 	 SendSec : 88684.788 	 SendDropSec : 0.000
Total Time : 2725.014 	 TPS : 95.764 	 RecvSec : 44.361 	 SendSec : 44316.781 	 SendDropSec : 0.000
Total Time : 2727.006 	 TPS : 61.745 	 RecvSec : 31.625 	 SendSec : 31593.785 	 SendDropSec : 0.000
Total Time : 2728.345 	 TPS : 76.170 	 RecvSec : 47.046 	 SendSec : 46998.860 	 SendDropSec : 0.000
Total Time : 2730.885 	 TPS : 82.692 	 RecvSec : 49.615 	 SendSec : 49565.753 	 SendDropSec : 0.000
Total Time : 2732.356 	 TPS : 77.518 	 RecvSec : 42.839 	 SendSec : 42796.169 	 SendDropSec : 0.000
Total Time : 2733.918 	 TPS : 134.408 	 RecvSec : 80.645 	 SendSec : 80564.294 	 SendDropSec : 0.000
Total Time : 2735.847 	 TPS : 53.403 	 RecvSec : 32.664 	 SendSec : 32631.400 	 SendDropSec : 0.000
Total Time : 2737.037 	 TPS : 83.186 	 RecvSec : 52.936 	 SendSec : 52883.551 	 SendDropSec : 0.000
Total Time : 2738.808 	 TPS : 68.307 	 RecvSec : 35.565 	 SendSec : 35529.093 	 SendDropSec : 0.000
Total Time : 2740.568 	 TPS : 63.079 	 RecvSec : 35.801 	 SendSec : 35765.528 	 SendDropSec : 0.000
Total Time : 2742.140 	 TPS : 68.695 	 RecvSec : 40.072 	 SendSec : 40032.190 	 SendDropSec : 0.000
Total Time : 2743.141 	 TPS : 133.929 	 RecvSec : 73.961 	 SendSec : 73886.611 	 SendDropSec : 0.000
Total Time : 2745.477 	 TPS : 92.890 	 RecvSec : 49.227 	 SendSec : 49178.145 	 SendDropSec : 0.000
Total Time : 2746.828 	 TPS : 84.375 	 RecvSec : 46.628 	 SendSec : 46581.713 	 SendDropSec : 0.000
Total Time : 2748.265 	 TPS : 81.435 	 RecvSec : 43.850 	 SendSec : 43805.753 	 SendDropSec : 0.000
Total Time : 2750.171 	 TPS : 59.270 	 RecvSec : 33.044 	 SendSec : 33011.177 	 SendDropSec : 0.000
Total Time : 2751.986 	 TPS : 52.355 	 RecvSec : 34.720 	 SendSec : 34685.001 	 SendDropSec : 0.000
Total Time : 2753.357 	 TPS : 80.923 	 RecvSec : 45.929 	 SendSec : 45883.515 	 SendDropSec : 0.000
Total Time : 2754.431 	 TPS : 102.470 	 RecvSec : 58.687 	 SendSec : 58628.459 	 SendDropSec : 0.000
Total Time : 2755.605 	 TPS : 103.917 	 RecvSec : 53.662 	 SendSec : 53608.193 	 SendDropSec : 0.000
Total Time : 2757.206 	 TPS : 63.066 	 RecvSec : 39.338 	 SendSec : 39299.155 	 SendDropSec : 0.000
Total Time : 2759.124 	 TPS : 54.232 	 RecvSec : 32.852 	 SendSec : 32819.194 	 SendDropSec : 0.000
Total Time : 2761.374 	 TPS : 104.002 	 RecvSec : 55.556 	 SendSec : 55500.920 	 SendDropSec : 0.000
Total Time : 2762.587 	 TPS : 84.069 	 RecvSec : 52.749 	 SendSec : 52696.244 	 SendDropSec : 0.000
Total Time : 2763.588 	 TPS : 209.935 	 RecvSec : 122.962 	 SendSec : 122838.944 	 SendDropSec : 0.000
Total Time : 2764.765 	 TPS : 17.837 	 RecvSec : 2.548 	 SendSec : 2545.651 	 SendDropSec : 0.000
Total Time : 2766.098 	 TPS : 84.787 	 RecvSec : 47.271 	 SendSec : 47223.449 	 SendDropSec : 0.000
Total Time : 2767.098 	 TPS : 300.765 	 RecvSec : 124.903 	 SendSec : 124777.648 	 SendDropSec : 0.000
Total Time : 2768.099 	 TPS : 129.906 	 RecvSec : 60.956 	 SendSec : 60894.760 	 SendDropSec : 0.000
Total Time : 2769.729 	 TPS : 121.494 	 RecvSec : 40.498 	 SendSec : 40457.644 	 SendDropSec : 0.000
Total Time : 2770.729 	 TPS : 169.984 	 RecvSec : 89.992 	 SendSec : 89901.783 	 SendDropSec : 0.000
Total Time : 2771.945 	 TPS : 83.845 	 RecvSec : 29.592 	 SendSec : 29562.736 	 SendDropSec : 0.000
Total Time : 2773.545 	 TPS : 73.788 	 RecvSec : 39.395 	 SendSec : 39355.819 	 SendDropSec : 0.000
Total Time : 2775.143 	 TPS : 82.584 	 RecvSec : 39.415 	 SendSec : 39375.572 	 SendDropSec : 0.000
Total Time : 2776.695 	 TPS : 70.221 	 RecvSec : 40.586 	 SendSec : 40545.602 	 SendDropSec : 0.000
Total Time : 2778.448 	 TPS : 61.601 	 RecvSec : 35.934 	 SendSec : 35898.091 	 SendDropSec : 0.000
Total Time : 2779.540 	 TPS : 109.020 	 RecvSec : 57.717 	 SendSec : 57659.015 	 SendDropSec : 0.000
Total Time : 2781.397 	 TPS : 66.220 	 RecvSec : 33.917 	 SendSec : 33883.424 	 SendDropSec : 0.000
Total Time : 2782.893 	 TPS : 153.746 	 RecvSec : 84.226 	 SendSec : 84142.045 	 SendDropSec : 0.000
Total Time : 2785.089 	 TPS : 117.983 	 RecvSec : 57.397 	 SendSec : 57339.851 	 SendDropSec : 0.000
Total Time : 2786.690 	 TPS : 69.307 	 RecvSec : 39.336 	 SendSec : 39297.151 	 SendDropSec : 0.000
Total Time : 2787.691 	 TPS : 217.903 	 RecvSec : 122.945 	 SendSec : 122822.430 	 SendDropSec : 0.000
Total Time : 2788.791 	 TPS : 26.345 	 RecvSec : 2.725 	 SendSec : 2722.631 	 SendDropSec : 0.000
Total Time : 2789.866 	 TPS : 109.814 	 RecvSec : 58.630 	 SendSec : 58571.050 	 SendDropSec : 0.000
Total Time : 2791.209 	 TPS : 85.613 	 RecvSec : 46.901 	 SendSec : 46854.191 	 SendDropSec : 0.000
Total Time : 2793.027 	 TPS : 74.831 	 RecvSec : 34.664 	 SendSec : 34629.765 	 SendDropSec : 0.000
Total Time : 2794.037 	 TPS : 135.543 	 RecvSec : 62.330 	 SendSec : 62267.808 	 SendDropSec : 0.000
Total Time : 2795.760 	 TPS : 69.667 	 RecvSec : 36.575 	 SendSec : 36538.638 	 SendDropSec : 0.000
Total Time : 2797.317 	 TPS : 84.755 	 RecvSec : 40.451 	 SendSec : 40410.971 	 SendDropSec : 0.000
Total Time : 2798.493 	 TPS : 101.197 	 RecvSec : 53.575 	 SendSec : 53521.138 	 SendDropSec : 0.000
Total Time : 2799.676 	 TPS : 104.806 	 RecvSec : 53.248 	 SendSec : 53194.965 	 SendDropSec : 0.000
Total Time : 2800.973 	 TPS : 101.026 	 RecvSec : 48.585 	 SendSec : 48536.457 	 SendDropSec : 0.000
Total Time : 2801.975 	 TPS : 139.663 	 RecvSec : 71.827 	 SendSec : 71754.920 	 SendDropSec : 0.000
Total Time : 2803.460 	 TPS : 69.400 	 RecvSec : 36.384 	 SendSec : 36347.980 	 SendDropSec : 0.000
Total Time : 2805.241 	 TPS : 122.922 	 RecvSec : 70.722 	 SendSec : 70651.767 	 SendDropSec : 0.000
Total Time : 2806.248 	 TPS : 112.289 	 RecvSec : 62.604 	 SendSec : 62541.146 	 SendDropSec : 0.000
Total Time : 2807.248 	 TPS : 195.980 	 RecvSec : 122.987 	 SendSec : 122864.198 	 SendDropSec : 0.000
Total Time : 2808.283 	 TPS : 121.741 	 RecvSec : 63.769 	 SendSec : 63705.320 	 SendDropSec : 0.000
Total Time : 2809.940 	 TPS : 66.390 	 RecvSec : 38.023 	 SendSec : 37985.421 	 SendDropSec : 0.000
Total Time : 2810.940 	 TPS : 237.983 	 RecvSec : 124.991 	 SendSec : 124866.147 	 SendDropSec : 0.000
Total Time : 2811.955 	 TPS : 2.955 	 RecvSec : 0.985 	 SendSec : 984.017 	 SendDropSec : 0.000
Total Time : 2813.276 	 TPS : 104.484 	 RecvSec : 47.699 	 SendSec : 47651.694 	 SendDropSec : 0.000
Total Time : 2814.444 	 TPS : 193.459 	 RecvSec : 107.858 	 SendSec : 107749.693 	 SendDropSec : 0.000
Total Time : 2815.444 	 TPS : 218.912 	 RecvSec : 122.950 	 SendSec : 122827.501 	 SendDropSec : 0.000
Total Time : 2816.914 	 TPS : 103.434 	 RecvSec : 44.912 	 SendSec : 44867.022 	 SendDropSec : 0.000
Total Time : 2818.168 	 TPS : 95.648 	 RecvSec : 50.215 	 SendSec : 50165.169 	 SendDropSec : 0.000
Total Time : 2820.137 	 TPS : 64.514 	 RecvSec : 32.003 	 SendSec : 31970.951 	 SendDropSec : 0.000
Total Time : 2821.368 	 TPS : 92.611 	 RecvSec : 51.180 	 SendSec : 51128.716 	 SendDropSec : 0.000
Total Time : 2823.250 	 TPS : 55.270 	 RecvSec : 33.481 	 SendSec : 33447.194 	 SendDropSec : 0.000
Total Time : 2824.878 	 TPS : 70.618 	 RecvSec : 38.686 	 SendSec : 38647.739 	 SendDropSec : 0.000
Total Time : 2826.690 	 TPS : 128.041 	 RecvSec : 69.540 	 SendSec : 69470.200 	 SendDropSec : 0.000
Total Time : 2827.778 	 TPS : 98.323 	 RecvSec : 57.891 	 SendSec : 57833.048 	 SendDropSec : 0.000
Total Time : 2830.064 	 TPS : 106.314 	 RecvSec : 55.126 	 SendSec : 55070.752 	 SendDropSec : 0.000
Total Time : 2832.599 	 TPS : 91.496 	 RecvSec : 49.692 	 SendSec : 49642.199 	 SendDropSec : 0.000
Total Time : 2833.882 	 TPS : 187.885 	 RecvSec : 98.231 	 SendSec : 98132.279 	 SendDropSec : 0.000
Total Time : 2835.136 	 TPS : 96.509 	 RecvSec : 50.249 	 SendSec : 50198.422 	 SendDropSec : 0.000
Total Time : 2837.114 	 TPS : 49.538 	 RecvSec : 31.846 	 SendSec : 31813.873 	 SendDropSec : 0.000
Total Time : 2838.205 	 TPS : 103.622 	 RecvSec : 57.772 	 SendSec : 57713.850 	 SendDropSec : 0.000
Total Time : 2839.206 	 TPS : 134.873 	 RecvSec : 71.932 	 SendSec : 71860.329 	 SendDropSec : 0.000
Total Time : 2840.771 	 TPS : 64.531 	 RecvSec : 34.502 	 SendSec : 34467.052 	 SendDropSec : 0.000
Total Time : 2842.143 	 TPS : 79.410 	 RecvSec : 45.897 	 SendSec : 45851.425 	 SendDropSec : 0.000
Total Time : 2844.290 	 TPS : 109.955 	 RecvSec : 58.705 	 SendSec : 58646.299 	 SendDropSec : 0.000
Total Time : 2845.830 	 TPS : 107.782 	 RecvSec : 40.905 	 SendSec : 40864.416 	 SendDropSec : 0.000
Total Time : 2847.657 	 TPS : 77.716 	 RecvSec : 34.480 	 SendSec : 34445.231 	 SendDropSec : 0.000
Total Time : 2848.844 	 TPS : 118.812 	 RecvSec : 53.086 	 SendSec : 53033.087 	 SendDropSec : 0.000
Total Time : 2851.296 	 TPS : 130.905 	 RecvSec : 51.383 	 SendSec : 51331.738 	 SendDropSec : 0.000
Total Time : 2852.956 	 TPS : 192.776 	 RecvSec : 75.906 	 SendSec : 75829.734 	 SendDropSec : 0.000
Total Time : 2854.625 	 TPS : 86.270 	 RecvSec : 37.743 	 SendSec : 37705.390 	 SendDropSec : 0.000
Total Time : 2856.254 	 TPS : 166.937 	 RecvSec : 77.331 	 SendSec : 77253.665 	 SendDropSec : 0.000
Total Time : 2857.881 	 TPS : 175.871 	 RecvSec : 77.482 	 SendSec : 77404.316 	 SendDropSec : 0.000
Total Time : 2859.670 	 TPS : 79.371 	 RecvSec : 35.214 	 SendSec : 35178.707 	 SendDropSec : 0.000
Total Time : 2861.245 	 TPS : 88.266 	 RecvSec : 40.006 	 SendSec : 39965.659 	 SendDropSec : 0.000
Total Time : 2862.660 	 TPS : 105.252 	 RecvSec : 44.503 	 SendSec : 44458.026 	 SendDropSec : 0.000
Total Time : 2864.433 	 TPS : 168.084 	 RecvSec : 71.069 	 SendSec : 70997.895 	 SendDropSec : 0.000
Total Time : 2866.048 	 TPS : 172.800 	 RecvSec : 78.039 	 SendSec : 77960.735 	 SendDropSec : 0.000
Total Time : 2867.598 	 TPS : 94.203 	 RecvSec : 40.649 	 SendSec : 40608.485 	 SendDropSec : 0.000
Total Time : 2869.826 	 TPS : 122.484 	 RecvSec : 56.531 	 SendSec : 56474.474 	 SendDropSec : 0.000
Total Time : 2871.243 	 TPS : 102.358 	 RecvSec : 44.473 	 SendSec : 44428.431 	 SendDropSec : 0.000
Total Time : 2872.797 	 TPS : 84.301 	 RecvSec : 40.542 	 SendSec : 40501.121 	 SendDropSec : 0.000
Total Time : 2874.053 	 TPS : 112.289 	 RecvSec : 50.172 	 SendSec : 50121.715 	 SendDropSec : 0.000
Total Time : 2875.053 	 TPS : 261.803 	 RecvSec : 124.906 	 SendSec : 124781.090 	 SendDropSec : 0.000
Total Time : 2876.840 	 TPS : 3.358 	 RecvSec : 0.560 	 SendSec : 559.053 	 SendDropSec : 0.000
Total Time : 2877.842 	 TPS : 145.731 	 RecvSec : 62.884 	 SendSec : 62821.045 	 SendDropSec : 0.000
Total Time : 2880.375 	 TPS : 108.968 	 RecvSec : 49.746 	 SendSec : 49696.734 	 SendDropSec : 0.000
Total Time : 2881.668 	 TPS : 102.857 	 RecvSec : 48.722 	 SendSec : 48673.183 	 SendDropSec : 0.000
Total Time : 2882.803 	 TPS : 230.888 	 RecvSec : 111.038 	 SendSec : 110926.597 	 SendDropSec : 0.000
Total Time : 2884.305 	 TPS : 89.857 	 RecvSec : 41.933 	 SendSec : 41891.543 	 SendDropSec : 0.000
Total Time : 2886.012 	 TPS : 69.115 	 RecvSec : 36.900 	 SendSec : 36863.527 	 SendDropSec : 0.000
Total Time : 2887.039 	 TPS : 135.364 	 RecvSec : 61.352 	 SendSec : 61290.534 	 SendDropSec : 0.000
Total Time : 2888.332 	 TPS : 105.214 	 RecvSec : 48.739 	 SendSec : 48690.263 	 SendDropSec : 0.000
Total Time : 2889.332 	 TPS : 187.973 	 RecvSec : 90.987 	 SendSec : 90896.156 	 SendDropSec : 0.000
Total Time : 2890.739 	 TPS : 56.156 	 RecvSec : 24.879 	 SendSec : 24854.518 	 SendDropSec : 0.000
Total Time : 2892.671 	 TPS : 139.767 	 RecvSec : 65.224 	 SendSec : 65159.226 	 SendDropSec : 0.000
Total Time : 2894.115 	 TPS : 162.068 	 RecvSec : 87.267 	 SendSec : 87179.893 	 SendDropSec : 0.000
Total Time : 2895.173 	 TPS : 141.773 	 RecvSec : 69.941 	 SendSec : 69871.424 	 SendDropSec : 0.000
Total Time : 2896.278 	 TPS : 93.209 	 RecvSec : 47.057 	 SendSec : 47009.782 	 SendDropSec : 0.000
Total Time : 2898.078 	 TPS : 51.662 	 RecvSec : 34.997 	 SendSec : 34961.667 	 SendDropSec : 0.000
Total Time : 2899.079 	 TPS : 221.791 	 RecvSec : 110.896 	 SendSec : 110784.807 	 SendDropSec : 0.000
Total Time : 2901.079 	 TPS : 103.965 	 RecvSec : 38.987 	 SendSec : 38948.024 	 SendDropSec : 0.000
Total Time : 2902.081 	 TPS : 188.743 	 RecvSec : 89.878 	 SendSec : 89787.673 	 SendDropSec : 0.000
Total Time : 2903.244 	 TPS : 73.050 	 RecvSec : 30.939 	 SendSec : 30908.009 	 SendDropSec : 0.000
Total Time : 2904.879 	 TPS : 81.976 	 RecvSec : 38.541 	 SendSec : 38502.479 	 SendDropSec : 0.000
Total Time : 2905.879 	 TPS : 285.884 	 RecvSec : 124.949 	 SendSec : 124824.271 	 SendDropSec : 0.000
Total Time : 2906.881 	 TPS : 135.762 	 RecvSec : 61.891 	 SendSec : 61829.551 	 SendDropSec : 0.000
Total Time : 2908.186 	 TPS : 127.186 	 RecvSec : 49.802 	 SendSec : 49752.105 	 SendDropSec : 0.000
Total Time : 2909.866 	 TPS : 81.565 	 RecvSec : 37.508 	 SendSec : 37470.460 	 SendDropSec : 0.000
Total Time : 2911.011 	 TPS : 110.055 	 RecvSec : 55.027 	 SendSec : 54972.309 	 SendDropSec : 0.000
Total Time : 2912.013 	 TPS : 185.637 	 RecvSec : 74.854 	 SendSec : 74778.927 	 SendDropSec : 0.000
Total Time : 2913.049 	 TPS : 94.527 	 RecvSec : 49.193 	 SendSec : 49143.445 	 SendDropSec : 0.000
Total Time : 2914.695 	 TPS : 97.859 	 RecvSec : 38.293 	 SendSec : 38254.493 	 SendDropSec : 0.000
Total Time : 2915.695 	 TPS : 122.978 	 RecvSec : 73.987 	 SendSec : 73912.821 	 SendDropSec : 0.000
Total Time : 2917.400 	 TPS : 137.240 	 RecvSec : 67.447 	 SendSec : 67379.603 	 SendDropSec : 0.000
Total Time : 2919.131 	 TPS : 73.964 	 RecvSec : 36.404 	 SendSec : 36367.553 	 SendDropSec : 0.000
Total Time : 2920.663 	 TPS : 86.774 	 RecvSec : 41.103 	 SendSec : 41062.329 	 SendDropSec : 0.000
Total Time : 2922.321 	 TPS : 71.169 	 RecvSec : 37.997 	 SendSec : 37958.912 	 SendDropSec : 0.000
Total Time : 2923.442 	 TPS : 99.959 	 RecvSec : 56.227 	 SendSec : 56170.454 	 SendDropSec : 0.000
Total Time : 2925.192 	 TPS : 146.267 	 RecvSec : 71.991 	 SendSec : 71918.708 	 SendDropSec : 0.000
Total Time : 2927.177 	 TPS : 66.985 	 RecvSec : 31.730 	 SendSec : 31698.215 	 SendDropSec : 0.000
Total Time : 2928.251 	 TPS : 108.065 	 RecvSec : 58.691 	 SendSec : 58631.955 	 SendDropSec : 0.000
Total Time : 2929.841 	 TPS : 77.374 	 RecvSec : 39.631 	 SendSec : 39591.062 	 SendDropSec : 0.000
Total Time : 2931.504 	 TPS : 76.931 	 RecvSec : 37.864 	 SendSec : 37826.381 	 SendDropSec : 0.000
Total Time : 2933.383 	 TPS : 62.280 	 RecvSec : 33.535 	 SendSec : 33501.892 	 SendDropSec : 0.000
Total Time : 2935.324 	 TPS : 62.335 	 RecvSec : 32.456 	 SendSec : 32423.208 	 SendDropSec : 0.000
Total Time : 2936.449 	 TPS : 83.597 	 RecvSec : 56.028 	 SendSec : 55972.081 	 SendDropSec : 0.000
Total Time : 2937.574 	 TPS : 97.727 	 RecvSec : 55.971 	 SendSec : 55914.790 	 SendDropSec : 0.000
Total Time : 2938.917 	 TPS : 96.039 	 RecvSec : 46.903 	 SendSec : 46855.918 	 SendDropSec : 0.000
Total Time : 2940.566 	 TPS : 77.023 	 RecvSec : 38.208 	 SendSec : 38169.805 	 SendDropSec : 0.000
Total Time : 2942.986 	 TPS : 97.130 	 RecvSec : 52.078 	 SendSec : 52026.037 	 SendDropSec : 0.000
Total Time : 2944.290 	 TPS : 95.862 	 RecvSec : 48.315 	 SendSec : 48266.210 	 SendDropSec : 0.000
Total Time : 2945.290 	 TPS : 174.895 	 RecvSec : 108.935 	 SendSec : 108825.683 	 SendDropSec : 0.000
Total Time : 2946.491 	 TPS : 44.153 	 RecvSec : 13.329 	 SendSec : 13315.891 	 SendDropSec : 0.000
Total Time : 2948.062 	 TPS : 69.347 	 RecvSec : 40.718 	 SendSec : 40676.921 	 SendDropSec : 0.000
Total Time : 2949.694 	 TPS : 155.041 	 RecvSec : 77.214 	 SendSec : 77136.764 	 SendDropSec : 0.000
Total Time : 2950.741 	 TPS : 107.999 	 RecvSec : 60.212 	 SendSec : 60151.648 	 SendDropSec : 0.000
Total Time : 2953.490 	 TPS : 93.825 	 RecvSec : 45.822 	 SendSec : 45775.844 	 SendDropSec : 0.000
Total Time : 2955.132 	 TPS : 79.191 	 RecvSec : 38.377 	 SendSec : 38338.867 	 SendDropSec : 0.000
Total Time : 2956.213 	 TPS : 130.392 	 RecvSec : 58.260 	 SendSec : 58201.860 	 SendDropSec : 0.000
Total Time : 2957.491 	 TPS : 97.077 	 RecvSec : 49.321 	 SendSec : 49271.909 	 SendDropSec : 0.000
Total Time : 2958.491 	 TPS : 144.997 	 RecvSec : 74.998 	 SendSec : 74923.277 	 SendDropSec : 0.000
Total Time : 2959.894 	 TPS : 61.990 	 RecvSec : 36.339 	 SendSec : 36302.732 	 SendDropSec : 0.000
Total Time : 2961.518 	 TPS : 76.362 	 RecvSec : 38.797 	 SendSec : 38758.141 	 SendDropSec : 0.000
Total Time : 2963.898 	 TPS : 100.006 	 RecvSec : 52.944 	 SendSec : 52891.464 	 SendDropSec : 0.000
Total Time : 2965.934 	 TPS : 124.715 	 RecvSec : 61.867 	 SendSec : 61804.670 	 SendDropSec : 0.000
Total Time : 2967.034 	 TPS : 218.358 	 RecvSec : 114.638 	 SendSec : 114523.413 	 SendDropSec : 0.000
Total Time : 2968.035 	 TPS : 242.665 	 RecvSec : 124.828 	 SendSec : 124702.947 	 SendDropSec : 0.000
Total Time : 2969.036 	 TPS : 55.949 	 RecvSec : 38.964 	 SendSec : 38925.383 	 SendDropSec : 0.000
Total Time : 2970.093 	 TPS : 70.003 	 RecvSec : 23.650 	 SendSec : 23626.094 	 SendDropSec : 0.000
Total Time : 2971.658 	 TPS : 81.779 	 RecvSec : 40.250 	 SendSec : 40210.115 	 SendDropSec : 0.000
Total Time : 2973.058 	 TPS : 79.307 	 RecvSec : 45.012 	 SendSec : 44966.955 	 SendDropSec : 0.000
Total Time : 2974.566 	 TPS : 83.550 	 RecvSec : 41.775 	 SendSec : 41733.205 	 SendDropSec : 0.000
Total Time : 2976.504 	 TPS : 52.105 	 RecvSec : 32.501 	 SendSec : 32468.434 	 SendDropSec : 0.000
Total Time : 2978.703 	 TPS : 105.060 	 RecvSec : 57.305 	 SendSec : 57247.891 	 SendDropSec : 0.000
Total Time : 2979.948 	 TPS : 89.953 	 RecvSec : 50.598 	 SendSec : 50547.719 	 SendDropSec : 0.000
Total Time : 2981.218 	 TPS : 91.339 	 RecvSec : 49.606 	 SendSec : 49556.794 	 SendDropSec : 0.000
Total Time : 2982.736 	 TPS : 85.621 	 RecvSec : 41.493 	 SendSec : 41451.769 	 SendDropSec : 0.000
Total Time : 2984.356 	 TPS : 140.143 	 RecvSec : 77.789 	 SendSec : 77711.052 	 SendDropSec : 0.000
Total Time : 2986.774 	 TPS : 95.538 	 RecvSec : 52.112 	 SendSec : 52059.417 	 SendDropSec : 0.000
Total Time : 2987.779 	 TPS : 118.458 	 RecvSec : 62.713 	 SendSec : 62650.350 	 SendDropSec : 0.000
Total Time : 2990.395 	 TPS : 93.274 	 RecvSec : 48.166 	 SendSec : 48117.716 	 SendDropSec : 0.000
Total Time : 2992.128 	 TPS : 119.427 	 RecvSec : 72.695 	 SendSec : 72622.294 	 SendDropSec : 0.000
Total Time : 2993.130 	 TPS : 115.753 	 RecvSec : 62.866 	 SendSec : 62802.809 	 SendDropSec : 0.000
Total Time : 2994.303 	 TPS : 103.163 	 RecvSec : 53.713 	 SendSec : 53659.164 	 SendDropSec : 0.000
Total Time : 2995.551 	 TPS : 171.498 	 RecvSec : 100.975 	 SendSec : 100874.504 	 SendDropSec : 0.000
Total Time : 2997.279 	 TPS : 68.274 	 RecvSec : 36.452 	 SendSec : 36415.176 	 SendDropSec : 0.000
Total Time : 2999.205 	 TPS : 128.768 	 RecvSec : 65.423 	 SendSec : 65357.220 	 SendDropSec : 0.000
Total Time : 3000.440 	 TPS : 94.714 	 RecvSec : 51.000 	 SendSec : 50948.724 	 SendDropSec : 0.000
Total Time : 3001.610 	 TPS : 94.076 	 RecvSec : 53.880 	 SendSec : 53825.947 	 SendDropSec : 0.000
Total Time : 3003.416 	 TPS : 133.967 	 RecvSec : 69.752 	 SendSec : 69681.859 	 SendDropSec : 0.000
Total Time : 3004.878 	 TPS : 160.751 	 RecvSec : 86.190 	 SendSec : 86103.564 	 SendDropSec : 0.000
Total Time : 3006.677 	 TPS : 122.825 	 RecvSec : 70.027 	 SendSec : 69956.996 	 SendDropSec : 0.000
Total Time : 3007.895 	 TPS : 105.947 	 RecvSec : 51.742 	 SendSec : 51689.954 	 SendDropSec : 0.000
Total Time : 3009.838 	 TPS : 72.545 	 RecvSec : 32.414 	 SendSec : 32381.430 	 SendDropSec : 0.000
Total Time : 3011.611 	 TPS : 70.497 	 RecvSec : 35.530 	 SendSec : 35494.759 	 SendDropSec : 0.000
Total Time : 3012.691 	 TPS : 115.843 	 RecvSec : 58.385 	 SendSec : 58326.738 	 SendDropSec : 0.000
Total Time : 3013.692 	 TPS : 205.686 	 RecvSec : 110.831 	 SendSec : 110719.732 	 SendDropSec : 0.000
Total Time : 3015.467 	 TPS : 29.855 	 RecvSec : 8.449 	 SendSec : 8441.039 	 SendDropSec : 0.000
Total Time : 3016.471 	 TPS : 231.224 	 RecvSec : 124.582 	 SendSec : 124457.272 	 SendDropSec : 0.000
Total Time : 3018.099 	 TPS : 1.228 	 RecvSec : 0.614 	 SendSec : 613.467 	 SendDropSec : 0.000
Total Time : 3019.981 	 TPS : 60.589 	 RecvSec : 33.483 	 SendSec : 33449.918 	 SendDropSec : 0.000
Total Time : 3021.502 	 TPS : 80.850 	 RecvSec : 41.411 	 SendSec : 41369.679 	 SendDropSec : 0.000
Total Time : 3022.956 	 TPS : 85.961 	 RecvSec : 43.324 	 SendSec : 43281.074 	 SendDropSec : 0.000
Total Time : 3024.440 	 TPS : 75.467 	 RecvSec : 42.450 	 SendSec : 42407.474 	 SendDropSec : 0.000
Total Time : 3025.443 	 TPS : 104.686 	 RecvSec : 62.811 	 SendSec : 62748.541 	 SendDropSec : 0.000
Total Time : 3026.770 	 TPS : 87.433 	 RecvSec : 47.485 	 SendSec : 47437.592 	 SendDropSec : 0.000
Total Time : 3027.771 	 TPS : 161.904 	 RecvSec : 74.955 	 SendSec : 74880.446 	 SendDropSec : 0.000
Total Time : 3029.593 	 TPS : 55.979 	 RecvSec : 27.990 	 SendSec : 27961.620 	 SendDropSec : 0.000
Total Time : 3030.736 	 TPS : 228.360 	 RecvSec : 110.243 	 SendSec : 110132.392 	 SendDropSec : 0.000
Total Time : 3032.669 	 TPS : 108.072 	 RecvSec : 65.154 	 SendSec : 65088.389 	 SendDropSec : 0.000
Total Time : 3034.287 	 TPS : 72.351 	 RecvSec : 38.958 	 SendSec : 38919.033 	 SendDropSec : 0.000
Total Time : 3035.947 	 TPS : 79.487 	 RecvSec : 37.937 	 SendSec : 37899.084 	 SendDropSec : 0.000
Total Time : 3037.664 	 TPS : 141.524 	 RecvSec : 73.383 	 SendSec : 73309.213 	 SendDropSec : 0.000
Total Time : 3038.665 	 TPS : 226.821 	 RecvSec : 120.905 	 SendSec : 120783.617 	 SendDropSec : 0.000
Total Time : 3039.665 	 TPS : 26.997 	 RecvSec : 8.999 	 SendSec : 8990.130 	 SendDropSec : 0.000
Total Time : 3041.204 	 TPS : 67.585 	 RecvSec : 38.342 	 SendSec : 38303.330 	 SendDropSec : 0.000
Total Time : 3042.650 	 TPS : 89.204 	 RecvSec : 43.565 	 SendSec : 43521.008 	 SendDropSec : 0.000
Total Time : 3044.398 	 TPS : 68.661 	 RecvSec : 36.047 	 SendSec : 36011.189 	 SendDropSec : 0.000
Total Time : 3045.459 	 TPS : 105.542 	 RecvSec : 59.368 	 SendSec : 59308.193 	 SendDropSec : 0.000
Total Time : 3046.718 	 TPS : 91.317 	 RecvSec : 50.026 	 SendSec : 49976.019 	 SendDropSec : 0.000
Total Time : 3048.605 	 TPS : 65.207 	 RecvSec : 33.399 	 SendSec : 33365.276 	 SendDropSec : 0.000
Total Time : 3050.324 	 TPS : 70.956 	 RecvSec : 36.641 	 SendSec : 36604.403 	 SendDropSec : 0.000
Total Time : 3051.593 	 TPS : 122.172 	 RecvSec : 49.657 	 SendSec : 49607.152 	 SendDropSec : 0.000
Total Time : 3052.642 	 TPS : 141.963 	 RecvSec : 60.025 	 SendSec : 59964.563 	 SendDropSec : 0.000
Total Time : 3054.179 	 TPS : 167.218 	 RecvSec : 81.982 	 SendSec : 81900.446 	 SendDropSec : 0.000
Total Time : 3055.972 	 TPS : 79.780 	 RecvSec : 35.148 	 SendSec : 35112.698 	 SendDropSec : 0.000
Total Time : 3057.154 	 TPS : 118.376 	 RecvSec : 53.269 	 SendSec : 53215.803 	 SendDropSec : 0.000
Total Time : 3058.971 	 TPS : 77.621 	 RecvSec : 34.682 	 SendSec : 34647.139 	 SendDropSec : 0.000
Total Time : 3061.630 	 TPS : 74.082 	 RecvSec : 47.382 	 SendSec : 47335.045 	 SendDropSec : 0.000
Total Time : 3062.987 	 TPS : 103.185 	 RecvSec : 46.433 	 SendSec : 46386.908 	 SendDropSec : 0.000
Total Time : 3065.540 	 TPS : 123.778 	 RecvSec : 49.355 	 SendSec : 49305.246 	 SendDropSec : 0.000
Total Time : 3066.540 	 TPS : 203.908 	 RecvSec : 110.950 	 SendSec : 110839.001 	 SendDropSec : 0.000
Total Time : 3068.134 	 TPS : 37.028 	 RecvSec : 9.414 	 SendSec : 9404.509 	 SendDropSec : 0.000
Total Time : 3069.386 	 TPS : 135.712 	 RecvSec : 50.293 	 SendSec : 50242.896 	 SendDropSec : 0.000
Total Time : 3070.422 	 TPS : 150.556 	 RecvSec : 60.801 	 SendSec : 60740.484 	 SendDropSec : 0.000
Total Time : 3072.351 	 TPS : 80.378 	 RecvSec : 32.670 	 SendSec : 32636.955 	 SendDropSec : 0.000
Total Time : 3073.351 	 TPS : 171.890 	 RecvSec : 74.952 	 SendSec : 74877.071 	 SendDropSec : 0.000
Total Time : 3075.262 	 TPS : 58.620 	 RecvSec : 26.693 	 SendSec : 26666.381 	 SendDropSec : 0.000
Total Time : 3076.649 	 TPS : 103.859 	 RecvSec : 45.438 	 SendSec : 45392.984 	 SendDropSec : 0.000
Total Time : 3077.806 	 TPS : 118.410 	 RecvSec : 54.451 	 SendSec : 54397.021 	 SendDropSec : 0.000
Total Time : 3078.806 	 TPS : 294.774 	 RecvSec : 124.904 	 SendSec : 124779.332 	 SendDropSec : 0.000
Total Time : 3080.241 	 TPS : 6.273 	 RecvSec : 0.697 	 SendSec : 696.343 	 SendDropSec : 0.000
Total Time : 3081.775 	 TPS : 88.657 	 RecvSec : 41.069 	 SendSec : 41028.205 	 SendDropSec : 0.000
Total Time : 3083.544 	 TPS : 94.986 	 RecvSec : 35.620 	 SendSec : 35584.042 	 SendDropSec : 0.000
Total Time : 3085.486 	 TPS : 74.131 	 RecvSec : 32.432 	 SendSec : 32399.768 	 SendDropSec : 0.000
Total Time : 3087.145 	 TPS : 178.447 	 RecvSec : 75.960 	 SendSec : 75884.428 	 SendDropSec : 0.000
Total Time : 3088.723 	 TPS : 87.429 	 RecvSec : 39.913 	 SendSec : 39873.271 	 SendDropSec : 0.000
Total Time : 3090.722 	 TPS : 74.553 	 RecvSec : 31.522 	 SendSec : 31490.786 	 SendDropSec : 0.000
Total Time : 3092.572 	 TPS : 66.481 	 RecvSec : 34.051 	 SendSec : 34016.992 	 SendDropSec : 0.000
Total Time : 3094.178 	 TPS : 83.421 	 RecvSec : 39.221 	 SendSec : 39181.300 	 SendDropSec : 0.000
Total Time : 3095.966 	 TPS : 80.008 	 RecvSec : 35.248 	 SendSec : 35212.840 	 SendDropSec : 0.000
Total Time : 3097.324 	 TPS : 175.976 	 RecvSec : 92.774 	 SendSec : 92681.331 	 SendDropSec : 0.000
Total Time : 3099.065 	 TPS : 134.392 	 RecvSec : 72.365 	 SendSec : 72292.669 	 SendDropSec : 0.000
Total Time : 3100.065 	 TPS : 156.975 	 RecvSec : 77.987 	 SendSec : 77909.433 	 SendDropSec : 0.000
Total Time : 3101.926 	 TPS : 40.845 	 RecvSec : 25.797 	 SendSec : 25770.840 	 SendDropSec : 0.000
Total Time : 3103.182 	 TPS : 81.989 	 RecvSec : 50.148 	 SendSec : 50098.247 	 SendDropSec : 0.000
Total Time : 3105.505 	 TPS : 98.581 	 RecvSec : 54.241 	 SendSec : 54186.615 	 SendDropSec : 0.000
Total Time : 3106.976 	 TPS : 65.269 	 RecvSec : 42.833 	 SendSec : 42789.701 	 SendDropSec : 0.000
Total Time : 3109.163 	 TPS : 102.446 	 RecvSec : 57.626 	 SendSec : 57568.417 	 SendDropSec : 0.000
Total Time : 3111.108 	 TPS : 54.480 	 RecvSec : 32.379 	 SendSec : 32347.074 	 SendDropSec : 0.000
Total Time : 3112.383 	 TPS : 87.061 	 RecvSec : 49.413 	 SendSec : 49363.832 	 SendDropSec : 0.000
Total Time : 3114.101 	 TPS : 132.755 	 RecvSec : 73.365 	 SendSec : 73291.336 	 SendDropSec : 0.000
Total Time : 3115.813 	 TPS : 138.961 	 RecvSec : 73.567 	 SendSec : 73493.830 	 SendDropSec : 0.000
Total Time : 3117.604 	 TPS : 60.296 	 RecvSec : 35.173 	 SendSec : 35137.439 	 SendDropSec : 0.000
Total Time : 3118.943 	 TPS : 92.671 	 RecvSec : 47.083 	 SendSec : 47035.723 	 SendDropSec : 0.000
Total Time : 3120.675 	 TPS : 73.305 	 RecvSec : 36.364 	 SendSec : 36327.560 	 SendDropSec : 0.000
Total Time : 3122.870 	 TPS : 105.242 	 RecvSec : 57.405 	 SendSec : 57347.461 	 SendDropSec : 0.000
Total Time : 3124.741 	 TPS : 142.178 	 RecvSec : 67.347 	 SendSec : 67280.009 	 SendDropSec : 0.000
Total Time : 3126.469 	 TPS : 79.290 	 RecvSec : 36.462 	 SendSec : 36425.505 	 SendDropSec : 0.000
Total Time : 3127.894 	 TPS : 75.776 	 RecvSec : 44.203 	 SendSec : 44158.442 	 SendDropSec : 0.000
Total Time : 3129.431 	 TPS : 74.156 	 RecvSec : 40.981 	 SendSec : 40939.989 	 SendDropSec : 0.000
Total Time : 3130.802 	 TPS : 80.239 	 RecvSec : 45.955 	 SendSec : 45908.922 	 SendDropSec : 0.000
Total Time : 3132.650 	 TPS : 63.850 	 RecvSec : 34.089 	 SendSec : 34055.160 	 SendDropSec : 0.000
Total Time : 3133.850 	 TPS : 105.048 	 RecvSec : 52.524 	 SendSec : 52471.707 	 SendDropSec : 0.000
Total Time : 3134.923 	 TPS : 115.487 	 RecvSec : 58.675 	 SendSec : 58616.004 	 SendDropSec : 0.000
Total Time : 3136.276 	 TPS : 86.489 	 RecvSec : 46.571 	 SendSec : 46524.363 	 SendDropSec : 0.000
Total Time : 3137.394 	 TPS : 101.987 	 RecvSec : 56.361 	 SendSec : 56304.665 	 SendDropSec : 0.000
Total Time : 3138.466 	 TPS : 107.290 	 RecvSec : 58.776 	 SendSec : 58717.567 	 SendDropSec : 0.000
Total Time : 3140.040 	 TPS : 154.372 	 RecvSec : 80.045 	 SendSec : 79964.760 	 SendDropSec : 0.000
Total Time : 3142.009 	 TPS : 58.925 	 RecvSec : 32.002 	 SendSec : 31970.463 	 SendDropSec : 0.000
Total Time : 3143.672 	 TPS : 110.022 	 RecvSec : 75.753 	 SendSec : 75677.245 	 SendDropSec : 0.000
Total Time : 3145.429 	 TPS : 75.121 	 RecvSec : 35.853 	 SendSec : 35817.392 	 SendDropSec : 0.000
Total Time : 3146.511 	 TPS : 104.429 	 RecvSec : 58.222 	 SendSec : 58163.488 	 SendDropSec : 0.000
Total Time : 3147.952 	 TPS : 87.425 	 RecvSec : 43.713 	 SendSec : 43668.934 	 SendDropSec : 0.000
Total Time : 3149.202 	 TPS : 106.447 	 RecvSec : 50.422 	 SendSec : 50372.030 	 SendDropSec : 0.000
Total Time : 3151.601 	 TPS : 92.935 	 RecvSec : 52.511 	 SendSec : 52458.005 	 SendDropSec : 0.000
Total Time : 3153.348 	 TPS : 62.979 	 RecvSec : 36.070 	 SendSec : 36033.545 	 SendDropSec : 0.000
Total Time : 3154.631 	 TPS : 211.172 	 RecvSec : 98.183 	 SendSec : 98085.015 	 SendDropSec : 0.000
Total Time : 3156.367 	 TPS : 74.299 	 RecvSec : 36.285 	 SendSec : 36249.184 	 SendDropSec : 0.000
Total Time : 3157.763 	 TPS : 83.146 	 RecvSec : 45.157 	 SendSec : 45111.864 	 SendDropSec : 0.000
Total Time : 3159.151 	 TPS : 175.058 	 RecvSec : 90.771 	 SendSec : 90680.088 	 SendDropSec : 0.000
Total Time : 3160.677 	 TPS : 157.948 	 RecvSec : 82.579 	 SendSec : 82496.251 	 SendDropSec : 0.000
Total Time : 3163.004 	 TPS : 104.426 	 RecvSec : 54.147 	 SendSec : 54092.909 	 SendDropSec : 0.000
Total Time : 3164.534 	 TPS : 84.271 	 RecvSec : 41.155 	 SendSec : 41114.286 	 SendDropSec : 0.000
Total Time : 3167.280 	 TPS : 102.707 	 RecvSec : 45.890 	 SendSec : 45844.259 	 SendDropSec : 0.000
Total Time : 3168.280 	 TPS : 280.954 	 RecvSec : 117.981 	 SendSec : 117862.659 	 SendDropSec : 0.000
Total Time : 3169.816 	 TPS : 128.297 	 RecvSec : 46.239 	 SendSec : 46192.666 	 SendDropSec : 0.000
Total Time : 3171.244 	 TPS : 121.826 	 RecvSec : 44.109 	 SendSec : 44065.164 	 SendDropSec : 0.000
Total Time : 3172.844 	 TPS : 96.217 	 RecvSec : 39.361 	 SendSec : 39322.088 	 SendDropSec : 0.000
Total Time : 3173.845 	 TPS : 251.836 	 RecvSec : 116.924 	 SendSec : 116807.017 	 SendDropSec : 0.000
Total Time : 3175.627 	 TPS : 24.695 	 RecvSec : 5.051 	 SendSec : 5046.162 	 SendDropSec : 0.000
Total Time : 3177.275 	 TPS : 187.440 	 RecvSec : 76.432 	 SendSec : 76355.576 	 SendDropSec : 0.000
Total Time : 3179.187 	 TPS : 84.219 	 RecvSec : 32.955 	 SendSec : 32922.472 	 SendDropSec : 0.000
Total Time : 3180.556 	 TPS : 124.218 	 RecvSec : 46.034 	 SendSec : 45987.522 	 SendDropSec : 0.000
Total Time : 3182.383 	 TPS : 77.698 	 RecvSec : 34.472 	 SendSec : 34437.159 	 SendDropSec : 0.000
Total Time : 3183.749 	 TPS : 72.469 	 RecvSec : 46.117 	 SendSec : 46070.637 	 SendDropSec : 0.000
Total Time : 3185.239 	 TPS : 78.551 	 RecvSec : 42.297 	 SendSec : 42254.525 	 SendDropSec : 0.000
Total Time : 3186.604 	 TPS : 73.265 	 RecvSec : 46.157 	 SendSec : 46111.013 	 SendDropSec : 0.000
Total Time : 3188.552 	 TPS : 53.902 	 RecvSec : 32.341 	 SendSec : 32308.765 	 SendDropSec : 0.000
Total Time : 3190.982 	 TPS : 92.188 	 RecvSec : 51.856 	 SendSec : 51803.793 	 SendDropSec : 0.000
Total Time : 3192.093 	 TPS : 102.578 	 RecvSec : 56.688 	 SendSec : 56631.272 	 SendDropSec : 0.000
Total Time : 3193.929 	 TPS : 138.847 	 RecvSec : 68.607 	 SendSec : 68538.202 	 SendDropSec : 0.000
Total Time : 3195.355 	 TPS : 81.376 	 RecvSec : 44.195 	 SendSec : 44151.286 	 SendDropSec : 0.000
Total Time : 3197.230 	 TPS : 53.318 	 RecvSec : 33.590 	 SendSec : 33556.503 	 SendDropSec : 0.000
Total Time : 3198.773 	 TPS : 71.301 	 RecvSec : 40.836 	 SendSec : 40794.928 	 SendDropSec : 0.000
Total Time : 3200.310 	 TPS : 75.494 	 RecvSec : 41.001 	 SendSec : 40960.212 	 SendDropSec : 0.000
Total Time : 3201.326 	 TPS : 123.948 	 RecvSec : 61.974 	 SendSec : 61912.077 	 SendDropSec : 0.000
Total Time : 3203.261 	 TPS : 52.205 	 RecvSec : 32.564 	 SendSec : 32531.171 	 SendDropSec : 0.000
Total Time : 3204.323 	 TPS : 114.906 	 RecvSec : 59.337 	 SendSec : 59277.448 	 SendDropSec : 0.000
Total Time : 3205.638 	 TPS : 85.180 	 RecvSec : 47.914 	 SendSec : 47865.962 	 SendDropSec : 0.000
Total Time : 3206.720 	 TPS : 99.740 	 RecvSec : 58.182 	 SendSec : 58123.470 	 SendDropSec : 0.000
Total Time : 3209.203 	 TPS : 103.505 	 RecvSec : 50.746 	 SendSec : 50694.787 	 SendDropSec : 0.000
Total Time : 3211.041 	 TPS : 56.598 	 RecvSec : 34.285 	 SendSec : 34251.002 	 SendDropSec : 0.000
Total Time : 3212.342 	 TPS : 97.632 	 RecvSec : 48.432 	 SendSec : 48383.277 	 SendDropSec : 0.000
Total Time : 3213.706 	 TPS : 95.270 	 RecvSec : 46.169 	 SendSec : 46123.090 	 SendDropSec : 0.000
Total Time : 3215.402 	 TPS : 63.696 	 RecvSec : 37.156 	 SendSec : 37118.763 	 SendDropSec : 0.000
Total Time : 3216.531 	 TPS : 106.238 	 RecvSec : 55.775 	 SendSec : 55718.989 	 SendDropSec : 0.000
Total Time : 3218.320 	 TPS : 78.808 	 RecvSec : 35.212 	 SendSec : 35176.896 	 SendDropSec : 0.000
Total Time : 3220.640 	 TPS : 108.192 	 RecvSec : 54.312 	 SendSec : 54257.218 	 SendDropSec : 0.000
Total Time : 3221.641 	 TPS : 135.964 	 RecvSec : 65.983 	 SendSec : 65916.657 	 SendDropSec : 0.000
Total Time : 3223.451 	 TPS : 65.181 	 RecvSec : 33.143 	 SendSec : 33109.563 	 SendDropSec : 0.000
Total Time : 3224.955 	 TPS : 173.517 	 RecvSec : 83.767 	 SendSec : 83683.104 	 SendDropSec : 0.000
Total Time : 3225.956 	 TPS : 214.914 	 RecvSec : 112.955 	 SendSec : 112841.705 	 SendDropSec : 0.000
Total Time : 3227.418 	 TPS : 123.107 	 RecvSec : 51.978 	 SendSec : 51926.355 	 SendDropSec : 0.000
Total Time : 3229.195 	 TPS : 141.238 	 RecvSec : 70.901 	 SendSec : 70829.659 	 SendDropSec : 0.000
Total Time : 3230.651 	 TPS : 92.728 	 RecvSec : 43.273 	 SendSec : 43229.593 	 SendDropSec : 0.000
Total Time : 3231.776 	 TPS : 111.954 	 RecvSec : 55.977 	 SendSec : 55921.219 	 SendDropSec : 0.000
Total Time : 3232.933 	 TPS : 220.498 	 RecvSec : 108.952 	 SendSec : 108842.773 	 SendDropSec : 0.000
Total Time : 3234.422 	 TPS : 91.318 	 RecvSec : 42.302 	 SendSec : 42259.473 	 SendDropSec : 0.000
Total Time : 3235.977 	 TPS : 82.311 	 RecvSec : 40.513 	 SendSec : 40472.117 	 SendDropSec : 0.000
Total Time : 3237.789 	 TPS : 141.259 	 RecvSec : 69.526 	 SendSec : 69456.327 	 SendDropSec : 0.000
Total Time : 3239.628 	 TPS : 95.172 	 RecvSec : 68.524 	 SendSec : 68455.551 	 SendDropSec : 0.000
Total Time : 3241.067 	 TPS : 62.538 	 RecvSec : 43.777 	 SendSec : 43732.897 	 SendDropSec : 0.000
Total Time : 3242.068 	 TPS : 81.919 	 RecvSec : 63.937 	 SendSec : 63872.632 	 SendDropSec : 0.000
Total Time : 3243.365 	 TPS : 135.770 	 RecvSec : 96.427 	 SendSec : 96330.946 	 SendDropSec : 0.000
Total Time : 3244.458 	 TPS : 103.382 	 RecvSec : 57.638 	 SendSec : 57580.241 	 SendDropSec : 0.000
Total Time : 3245.985 	 TPS : 72.677 	 RecvSec : 41.249 	 SendSec : 41207.588 	 SendDropSec : 0.000
Total Time : 3247.565 	 TPS : 75.934 	 RecvSec : 39.866 	 SendSec : 39825.655 	 SendDropSec : 0.000
Total Time : 3248.565 	 TPS : 129.966 	 RecvSec : 73.980 	 SendSec : 73906.400 	 SendDropSec : 0.000
Total Time : 3249.934 	 TPS : 50.405 	 RecvSec : 37.986 	 SendSec : 37948.247 	 SendDropSec : 0.000
Total Time : 3251.680 	 TPS : 70.456 	 RecvSec : 36.087 	 SendSec : 36051.356 	 SendDropSec : 0.000
Total Time : 3254.086 	 TPS : 89.795 	 RecvSec : 52.380 	 SendSec : 52327.972 	 SendDropSec : 0.000
Total Time : 3255.090 	 TPS : 116.533 	 RecvSec : 66.732 	 SendSec : 66665.737 	 SendDropSec : 0.000
Total Time : 3256.696 	 TPS : 57.906 	 RecvSec : 36.736 	 SendSec : 36699.255 	 SendDropSec : 0.000
Total Time : 3258.339 	 TPS : 65.100 	 RecvSec : 38.330 	 SendSec : 38291.611 	 SendDropSec : 0.000
Total Time : 3260.111 	 TPS : 72.237 	 RecvSec : 35.554 	 SendSec : 35518.416 	 SendDropSec : 0.000
Total Time : 3262.047 	 TPS : 53.718 	 RecvSec : 32.541 	 SendSec : 32508.349 	 SendDropSec : 0.000
Total Time : 3263.960 	 TPS : 55.946 	 RecvSec : 32.940 	 SendSec : 32907.299 	 SendDropSec : 0.000
Total Time : 3265.928 	 TPS : 53.359 	 RecvSec : 32.015 	 SendSec : 31983.337 	 SendDropSec : 0.000
Total Time : 3266.929 	 TPS : 119.859 	 RecvSec : 76.910 	 SendSec : 76832.814 	 SendDropSec : 0.000
Total Time : 3268.638 	 TPS : 105.898 	 RecvSec : 65.528 	 SendSec : 65462.258 	 SendDropSec : 0.000
Total Time : 3270.338 	 TPS : 62.349 	 RecvSec : 37.056 	 SendSec : 37019.130 	 SendDropSec : 0.000
Total Time : 3271.990 	 TPS : 64.179 	 RecvSec : 38.144 	 SendSec : 38105.695 	 SendDropSec : 0.000
Total Time : 3273.031 	 TPS : 88.331 	 RecvSec : 60.488 	 SendSec : 60427.077 	 SendDropSec : 0.000
Total Time : 3274.415 	 TPS : 85.985 	 RecvSec : 45.521 	 SendSec : 45475.730 	 SendDropSec : 0.000
Total Time : 3276.138 	 TPS : 111.477 	 RecvSec : 73.156 	 SendSec : 73083.305 	 SendDropSec : 0.000
Total Time : 3277.340 	 TPS : 95.636 	 RecvSec : 52.392 	 SendSec : 52339.672 	 SendDropSec : 0.000
Total Time : 3279.044 	 TPS : 66.333 	 RecvSec : 36.982 	 SendSec : 36945.399 	 SendDropSec : 0.000
Total Time : 3280.793 	 TPS : 60.011 	 RecvSec : 36.007 	 SendSec : 35970.641 	 SendDropSec : 0.000
Total Time : 3282.508 	 TPS : 108.490 	 RecvSec : 73.493 	 SendSec : 73419.605 	 SendDropSec : 0.000
Total Time : 3284.403 	 TPS : 49.600 	 RecvSec : 33.243 	 SendSec : 33209.296 	 SendDropSec : 0.000
Total Time : 3285.609 	 TPS : 82.921 	 RecvSec : 52.240 	 SendSec : 52187.792 	 SendDropSec : 0.000
Total Time : 3287.774 	 TPS : 97.463 	 RecvSec : 58.201 	 SendSec : 58142.553 	 SendDropSec : 0.000
Total Time : 3289.305 	 TPS : 80.334 	 RecvSec : 41.147 	 SendSec : 41105.682 	 SendDropSec : 0.000
Total Time : 3291.126 	 TPS : 62.048 	 RecvSec : 34.593 	 SendSec : 34558.411 	 SendDropSec : 0.000
Total Time : 3292.671 	 TPS : 63.416 	 RecvSec : 40.768 	 SendSec : 40726.928 	 SendDropSec : 0.000
Total Time : 3294.445 	 TPS : 109.973 	 RecvSec : 71.060 	 SendSec : 70988.570 	 SendDropSec : 0.000
Total Time : 3295.719 	 TPS : 87.075 	 RecvSec : 49.421 	 SendSec : 49371.244 	 SendDropSec : 0.000
Total Time : 3296.721 	 TPS : 134.827 	 RecvSec : 84.891 	 SendSec : 84806.473 	 SendDropSec : 0.000
Total Time : 3298.663 	 TPS : 93.196 	 RecvSec : 53.549 	 SendSec : 53495.292 	 SendDropSec : 0.000
Total Time : 3300.116 	 TPS : 72.963 	 RecvSec : 43.365 	 SendSec : 43321.605 	 SendDropSec : 0.000
Total Time : 3301.399 	 TPS : 105.995 	 RecvSec : 49.100 	 SendSec : 49051.302 	 SendDropSec : 0.000
Total Time : 3303.086 	 TPS : 56.889 	 RecvSec : 37.334 	 SendSec : 37296.305 	 SendDropSec : 0.000
Total Time : 3305.048 	 TPS : 55.047 	 RecvSec : 32.111 	 SendSec : 32078.896 	 SendDropSec : 0.000
Total Time : 3306.472 	 TPS : 75.865 	 RecvSec : 44.255 	 SendSec : 44210.253 	 SendDropSec : 0.000
Total Time : 3308.131 	 TPS : 78.932 	 RecvSec : 37.960 	 SendSec : 37921.545 	 SendDropSec : 0.000
Total Time : 3310.074 	 TPS : 65.896 	 RecvSec : 32.433 	 SendSec : 32400.862 	 SendDropSec : 0.000
Total Time : 3311.159 	 TPS : 140.988 	 RecvSec : 58.054 	 SendSec : 57995.905 	 SendDropSec : 0.000
Total Time : 3312.526 	 TPS : 202.703 	 RecvSec : 92.204 	 SendSec : 92111.895 	 SendDropSec : 0.000
Total Time : 3313.527 	 TPS : 112.876 	 RecvSec : 70.922 	 SendSec : 70850.979 	 SendDropSec : 0.000
Total Time : 3315.270 	 TPS : 129.656 	 RecvSec : 67.696 	 SendSec : 67628.616 	 SendDropSec : 0.000
Total Time : 3317.042 	 TPS : 53.603 	 RecvSec : 35.547 	 SendSec : 35511.769 	 SendDropSec : 0.000
Total Time : 3318.043 	 TPS : 127.849 	 RecvSec : 119.858 	 SendSec : 119738.302 	 SendDropSec : 0.000
Total Time : 3319.836 	 TPS : 11.713 	 RecvSec : 3.347 	 SendSec : 3343.227 	 SendDropSec : 0.000
Total Time : 3320.837 	 TPS : 120.882 	 RecvSec : 118.884 	 SendSec : 118764.729 	 SendDropSec : 0.000
Total Time : 3323.403 	 TPS : 45.213 	 RecvSec : 27.283 	 SendSec : 27256.212 	 SendDropSec : 0.000
Total Time : 3325.152 	 TPS : 131.495 	 RecvSec : 72.036 	 SendSec : 71964.188 	 SendDropSec : 0.000
Total Time : 3326.915 	 TPS : 51.036 	 RecvSec : 35.725 	 SendSec : 35689.746 	 SendDropSec : 0.000
Total Time : 3327.994 	 TPS : 101.959 	 RecvSec : 58.395 	 SendSec : 58336.475 	 SendDropSec : 0.000
Total Time : 3329.598 	 TPS : 73.593 	 RecvSec : 39.291 	 SendSec : 39252.008 	 SendDropSec : 0.000
Total Time : 3330.601 	 TPS : 166.390 	 RecvSec : 114.580 	 SendSec : 114465.575 	 SendDropSec : 0.000
Total Time : 3332.018 	 TPS : 108.000 	 RecvSec : 52.235 	 SendSec : 52183.076 	 SendDropSec : 0.000
Total Time : 3333.247 	 TPS : 97.608 	 RecvSec : 51.244 	 SendSec : 51192.732 	 SendDropSec : 0.000
Total Time : 3334.785 	 TPS : 81.275 	 RecvSec : 40.962 	 SendSec : 40921.401 	 SendDropSec : 0.000
Total Time : 3336.822 	 TPS : 94.262 	 RecvSec : 61.859 	 SendSec : 61797.610 	 SendDropSec : 0.000
Total Time : 3337.989 	 TPS : 97.718 	 RecvSec : 54.002 	 SendSec : 53947.987 	 SendDropSec : 0.000
Total Time : 3338.991 	 TPS : 127.769 	 RecvSec : 73.866 	 SendSec : 73792.465 	 SendDropSec : 0.000
Total Time : 3341.104 	 TPS : 87.045 	 RecvSec : 54.403 	 SendSec : 54348.942 	 SendDropSec : 0.000
Total Time : 3342.105 	 TPS : 139.983 	 RecvSec : 94.988 	 SendSec : 94893.347 	 SendDropSec : 0.000
Total Time : 3343.164 	 TPS : 69.823 	 RecvSec : 29.250 	 SendSec : 29220.724 	 SendDropSec : 0.000
Total Time : 3345.119 	 TPS : 122.760 	 RecvSec : 64.449 	 SendSec : 64384.439 	 SendDropSec : 0.000
Total Time : 3346.281 	 TPS : 93.851 	 RecvSec : 54.244 	 SendSec : 54189.890 	 SendDropSec : 0.000
Total Time : 3347.422 	 TPS : 91.112 	 RecvSec : 55.193 	 SendSec : 55137.425 	 SendDropSec : 0.000
Total Time : 3349.355 	 TPS : 65.194 	 RecvSec : 32.597 	 SendSec : 32564.575 	 SendDropSec : 0.000
Total Time : 3350.716 	 TPS : 43.340 	 RecvSec : 46.279 	 SendSec : 46232.330 	 SendDropSec : 0.000
Total Time : 3352.032 	 TPS : 34.209 	 RecvSec : 47.893 	 SendSec : 47844.798 	 SendDropSec : 0.000
Total Time : 3353.487 	 TPS : 71.469 	 RecvSec : 86.587 	 SendSec : 86500.615 	 SendDropSec : 0.000
Total Time : 3354.488 	 TPS : 74.919 	 RecvSec : 73.920 	 SendSec : 73846.062 	 SendDropSec : 0.000
Total Time : 3355.554 	 TPS : 31.894 	 RecvSec : 48.779 	 SendSec : 48730.007 	 SendDropSec : 0.000
Total Time : 3357.068 	 TPS : 46.895 	 RecvSec : 41.611 	 SendSec : 41569.780 	 SendDropSec : 0.000
Total Time : 3358.279 	 TPS : 68.563 	 RecvSec : 52.042 	 SendSec : 51989.529 	 SendDropSec : 0.000
Total Time : 3359.803 	 TPS : 181.046 	 RecvSec : 82.651 	 SendSec : 82568.558 	 SendDropSec : 0.000
Total Time : 3361.634 	 TPS : 75.392 	 RecvSec : 34.418 	 SendSec : 34383.673 	 SendDropSec : 0.000
Total Time : 3363.047 	 TPS : 194.596 	 RecvSec : 89.160 	 SendSec : 89071.141 	 SendDropSec : 0.000
Total Time : 3365.389 	 TPS : 122.946 	 RecvSec : 53.789 	 SendSec : 53734.928 	 SendDropSec : 0.000
Total Time : 3366.684 	 TPS : 94.191 	 RecvSec : 48.639 	 SendSec : 48590.807 	 SendDropSec : 0.000
Total Time : 3368.485 	 TPS : 143.317 	 RecvSec : 69.992 	 SendSec : 69922.215 	 SendDropSec : 0.000
Total Time : 3369.485 	 TPS : 296.754 	 RecvSec : 124.896 	 SendSec : 124771.365 	 SendDropSec : 0.000
Total Time : 3371.930 	 TPS : 41.730 	 RecvSec : 26.183 	 SendSec : 26157.225 	 SendDropSec : 0.000
Total Time : 3373.042 	 TPS : 127.666 	 RecvSec : 56.640 	 SendSec : 56583.815 	 SendDropSec : 0.000
Total Time : 3375.024 	 TPS : 62.058 	 RecvSec : 31.786 	 SendSec : 31754.079 	 SendDropSec : 0.000
Total Time : 3376.412 	 TPS : 92.250 	 RecvSec : 45.404 	 SendSec : 45358.676 	 SendDropSec : 0.000
Total Time : 3377.962 	 TPS : 47.741 	 RecvSec : 40.644 	 SendSec : 40603.762 	 SendDropSec : 0.000
Total Time : 3380.115 	 TPS : 133.273 	 RecvSec : 58.510 	 SendSec : 58451.771 	 SendDropSec : 0.000
Total Time : 3381.450 	 TPS : 124.340 	 RecvSec : 47.189 	 SendSec : 47142.196 	 SendDropSec : 0.000
Total Time : 3383.550 	 TPS : 138.126 	 RecvSec : 60.013 	 SendSec : 59953.224 	 SendDropSec : 0.000
Total Time : 3384.600 	 TPS : 142.756 	 RecvSec : 59.957 	 SendSec : 59897.410 	 SendDropSec : 0.000
Total Time : 3385.661 	 TPS : 134.843 	 RecvSec : 59.406 	 SendSec : 59346.731 	 SendDropSec : 0.000
Total Time : 3386.921 	 TPS : 135.689 	 RecvSec : 49.991 	 SendSec : 49940.868 	 SendDropSec : 0.000
Total Time : 3388.844 	 TPS : 71.750 	 RecvSec : 32.756 	 SendSec : 32722.903 	 SendDropSec : 0.000
Total Time : 3390.644 	 TPS : 80.040 	 RecvSec : 35.017 	 SendSec : 34982.342 	 SendDropSec : 0.000
Total Time : 3391.900 	 TPS : 108.203 	 RecvSec : 50.123 	 SendSec : 50073.108 	 SendDropSec : 0.000
Total Time : 3393.449 	 TPS : 79.431 	 RecvSec : 40.684 	 SendSec : 40643.382 	 SendDropSec : 0.000
Total Time : 3394.449 	 TPS : 286.965 	 RecvSec : 124.985 	 SendSec : 124859.655 	 SendDropSec : 0.000
Total Time : 3395.749 	 TPS : 6.925 	 RecvSec : 0.769 	 SendSec : 768.636 	 SendDropSec : 0.000
Total Time : 3396.750 	 TPS : 206.709 	 RecvSec : 111.843 	 SendSec : 111730.918 	 SendDropSec : 0.000
Total Time : 3398.031 	 TPS : 163.974 	 RecvSec : 60.124 	 SendSec : 60063.748 	 SendDropSec : 0.000
Total Time : 3399.551 	 TPS : 110.504 	 RecvSec : 41.439 	 SendSec : 41397.614 	 SendDropSec : 0.000
Total Time : 3401.578 	 TPS : 172.672 	 RecvSec : 62.162 	 SendSec : 62099.869 	 SendDropSec : 0.000
Total Time : 3402.803 	 TPS : 132.250 	 RecvSec : 51.431 	 SendSec : 51379.152 	 SendDropSec : 0.000
Total Time : 3404.575 	 TPS : 179.996 	 RecvSec : 71.095 	 SendSec : 71024.399 	 SendDropSec : 0.000
Total Time : 3405.577 	 TPS : 199.771 	 RecvSec : 73.915 	 SendSec : 73841.326 	 SendDropSec : 0.000
Total Time : 3407.925 	 TPS : 141.353 	 RecvSec : 48.963 	 SendSec : 48913.756 	 SendDropSec : 0.000
Total Time : 3409.650 	 TPS : 99.730 	 RecvSec : 36.529 	 SendSec : 36492.662 	 SendDropSec : 0.000
Total Time : 3410.718 	 TPS : 162.923 	 RecvSec : 58.989 	 SendSec : 58930.432 	 SendDropSec : 0.000
Total Time : 3412.557 	 TPS : 97.316 	 RecvSec : 34.251 	 SendSec : 34216.802 	 SendDropSec : 0.000
Total Time : 3414.012 	 TPS : 120.267 	 RecvSec : 43.296 	 SendSec : 43252.905 	 SendDropSec : 0.000
Total Time : 3415.402 	 TPS : 256.872 	 RecvSec : 90.661 	 SendSec : 90569.873 	 SendDropSec : 0.000
Total Time : 3417.042 	 TPS : 101.238 	 RecvSec : 38.422 	 SendSec : 38383.393 	 SendDropSec : 0.000
Total Time : 3418.780 	 TPS : 103.588 	 RecvSec : 36.256 	 SendSec : 36219.701 	 SendDropSec : 0.000
Total Time : 3420.128 	 TPS : 121.625 	 RecvSec : 46.722 	 SendSec : 46675.115 	 SendDropSec : 0.000
Total Time : 3421.677 	 TPS : 118.154 	 RecvSec : 40.676 	 SendSec : 40635.344 	 SendDropSec : 0.000
Total Time : 3423.398 	 TPS : 63.338 	 RecvSec : 36.608 	 SendSec : 36571.711 	 SendDropSec : 0.000
Total Time : 3425.073 	 TPS : 56.704 	 RecvSec : 37.604 	 SendSec : 37566.398 	 SendDropSec : 0.000
Total Time : 3426.588 	 TPS : 106.283 	 RecvSec : 41.589 	 SendSec : 41547.310 	 SendDropSec : 0.000
Total Time : 3427.951 	 TPS : 115.198 	 RecvSec : 46.226 	 SendSec : 46179.597 	 SendDropSec : 0.000
Total Time : 3429.627 	 TPS : 100.208 	 RecvSec : 37.578 	 SendSec : 37540.269 	 SendDropSec : 0.000
Total Time : 3430.786 	 TPS : 143.222 	 RecvSec : 54.355 	 SendSec : 54301.058 	 SendDropSec : 0.000
Total Time : 3432.570 	 TPS : 71.740 	 RecvSec : 35.310 	 SendSec : 35274.408 	 SendDropSec : 0.000
Total Time : 3434.536 	 TPS : 74.785 	 RecvSec : 32.051 	 SendSec : 32018.721 	 SendDropSec : 0.000
Total Time : 3435.894 	 TPS : 91.339 	 RecvSec : 46.406 	 SendSec : 46359.757 	 SendDropSec : 0.000
Total Time : 3437.322 	 TPS : 97.307 	 RecvSec : 44.103 	 SendSec : 44059.028 	 SendDropSec : 0.000
Total Time : 3439.296 	 TPS : 179.853 	 RecvSec : 63.835 	 SendSec : 63771.233 	 SendDropSec : 0.000
Total Time : 3440.398 	 TPS : 184.293 	 RecvSec : 57.194 	 SendSec : 57137.088 	 SendDropSec : 0.000
Total Time : 3441.818 	 TPS : 135.143 	 RecvSec : 44.344 	 SendSec : 44299.482 	 SendDropSec : 0.000
Total Time : 3442.954 	 TPS : 170.772 	 RecvSec : 55.457 	 SendSec : 55401.401 	 SendDropSec : 0.000
Total Time : 3444.403 	 TPS : 262.947 	 RecvSec : 86.959 	 SendSec : 86871.903 	 SendDropSec : 0.000
Total Time : 3445.596 	 TPS : 160.902 	 RecvSec : 52.796 	 SendSec : 52743.147 	 SendDropSec : 0.000
Total Time : 3447.276 	 TPS : 126.201 	 RecvSec : 37.503 	 SendSec : 37465.575 	 SendDropSec : 0.000
Total Time : 3449.263 	 TPS : 100.651 	 RecvSec : 31.705 	 SendSec : 31673.296 	 SendDropSec : 0.000
Total Time : 3450.264 	 TPS : 281.790 	 RecvSec : 106.920 	 SendSec : 106813.243 	 SendDropSec : 0.000
Total Time : 3452.419 	 TPS : 151.274 	 RecvSec : 38.050 	 SendSec : 38012.377 	 SendDropSec : 0.000
Total Time : 3453.421 	 TPS : 216.661 	 RecvSec : 62.901 	 SendSec : 62838.557 	 SendDropSec : 0.000
Total Time : 3454.888 	 TPS : 259.033 	 RecvSec : 85.890 	 SendSec : 85804.114 	 SendDropSec : 0.000
Total Time : 3455.921 	 TPS : 169.363 	 RecvSec : 60.971 	 SendSec : 60909.688 	 SendDropSec : 0.000
Total Time : 3457.086 	 TPS : 169.899 	 RecvSec : 54.059 	 SendSec : 54004.703 	 SendDropSec : 0.000
Total Time : 3458.834 	 TPS : 235.215 	 RecvSec : 72.110 	 SendSec : 72037.683 	 SendDropSec : 0.000
Total Time : 3460.203 	 TPS : 146.104 	 RecvSec : 46.023 	 SendSec : 45976.839 	 SendDropSec : 0.000
Total Time : 3461.203 	 TPS : 330.800 	 RecvSec : 119.928 	 SendSec : 119807.696 	 SendDropSec : 0.000
Total Time : 3462.204 	 TPS : 44.984 	 RecvSec : 15.994 	 SendSec : 15978.494 	 SendDropSec : 0.000
Total Time : 3463.209 	 TPS : 257.504 	 RecvSec : 68.601 	 SendSec : 68532.811 	 SendDropSec : 0.000
Total Time : 3464.368 	 TPS : 265.741 	 RecvSec : 94.907 	 SendSec : 94812.507 	 SendDropSec : 0.000
Total Time : 3465.480 	 TPS : 161.098 	 RecvSec : 56.699 	 SendSec : 56642.643 	 SendDropSec : 0.000
Total Time : 3467.449 	 TPS : 186.390 	 RecvSec : 63.992 	 SendSec : 63928.168 	 SendDropSec : 0.000
Total Time : 3469.410 	 TPS : 95.831 	 RecvSec : 32.113 	 SendSec : 32081.342 	 SendDropSec : 0.000
Total Time : 3470.830 	 TPS : 271.134 	 RecvSec : 88.735 	 SendSec : 88646.065 	 SendDropSec : 0.000
Total Time : 3471.888 	 TPS : 196.592 	 RecvSec : 59.545 	 SendSec : 59485.210 	 SendDropSec : 0.000
Total Time : 3472.889 	 TPS : 330.741 	 RecvSec : 115.909 	 SendSec : 115793.461 	 SendDropSec : 0.000
Total Time : 3474.427 	 TPS : 42.925 	 RecvSec : 6.504 	 SendSec : 6497.240 	 SendDropSec : 0.000
Total Time : 3475.883 	 TPS : 135.919 	 RecvSec : 43.247 	 SendSec : 43203.648 	 SendDropSec : 0.000
Total Time : 3477.605 	 TPS : 113.850 	 RecvSec : 36.595 	 SendSec : 36558.007 	 SendDropSec : 0.000
Total Time : 3479.122 	 TPS : 258.338 	 RecvSec : 83.037 	 SendSec : 82954.283 	 SendDropSec : 0.000
Total Time : 3480.967 	 TPS : 110.074 	 RecvSec : 34.161 	 SendSec : 34126.604 	 SendDropSec : 0.000
Total Time : 3482.808 	 TPS : 99.938 	 RecvSec : 34.218 	 SendSec : 34183.670 	 SendDropSec : 0.000
Total Time : 3484.660 	 TPS : 103.637 	 RecvSec : 34.006 	 SendSec : 33971.954 	 SendDropSec : 0.000
Total Time : 3486.072 	 TPS : 138.800 	 RecvSec : 44.614 	 SendSec : 44569.594 	 SendDropSec : 0.000
Total Time : 3487.366 	 TPS : 156.185 	 RecvSec : 48.711 	 SendSec : 48662.367 	 SendDropSec : 0.000
Total Time : 3488.747 	 TPS : 136.119 	 RecvSec : 45.614 	 SendSec : 45568.848 	 SendDropSec : 0.000
Total Time : 3490.280 	 TPS : 253.161 	 RecvSec : 82.212 	 SendSec : 82129.894 	 SendDropSec : 0.000
Total Time : 3491.974 	 TPS : 106.801 	 RecvSec : 37.174 	 SendSec : 37136.525 	 SendDropSec : 0.000
Total Time : 3493.010 	 TPS : 191.146 	 RecvSec : 60.819 	 SendSec : 60758.328 	 SendDropSec : 0.000
Total Time : 3494.011 	 TPS : 234.849 	 RecvSec : 73.953 	 SendSec : 73878.599 	 SendDropSec : 0.000
Total Time : 3495.291 	 TPS : 128.098 	 RecvSec : 40.617 	 SendSec : 40575.955 	 SendDropSec : 0.000
Total Time : 3496.479 	 TPS : 178.399 	 RecvSec : 53.015 	 SendSec : 52961.687 	 SendDropSec : 0.000
Total Time : 3498.001 	 TPS : 134.747 	 RecvSec : 41.410 	 SendSec : 41368.602 	 SendDropSec : 0.000
Total Time : 3499.923 	 TPS : 76.493 	 RecvSec : 32.783 	 SendSec : 32749.843 	 SendDropSec : 0.000
Total Time : 3501.633 	 TPS : 70.149 	 RecvSec : 36.828 	 SendSec : 36791.412 	 SendDropSec : 0.000
Total Time : 3503.052 	 TPS : 95.121 	 RecvSec : 44.390 	 SendSec : 44345.518 	 SendDropSec : 0.000
Total Time : 3504.742 	 TPS : 117.754 	 RecvSec : 37.279 	 SendSec : 37241.586 	 SendDropSec : 0.000
Total Time : 3506.093 	 TPS : 164.366 	 RecvSec : 46.644 	 SendSec : 46597.747 	 SendDropSec : 0.000
Total Time : 3507.317 	 TPS : 168.246 	 RecvSec : 51.454 	 SendSec : 51402.546 	 SendDropSec : 0.000
Total Time : 3508.874 	 TPS : 266.585 	 RecvSec : 80.939 	 SendSec : 80858.124 	 SendDropSec : 0.000
Total Time : 3510.259 	 TPS : 154.487 	 RecvSec : 45.480 	 SendSec : 45434.368 	 SendDropSec : 0.000
Total Time : 3512.072 	 TPS : 111.419 	 RecvSec : 34.750 	 SendSec : 34714.858 	 SendDropSec : 0.000
Total Time : 3513.877 	 TPS : 99.186 	 RecvSec : 34.909 	 SendSec : 34874.052 	 SendDropSec : 0.000
Total Time : 3515.040 	 TPS : 160.864 	 RecvSec : 54.195 	 SendSec : 54140.631 	 SendDropSec : 0.000
Total Time : 3516.091 	 TPS : 183.604 	 RecvSec : 59.933 	 SendSec : 59873.028 	 SendDropSec : 0.000
Total Time : 3517.825 	 TPS : 114.769 	 RecvSec : 36.334 	 SendSec : 36297.449 	 SendDropSec : 0.000
Total Time : 3519.262 	 TPS : 143.280 	 RecvSec : 43.819 	 SendSec : 43774.727 	 SendDropSec : 0.000
Total Time : 3521.518 	 TPS : 180.008 	 RecvSec : 55.865 	 SendSec : 55808.784 	 SendDropSec : 0.000
Total Time : 3522.764 	 TPS : 158.941 	 RecvSec : 50.572 	 SendSec : 50521.592 	 SendDropSec : 0.000
Total Time : 3524.469 	 TPS : 123.111 	 RecvSec : 36.933 	 SendSec : 36896.486 	 SendDropSec : 0.000
Total Time : 3526.130 	 TPS : 239.078 	 RecvSec : 75.879 	 SendSec : 75802.892 	 SendDropSec : 0.000
Total Time : 3527.358 	 TPS : 168.586 	 RecvSec : 51.309 	 SendSec : 51257.552 	 SendDropSec : 0.000
Total Time : 3529.211 	 TPS : 104.159 	 RecvSec : 33.460 	 SendSec : 33426.967 	 SendDropSec : 0.000
Total Time : 3530.754 	 TPS : 128.280 	 RecvSec : 41.464 	 SendSec : 41422.655 	 SendDropSec : 0.000
Total Time : 3532.659 	 TPS : 208.387 	 RecvSec : 66.138 	 SendSec : 66071.671 	 SendDropSec : 0.000
Total Time : 3534.224 	 TPS : 258.919 	 RecvSec : 80.553 	 SendSec : 80472.126 	 SendDropSec : 0.000
Total Time : 3535.297 	 TPS : 183.438 	 RecvSec : 58.663 	 SendSec : 58604.313 	 SendDropSec : 0.000
Total Time : 3537.216 	 TPS : 215.833 	 RecvSec : 65.688 	 SendSec : 65622.513 	 SendDropSec : 0.000
Total Time : 3538.216 	 TPS : 210.834 	 RecvSec : 73.942 	 SendSec : 73868.006 	 SendDropSec : 0.000
Total Time : 3539.956 	 TPS : 90.809 	 RecvSec : 29.886 	 SendSec : 29856.531 	 SendDropSec : 0.000
Total Time : 3541.635 	 TPS : 126.292 	 RecvSec : 37.530 	 SendSec : 37492.501 	 SendDropSec : 0.000
Total Time : 3543.116 	 TPS : 133.688 	 RecvSec : 42.537 	 SendSec : 42494.550 	 SendDropSec : 0.000
Total Time : 3544.703 	 TPS : 117.197 	 RecvSec : 39.696 	 SendSec : 39656.096 	 SendDropSec : 0.000
Total Time : 3545.934 	 TPS : 161.640 	 RecvSec : 51.172 	 SendSec : 51121.199 	 SendDropSec : 0.000
Total Time : 3547.794 	 TPS : 93.016 	 RecvSec : 33.873 	 SendSec : 33839.002 	 SendDropSec : 0.000
Total Time : 3548.884 	 TPS : 178.889 	 RecvSec : 57.795 	 SendSec : 57737.030 	 SendDropSec : 0.000
Total Time : 3550.122 	 TPS : 154.346 	 RecvSec : 50.910 	 SendSec : 50858.909 	 SendDropSec : 0.000
Total Time : 3551.594 	 TPS : 137.837 	 RecvSec : 42.777 	 SendSec : 42734.184 	 SendDropSec : 0.000
Total Time : 3552.899 	 TPS : 302.666 	 RecvSec : 96.547 	 SendSec : 96450.043 	 SendDropSec : 0.000
Total Time : 3554.231 	 TPS : 301.965 	 RecvSec : 94.646 	 SendSec : 94551.038 	 SendDropSec : 0.000
Total Time : 3556.225 	 TPS : 175.478 	 RecvSec : 63.172 	 SendSec : 63108.877 	 SendDropSec : 0.000
Total Time : 3557.272 	 TPS : 174.799 	 RecvSec : 60.177 	 SendSec : 60116.542 	 SendDropSec : 0.000
Total Time : 3559.264 	 TPS : 102.404 	 RecvSec : 31.625 	 SendSec : 31593.054 	 SendDropSec : 0.000
Total Time : 3560.744 	 TPS : 273.777 	 RecvSec : 85.175 	 SendSec : 85089.877 	 SendDropSec : 0.000
Total Time : 3562.144 	 TPS : 119.236 	 RecvSec : 44.981 	 SendSec : 44936.127 	 SendDropSec : 0.000
Total Time : 3563.812 	 TPS : 113.318 	 RecvSec : 37.773 	 SendSec : 37734.831 	 SendDropSec : 0.000
Total Time : 3564.926 	 TPS : 191.149 	 RecvSec : 56.537 	 SendSec : 56480.596 	 SendDropSec : 0.000
Total Time : 3566.719 	 TPS : 102.652 	 RecvSec : 35.147 	 SendSec : 35111.849 	 SendDropSec : 0.000
Total Time : 3568.574 	 TPS : 63.620 	 RecvSec : 33.967 	 SendSec : 33932.643 	 SendDropSec : 0.000
Total Time : 3569.906 	 TPS : 149.323 	 RecvSec : 47.273 	 SendSec : 47225.841 	 SendDropSec : 0.000
Total Time : 3571.232 	 TPS : 156.866 	 RecvSec : 47.512 	 SendSec : 47464.707 	 SendDropSec : 0.000
Total Time : 3572.532 	 TPS : 156.240 	 RecvSec : 48.488 	 SendSec : 48439.719 	 SendDropSec : 0.000
Total Time : 3574.206 	 TPS : 120.038 	 RecvSec : 37.624 	 SendSec : 37586.172 	 SendDropSec : 0.000
Total Time : 3575.329 	 TPS : 191.401 	 RecvSec : 56.085 	 SendSec : 56028.840 	 SendDropSec : 0.000
Total Time : 3577.276 	 TPS : 92.966 	 RecvSec : 32.358 	 SendSec : 32325.939 	 SendDropSec : 0.000
Total Time : 3579.268 	 TPS : 87.346 	 RecvSec : 31.625 	 SendSec : 31593.634 	 SendDropSec : 0.000
Total Time : 3581.097 	 TPS : 89.155 	 RecvSec : 34.459 	 SendSec : 34424.107 	 SendDropSec : 0.000
Total Time : 3582.959 	 TPS : 84.309 	 RecvSec : 33.831 	 SendSec : 33797.098 	 SendDropSec : 0.000
Total Time : 3584.455 	 TPS : 124.359 	 RecvSec : 42.121 	 SendSec : 42079.346 	 SendDropSec : 0.000
Total Time : 3586.694 	 TPS : 143.366 	 RecvSec : 56.275 	 SendSec : 56218.323 	 SendDropSec : 0.000
Total Time : 3588.773 	 TPS : 168.324 	 RecvSec : 60.597 	 SendSec : 60536.213 	 SendDropSec : 0.000
Total Time : 3589.978 	 TPS : 300.274 	 RecvSec : 104.515 	 SendSec : 104410.587 	 SendDropSec : 0.000
Total Time : 3591.822 	 TPS : 83.542 	 RecvSec : 34.176 	 SendSec : 34141.977 	 SendDropSec : 0.000
Total Time : 3592.822 	 TPS : 261.891 	 RecvSec : 114.952 	 SendSec : 114837.147 	 SendDropSec : 0.000
Total Time : 3593.823 	 TPS : 175.817 	 RecvSec : 63.934 	 SendSec : 63869.620 	 SendDropSec : 0.000
Total Time : 3594.824 	 TPS : 81.934 	 RecvSec : 20.983 	 SendSec : 20962.184 	 SendDropSec : 0.000
Total Time : 3596.614 	 TPS : 187.708 	 RecvSec : 64.245 	 SendSec : 64180.958 	 SendDropSec : 0.000
Total Time : 3598.464 	 TPS : 90.284 	 RecvSec : 34.059 	 SendSec : 34025.188 	 SendDropSec : 0.000
Total Time : 3599.465 	 TPS : 139.851 	 RecvSec : 76.918 	 SendSec : 76841.103 	 SendDropSec : 0.000
Total Time : 3600.781 	 TPS : 87.351 	 RecvSec : 37.219 	 SendSec : 37182.100 	 SendDropSec : 0.000
Total Time : 3602.548 	 TPS : 146.574 	 RecvSec : 71.306 	 SendSec : 71234.816 	 SendDropSec : 0.000
Total Time : 3603.868 	 TPS : 113.695 	 RecvSec : 47.752 	 SendSec : 47703.976 	 SendDropSec : 0.000
Total Time : 3604.896 	 TPS : 195.558 	 RecvSec : 61.294 	 SendSec : 61233.133 	 SendDropSec : 0.000
Total Time : 3606.619 	 TPS : 109.068 	 RecvSec : 36.549 	 SendSec : 36512.669 	 SendDropSec : 0.000
Total Time : 3608.406 	 TPS : 129.831 	 RecvSec : 35.256 	 SendSec : 35220.509 	 SendDropSec : 0.000
Total Time : 3610.090 	 TPS : 127.087 	 RecvSec : 37.413 	 SendSec : 37375.915 	 SendDropSec : 0.000
Total Time : 3611.475 	 TPS : 172.543 	 RecvSec : 45.482 	 SendSec : 45436.625 	 SendDropSec : 0.000
Total Time : 3612.476 	 TPS : 291.790 	 RecvSec : 82.940 	 SendSec : 82857.409 	 SendDropSec : 0.000
Total Time : 3614.072 	 TPS : 83.948 	 RecvSec : 26.939 	 SendSec : 26911.591 	 SendDropSec : 0.000
Total Time : 3615.381 	 TPS : 336.963 	 RecvSec : 96.275 	 SendSec : 96178.870 	 SendDropSec : 0.000
Total Time : 3616.388 	 TPS : 286.868 	 RecvSec : 78.417 	 SendSec : 78338.794 	 SendDropSec : 0.000
Total Time : 3617.389 	 TPS : 327.915 	 RecvSec : 102.973 	 SendSec : 102870.418 	 SendDropSec : 0.000
Total Time : 3618.548 	 TPS : 52.621 	 RecvSec : 6.038 	 SendSec : 6032.394 	 SendDropSec : 0.000
Total Time : 3619.549 	 TPS : 363.691 	 RecvSec : 115.902 	 SendSec : 115785.686 	 SendDropSec : 0.000
Total Time : 3621.363 	 TPS : 35.286 	 RecvSec : 5.513 	 SendSec : 5507.965 	 SendDropSec : 0.000
Total Time : 3622.821 	 TPS : 154.251 	 RecvSec : 43.190 	 SendSec : 43147.194 	 SendDropSec : 0.000
Total Time : 3623.821 	 TPS : 318.963 	 RecvSec : 114.987 	 SendSec : 114871.514 	 SendDropSec : 0.000
Total Time : 3625.616 	 TPS : 169.380 	 RecvSec : 41.231 	 SendSec : 41189.353 	 SendDropSec : 0.000
Total Time : 3626.616 	 TPS : 264.987 	 RecvSec : 73.996 	 SendSec : 73922.282 	 SendDropSec : 0.000
Total Time : 3627.658 	 TPS : 172.772 	 RecvSec : 49.912 	 SendSec : 49862.108 	 SendDropSec : 0.000
Total Time : 3629.507 	 TPS : 230.954 	 RecvSec : 68.150 	 SendSec : 68082.229 	 SendDropSec : 0.000
Total Time : 3630.866 	 TPS : 312.747 	 RecvSec : 92.720 	 SendSec : 92627.663 	 SendDropSec : 0.000
Total Time : 3632.703 	 TPS : 107.250 	 RecvSec : 34.298 	 SendSec : 34263.931 	 SendDropSec : 0.000
Total Time : 3633.949 	 TPS : 162.827 	 RecvSec : 50.533 	 SendSec : 50482.037 	 SendDropSec : 0.000
Total Time : 3636.278 	 TPS : 177.800 	 RecvSec : 54.113 	 SendSec : 54058.992 	 SendDropSec : 0.000
Total Time : 3638.279 	 TPS : 203.893 	 RecvSec : 62.967 	 SendSec : 62903.982 	 SendDropSec : 0.000
Total Time : 3640.849 	 TPS : 171.562 	 RecvSec : 49.018 	 SendSec : 48968.679 	 SendDropSec : 0.000
Total Time : 3643.422 	 TPS : 168.281 	 RecvSec : 48.969 	 SendSec : 48919.684 	 SendDropSec : 0.000
Total Time : 3644.771 	 TPS : 160.118 	 RecvSec : 46.701 	 SendSec : 46654.286 	 SendDropSec : 0.000
Total Time : 3646.557 	 TPS : 117.046 	 RecvSec : 35.282 	 SendSec : 35246.658 	 SendDropSec : 0.000
Total Time : 3648.261 	 TPS : 130.833 	 RecvSec : 36.962 	 SendSec : 36924.818 	 SendDropSec : 0.000
Total Time : 3649.262 	 TPS : 327.827 	 RecvSec : 114.939 	 SendSec : 114824.419 	 SendDropSec : 0.000
Total Time : 3650.984 	 TPS : 48.772 	 RecvSec : 6.387 	 SendSec : 6380.407 	 SendDropSec : 0.000
Total Time : 3653.361 	 TPS : 188.909 	 RecvSec : 53.012 	 SendSec : 52959.323 	 SendDropSec : 0.000
Total Time : 3654.362 	 TPS : 408.647 	 RecvSec : 124.892 	 SendSec : 124767.326 	 SendDropSec : 0.000
Total Time : 3655.497 	 TPS : 7.928 	 RecvSec : 0.881 	 SendSec : 880.030 	 SendDropSec : 0.000
Total Time : 3657.479 	 TPS : 108.997 	 RecvSec : 31.791 	 SendSec : 31759.065 	 SendDropSec : 0.000
Total Time : 3659.471 	 TPS : 108.441 	 RecvSec : 31.629 	 SendSec : 31596.900 	 SendDropSec : 0.000
Total Time : 3660.471 	 TPS : 220.839 	 RecvSec : 67.950 	 SendSec : 67882.432 	 SendDropSec : 0.000
Total Time : 3661.940 	 TPS : 274.460 	 RecvSec : 82.406 	 SendSec : 82323.559 	 SendDropSec : 0.000
Total Time : 3663.327 	 TPS : 155.662 	 RecvSec : 45.401 	 SendSec : 45356.045 	 SendDropSec : 0.000
Total Time : 3664.977 	 TPS : 126.690 	 RecvSec : 38.189 	 SendSec : 38150.737 	 SendDropSec : 0.000
Total Time : 3666.272 	 TPS : 324.423 	 RecvSec : 97.327 	 SendSec : 97229.477 	 SendDropSec : 0.000
Total Time : 3667.273 	 TPS : 218.753 	 RecvSec : 62.929 	 SendSec : 62865.892 	 SendDropSec : 0.000
Total Time : 3669.167 	 TPS : 117.717 	 RecvSec : 33.256 	 SendSec : 33223.238 	 SendDropSec : 0.000
Total Time : 3670.999 	 TPS : 126.114 	 RecvSec : 34.395 	 SendSec : 34360.434 	 SendDropSec : 0.000
Total Time : 3672.502 	 TPS : 147.066 	 RecvSec : 41.924 	 SendSec : 41881.956 	 SendDropSec : 0.000
Total Time : 3674.619 	 TPS : 181.397 	 RecvSec : 59.521 	 SendSec : 59461.418 	 SendDropSec : 0.000
Total Time : 3675.971 	 TPS : 157.478 	 RecvSec : 46.578 	 SendSec : 46531.280 	 SendDropSec : 0.000
Total Time : 3677.434 	 TPS : 141.512 	 RecvSec : 43.069 	 SendSec : 43025.912 	 SendDropSec : 0.000
Total Time : 3678.440 	 TPS : 219.743 	 RecvSec : 62.642 	 SendSec : 62578.917 	 SendDropSec : 0.000
Total Time : 3680.863 	 TPS : 180.750 	 RecvSec : 51.997 	 SendSec : 51944.706 	 SendDropSec : 0.000
Total Time : 3682.059 	 TPS : 185.623 	 RecvSec : 52.677 	 SendSec : 52624.252 	 SendDropSec : 0.000
Total Time : 3683.931 	 TPS : 108.954 	 RecvSec : 33.648 	 SendSec : 33614.041 	 SendDropSec : 0.000
Total Time : 3686.224 	 TPS : 184.954 	 RecvSec : 54.963 	 SendSec : 54907.792 	 SendDropSec : 0.000
Total Time : 3687.748 	 TPS : 149.597 	 RecvSec : 41.336 	 SendSec : 41294.754 	 SendDropSec : 0.000
Total Time : 3688.752 	 TPS : 349.379 	 RecvSec : 115.464 	 SendSec : 115348.667 	 SendDropSec : 0.000
Total Time : 3689.754 	 TPS : 79.846 	 RecvSec : 10.979 	 SendSec : 10967.812 	 SendDropSec : 0.000
Total Time : 3692.043 	 TPS : 180.884 	 RecvSec : 54.615 	 SendSec : 54560.071 	 SendDropSec : 0.000
Total Time : 3693.667 	 TPS : 128.673 	 RecvSec : 38.787 	 SendSec : 38747.921 	 SendDropSec : 0.000
Total Time : 3695.235 	 TPS : 139.703 	 RecvSec : 40.188 	 SendSec : 40148.240 	 SendDropSec : 0.000
Total Time : 3696.458 	 TPS : 174.961 	 RecvSec : 51.507 	 SendSec : 51455.843 	 SendDropSec : 0.000
Total Time : 3697.460 	 TPS : 377.084 	 RecvSec : 120.707 	 SendSec : 120586.048 	 SendDropSec : 0.000
Total Time : 3698.830 	 TPS : 186.129 	 RecvSec : 49.634 	 SendSec : 49584.786 	 SendDropSec : 0.000
Total Time : 3700.707 	 TPS : 227.501 	 RecvSec : 67.132 	 SendSec : 67064.401 	 SendDropSec : 0.000
Total Time : 3701.708 	 TPS : 384.797 	 RecvSec : 119.937 	 SendSec : 119816.785 	 SendDropSec : 0.000
Total Time : 3703.314 	 TPS : 24.290 	 RecvSec : 3.737 	 SendSec : 3733.180 	 SendDropSec : 0.000
Total Time : 3705.153 	 TPS : 114.731 	 RecvSec : 34.256 	 SendSec : 34221.799 	 SendDropSec : 0.000
Total Time : 3706.597 	 TPS : 156.480 	 RecvSec : 43.620 	 SendSec : 43576.878 	 SendDropSec : 0.000
Total Time : 3708.077 	 TPS : 291.897 	 RecvSec : 85.137 	 SendSec : 85051.592 	 SendDropSec : 0.000
Total Time : 3709.077 	 TPS : 256.884 	 RecvSec : 73.967 	 SendSec : 73892.667 	 SendDropSec : 0.000
Total Time : 3710.191 	 TPS : 178.648 	 RecvSec : 46.682 	 SendSec : 46635.084 	 SendDropSec : 0.000
Total Time : 3711.643 	 TPS : 146.011 	 RecvSec : 43.390 	 SendSec : 43346.746 	 SendDropSec : 0.000
Total Time : 3713.253 	 TPS : 272.082 	 RecvSec : 78.270 	 SendSec : 78191.846 	 SendDropSec : 0.000
Total Time : 3714.765 	 TPS : 142.182 	 RecvSec : 41.663 	 SendSec : 41620.843 	 SendDropSec : 0.000
Total Time : 3715.840 	 TPS : 197.154 	 RecvSec : 58.588 	 SendSec : 58529.604 	 SendDropSec : 0.000
Total Time : 3716.864 	 TPS : 212.922 	 RecvSec : 61.532 	 SendSec : 61470.889 	 SendDropSec : 0.000
Total Time : 3717.865 	 TPS : 264.874 	 RecvSec : 74.964 	 SendSec : 74889.353 	 SendDropSec : 0.000
Total Time : 3719.725 	 TPS : 94.603 	 RecvSec : 27.414 	 SendSec : 27386.090 	 SendDropSec : 0.000
Total Time : 3721.225 	 TPS : 133.358 	 RecvSec : 42.008 	 SendSec : 41965.856 	 SendDropSec : 0.000
Total Time : 3723.155 	 TPS : 107.779 	 RecvSec : 32.645 	 SendSec : 32611.950 	 SendDropSec : 0.000
Total Time : 3724.814 	 TPS : 125.982 	 RecvSec : 37.975 	 SendSec : 37937.523 	 SendDropSec : 0.000
Total Time : 3726.699 	 TPS : 107.677 	 RecvSec : 33.417 	 SendSec : 33383.724 	 SendDropSec : 0.000
Total Time : 3727.730 	 TPS : 207.601 	 RecvSec : 61.116 	 SendSec : 61055.111 	 SendDropSec : 0.000
Total Time : 3729.014 	 TPS : 166.638 	 RecvSec : 49.057 	 SendSec : 49007.809 	 SendDropSec : 0.000
Total Time : 3730.936 	 TPS : 109.758 	 RecvSec : 32.771 	 SendSec : 32738.633 	 SendDropSec : 0.000
Total Time : 3732.923 	 TPS : 105.187 	 RecvSec : 31.707 	 SendSec : 31675.299 	 SendDropSec : 0.000
Total Time : 3733.993 	 TPS : 178.586 	 RecvSec : 58.905 	 SendSec : 58846.316 	 SendDropSec : 0.000
Total Time : 3735.073 	 TPS : 200.849 	 RecvSec : 58.311 	 SendSec : 58252.783 	 SendDropSec : 0.000
Total Time : 3737.429 	 TPS : 177.883 	 RecvSec : 53.492 	 SendSec : 53438.690 	 SendDropSec : 0.000
Total Time : 3738.907 	 TPS : 141.362 	 RecvSec : 42.612 	 SendSec : 42569.001 	 SendDropSec : 0.000
Total Time : 3741.115 	 TPS : 197.981 	 RecvSec : 57.084 	 SendSec : 57026.616 	 SendDropSec : 0.000
Total Time : 3742.132 	 TPS : 196.529 	 RecvSec : 61.907 	 SendSec : 61844.656 	 SendDropSec : 0.000
Total Time : 3743.375 	 TPS : 155.234 	 RecvSec : 50.672 	 SendSec : 50621.514 	 SendDropSec : 0.000
Total Time : 3745.141 	 TPS : 115.578 	 RecvSec : 35.693 	 SendSec : 35657.648 	 SendDropSec : 0.000
Total Time : 3746.533 	 TPS : 150.144 	 RecvSec : 45.259 	 SendSec : 45213.593 	 SendDropSec : 0.000
Total Time : 3747.848 	 TPS : 327.591 	 RecvSec : 95.769 	 SendSec : 95673.160 	 SendDropSec : 0.000
Total Time : 3748.850 	 TPS : 199.665 	 RecvSec : 67.886 	 SendSec : 67818.093 	 SendDropSec : 0.000
Total Time : 3750.250 	 TPS : 144.303 	 RecvSec : 41.433 	 SendSec : 41392.063 	 SendDropSec : 0.000
Total Time : 3751.947 	 TPS : 127.241 	 RecvSec : 37.112 	 SendSec : 37074.963 	 SendDropSec : 0.000
Total Time : 3753.576 	 TPS : 130.797 	 RecvSec : 38.686 	 SendSec : 38647.722 	 SendDropSec : 0.000
Total Time : 3755.335 	 TPS : 122.775 	 RecvSec : 35.809 	 SendSec : 35773.572 	 SendDropSec : 0.000
Total Time : 3756.335 	 TPS : 242.990 	 RecvSec : 77.997 	 SendSec : 77918.836 	 SendDropSec : 0.000
Total Time : 3757.769 	 TPS : 121.316 	 RecvSec : 33.467 	 SendSec : 33433.138 	 SendDropSec : 0.000
Total Time : 3759.036 	 TPS : 346.482 	 RecvSec : 99.446 	 SendSec : 99346.506 	 SendDropSec : 0.000
Total Time : 3760.522 	 TPS : 141.326 	 RecvSec : 42.398 	 SendSec : 42355.424 	 SendDropSec : 0.000
Total Time : 3761.966 	 TPS : 140.624 	 RecvSec : 43.642 	 SendSec : 43598.260 	 SendDropSec : 0.000
Total Time : 3762.966 	 TPS : 238.991 	 RecvSec : 73.997 	 SendSec : 73923.095 	 SendDropSec : 0.000
Total Time : 3764.730 	 TPS : 114.500 	 RecvSec : 29.475 	 SendSec : 29445.801 	 SendDropSec : 0.000
Total Time : 3766.056 	 TPS : 151.548 	 RecvSec : 47.500 	 SendSec : 47452.603 	 SendDropSec : 0.000
Total Time : 3767.810 	 TPS : 241.238 	 RecvSec : 71.858 	 SendSec : 71786.130 	 SendDropSec : 0.000
Total Time : 3768.811 	 TPS : 403.702 	 RecvSec : 124.908 	 SendSec : 124782.873 	 SendDropSec : 0.000
Total Time : 3770.446 	 TPS : 4.893 	 RecvSec : 0.612 	 SendSec : 611.007 	 SendDropSec : 0.000
Total Time : 3772.118 	 TPS : 111.224 	 RecvSec : 37.673 	 SendSec : 37634.906 	 SendDropSec : 0.000
Total Time : 3773.119 	 TPS : 405.708 	 RecvSec : 120.913 	 SendSec : 120792.187 	 SendDropSec : 0.000
Total Time : 3774.816 	 TPS : 21.214 	 RecvSec : 2.946 	 SendSec : 2943.392 	 SendDropSec : 0.000
Total Time : 3775.816 	 TPS : 424.966 	 RecvSec : 124.990 	 SendSec : 124864.973 	 SendDropSec : 0.000
Total Time : 3777.268 	 TPS : 0.689 	 RecvSec : 0.689 	 SendSec : 688.060 	 SendDropSec : 0.000
Total Time : 3778.755 	 TPS : 143.838 	 RecvSec : 42.345 	 SendSec : 42302.463 	 SendDropSec : 0.000
Total Time : 3780.502 	 TPS : 116.200 	 RecvSec : 36.062 	 SendSec : 36026.002 	 SendDropSec : 0.000
Total Time : 3782.890 	 TPS : 173.013 	 RecvSec : 52.784 	 SendSec : 52730.878 	 SendDropSec : 0.000
Total Time : 3784.597 	 TPS : 124.148 	 RecvSec : 36.893 	 SendSec : 36856.030 	 SendDropSec : 0.000
Total Time : 3786.051 	 TPS : 144.466 	 RecvSec : 43.340 	 SendSec : 43296.521 	 SendDropSec : 0.000
Total Time : 3787.051 	 TPS : 247.927 	 RecvSec : 77.977 	 SendSec : 77898.981 	 SendDropSec : 0.000
Total Time : 3789.088 	 TPS : 183.626 	 RecvSec : 54.499 	 SendSec : 54444.173 	 SendDropSec : 0.000
Total Time : 3790.561 	 TPS : 144.584 	 RecvSec : 42.764 	 SendSec : 42721.655 	 SendDropSec : 0.000
Total Time : 3791.947 	 TPS : 142.840 	 RecvSec : 45.449 	 SendSec : 45403.718 	 SendDropSec : 0.000
Total Time : 3793.168 	 TPS : 173.665 	 RecvSec : 51.608 	 SendSec : 51556.251 	 SendDropSec : 0.000
Total Time : 3794.872 	 TPS : 119.741 	 RecvSec : 36.979 	 SendSec : 36941.977 	 SendDropSec : 0.000
Total Time : 3796.405 	 TPS : 262.784 	 RecvSec : 82.161 	 SendSec : 82078.728 	 SendDropSec : 0.000
Total Time : 3797.944 	 TPS : 129.323 	 RecvSec : 40.941 	 SendSec : 40900.522 	 SendDropSec : 0.000
Total Time : 3799.536 	 TPS : 272.064 	 RecvSec : 79.169 	 SendSec : 79089.465 	 SendDropSec : 0.000
Total Time : 3802.116 	 TPS : 177.843 	 RecvSec : 48.820 	 SendSec : 48770.801 	 SendDropSec : 0.000
Total Time : 3803.909 	 TPS : 116.020 	 RecvSec : 35.141 	 SendSec : 35105.431 	 SendDropSec : 0.000
Total Time : 3805.641 	 TPS : 243.100 	 RecvSec : 72.757 	 SendSec : 72684.076 	 SendDropSec : 0.000
Total Time : 3807.471 	 TPS : 123.520 	 RecvSec : 34.432 	 SendSec : 34398.044 	 SendDropSec : 0.000
Total Time : 3809.176 	 TPS : 115.523 	 RecvSec : 36.944 	 SendSec : 36907.094 	 SendDropSec : 0.000
Total Time : 3810.365 	 TPS : 167.330 	 RecvSec : 52.974 	 SendSec : 52920.775 	 SendDropSec : 0.000
Total Time : 3811.736 	 TPS : 147.408 	 RecvSec : 45.974 	 SendSec : 45927.723 	 SendDropSec : 0.000
Total Time : 3812.736 	 TPS : 403.990 	 RecvSec : 124.997 	 SendSec : 124871.816 	 SendDropSec : 0.000
Total Time : 3814.772 	 TPS : 100.680 	 RecvSec : 31.432 	 SendSec : 31400.488 	 SendDropSec : 0.000
Total Time : 3816.323 	 TPS : 143.711 	 RecvSec : 40.600 	 SendSec : 40559.453 	 SendDropSec : 0.000
Total Time : 3818.079 	 TPS : 127.576 	 RecvSec : 35.881 	 SendSec : 35844.856 	 SendDropSec : 0.000
Total Time : 3819.080 	 TPS : 228.914 	 RecvSec : 73.972 	 SendSec : 73898.303 	 SendDropSec : 0.000
Total Time : 3820.286 	 TPS : 164.919 	 RecvSec : 43.095 	 SendSec : 43051.438 	 SendDropSec : 0.000
Total Time : 3821.638 	 TPS : 150.959 	 RecvSec : 46.620 	 SendSec : 46573.065 	 SendDropSec : 0.000
Total Time : 3822.875 	 TPS : 169.718 	 RecvSec : 50.915 	 SendSec : 50864.565 	 SendDropSec : 0.000
Total Time : 3824.053 	 TPS : 193.612 	 RecvSec : 53.498 	 SendSec : 53444.666 	 SendDropSec : 0.000
Total Time : 3825.325 	 TPS : 343.505 	 RecvSec : 99.043 	 SendSec : 98943.639 	 SendDropSec : 0.000
Total Time : 3826.450 	 TPS : 183.015 	 RecvSec : 55.970 	 SendSec : 55914.512 	 SendDropSec : 0.000
Total Time : 3828.073 	 TPS : 258.800 	 RecvSec : 77.640 	 SendSec : 77562.379 	 SendDropSec : 0.000
Total Time : 3829.146 	 TPS : 201.292 	 RecvSec : 58.710 	 SendSec : 58651.357 	 SendDropSec : 0.000
Total Time : 3830.856 	 TPS : 125.172 	 RecvSec : 36.850 	 SendSec : 36812.983 	 SendDropSec : 0.000
Total Time : 3832.580 	 TPS : 118.317 	 RecvSec : 36.539 	 SendSec : 36502.466 	 SendDropSec : 0.000
Total Time : 3834.080 	 TPS : 298.114 	 RecvSec : 84.032 	 SendSec : 83948.012 	 SendDropSec : 0.000
Total Time : 3835.080 	 TPS : 256.920 	 RecvSec : 77.976 	 SendSec : 77897.727 	 SendDropSec : 0.000
Total Time : 3836.595 	 TPS : 118.794 	 RecvSec : 31.678 	 SendSec : 31646.651 	 SendDropSec : 0.000
Total Time : 3838.457 	 TPS : 116.580 	 RecvSec : 33.846 	 SendSec : 33811.820 	 SendDropSec : 0.000
Total Time : 3840.243 	 TPS : 125.968 	 RecvSec : 35.271 	 SendSec : 35235.671 	 SendDropSec : 0.000
Total Time : 3841.437 	 TPS : 359.071 	 RecvSec : 105.461 	 SendSec : 105355.915 	 SendDropSec : 0.000
Total Time : 3843.131 	 TPS : 265.766 	 RecvSec : 74.414 	 SendSec : 74339.980 	 SendDropSec : 0.000
Total Time : 3844.664 	 TPS : 142.824 	 RecvSec : 41.086 	 SendSec : 41045.316 	 SendDropSec : 0.000
Total Time : 3846.348 	 TPS : 127.644 	 RecvSec : 37.403 	 SendSec : 37365.261 	 SendDropSec : 0.000
Total Time : 3848.314 	 TPS : 110.424 	 RecvSec : 32.059 	 SendSec : 32026.666 	 SendDropSec : 0.000
Total Time : 3849.328 	 TPS : 222.695 	 RecvSec : 62.079 	 SendSec : 62016.752 	 SendDropSec : 0.000
Total Time : 3851.325 	 TPS : 116.185 	 RecvSec : 31.550 	 SendSec : 31518.744 	 SendDropSec : 0.000
Total Time : 3852.974 	 TPS : 133.422 	 RecvSec : 38.207 	 SendSec : 38168.988 	 SendDropSec : 0.000
Total Time : 3854.870 	 TPS : 108.109 	 RecvSec : 33.224 	 SendSec : 33190.424 	 SendDropSec : 0.000
Total Time : 3855.880 	 TPS : 443.749 	 RecvSec : 123.814 	 SendSec : 123690.074 	 SendDropSec : 0.000
Total Time : 3857.608 	 TPS : 149.886 	 RecvSec : 37.037 	 SendSec : 37000.328 	 SendDropSec : 0.000
Total Time : 3859.360 	 TPS : 130.718 	 RecvSec : 35.962 	 SendSec : 35925.658 	 SendDropSec : 0.000
Total Time : 3860.630 	 TPS : 171.562 	 RecvSec : 49.580 	 SendSec : 49530.321 	 SendDropSec : 0.000
Total Time : 3863.314 	 TPS : 175.115 	 RecvSec : 46.946 	 SendSec : 46898.728 	 SendDropSec : 0.000
Total Time : 3864.315 	 TPS : 271.848 	 RecvSec : 79.955 	 SendSec : 79875.445 	 SendDropSec : 0.000
Total Time : 3865.315 	 TPS : 234.967 	 RecvSec : 63.991 	 SendSec : 63927.025 	 SendDropSec : 0.000
Total Time : 3866.591 	 TPS : 126.208 	 RecvSec : 35.276 	 SendSec : 35240.377 	 SendDropSec : 0.000
Total Time : 3867.658 	 TPS : 211.732 	 RecvSec : 59.023 	 SendSec : 58963.519 	 SendDropSec : 0.000
Total Time : 3869.536 	 TPS : 120.372 	 RecvSec : 33.555 	 SendSec : 33521.537 	 SendDropSec : 0.000
Total Time : 3871.232 	 TPS : 125.530 	 RecvSec : 37.129 	 SendSec : 37091.484 	 SendDropSec : 0.000
Total Time : 3872.233 	 TPS : 453.695 	 RecvSec : 124.916 	 SendSec : 124791.128 	 SendDropSec : 0.000
Total Time : 3873.869 	 TPS : 7.337 	 RecvSec : 0.611 	 SendSec : 610.769 	 SendDropSec : 0.000
Total Time : 3875.299 	 TPS : 158.734 	 RecvSec : 44.054 	 SendSec : 44009.968 	 SendDropSec : 0.000
Total Time : 3877.179 	 TPS : 246.818 	 RecvSec : 67.024 	 SendSec : 66956.816 	 SendDropSec : 0.000
Total Time : 3878.700 	 TPS : 146.579 	 RecvSec : 41.410 	 SendSec : 41368.809 	 SendDropSec : 0.000
Total Time : 3880.131 	 TPS : 318.059 	 RecvSec : 88.078 	 SendSec : 87989.786 	 SendDropSec : 0.000
Total Time : 3882.120 	 TPS : 111.597 	 RecvSec : 31.669 	 SendSec : 31637.624 	 SendDropSec : 0.000
Total Time : 3884.024 	 TPS : 116.064 	 RecvSec : 33.086 	 SendSec : 33053.017 	 SendDropSec : 0.000
Total Time : 3885.025 	 TPS : 263.867 	 RecvSec : 73.963 	 SendSec : 73888.804 	 SendDropSec : 0.000
Total Time : 3886.379 	 TPS : 144.766 	 RecvSec : 38.407 	 SendSec : 38368.787 	 SendDropSec : 0.000
Total Time : 3887.442 	 TPS : 208.795 	 RecvSec : 59.253 	 SendSec : 59193.391 	 SendDropSec : 0.000
Total Time : 3889.053 	 TPS : 138.995 	 RecvSec : 39.092 	 SendSec : 39053.214 	 SendDropSec : 0.000
Total Time : 3890.246 	 TPS : 188.652 	 RecvSec : 52.823 	 SendSec : 52769.761 	 SendDropSec : 0.000
Total Time : 3892.017 	 TPS : 129.876 	 RecvSec : 35.575 	 SendSec : 35539.038 	 SendDropSec : 0.000
Total Time : 3893.017 	 TPS : 365.923 	 RecvSec : 118.975 	 SendSec : 118856.088 	 SendDropSec : 0.000
Total Time : 3894.442 	 TPS : 49.129 	 RecvSec : 4.913 	 SendSec : 4908.002 	 SendDropSec : 0.000
Total Time : 3895.929 	 TPS : 156.671 	 RecvSec : 42.362 	 SendSec : 42319.436 	 SendDropSec : 0.000
Total Time : 3898.531 	 TPS : 176.400 	 RecvSec : 48.424 	 SendSec : 48375.153 	 SendDropSec : 0.000
Total Time : 3899.910 	 TPS : 176.991 	 RecvSec : 45.699 	 SendSec : 45652.813 	 SendDropSec : 0.000
Total Time : 3901.133 	 TPS : 188.039 	 RecvSec : 51.506 	 SendSec : 51454.795 	 SendDropSec : 0.000
Total Time : 3903.044 	 TPS : 108.328 	 RecvSec : 32.969 	 SendSec : 32936.284 	 SendDropSec : 0.000
Total Time : 3904.162 	 TPS : 210.994 	 RecvSec : 56.325 	 SendSec : 56268.461 	 SendDropSec : 0.000
Total Time : 3905.890 	 TPS : 136.033 	 RecvSec : 36.468 	 SendSec : 36431.820 	 SendDropSec : 0.000
Total Time : 3907.680 	 TPS : 119.546 	 RecvSec : 35.193 	 SendSec : 35158.110 	 SendDropSec : 0.000
Total Time : 3909.481 	 TPS : 133.252 	 RecvSec : 34.979 	 SendSec : 34943.603 	 SendDropSec : 0.000
Total Time : 3911.039 	 TPS : 277.945 	 RecvSec : 80.880 	 SendSec : 80799.084 	 SendDropSec : 0.000
Total Time : 3912.472 	 TPS : 153.499 	 RecvSec : 43.957 	 SendSec : 43912.575 	 SendDropSec : 0.000
Total Time : 3913.473 	 TPS : 310.662 	 RecvSec : 83.909 	 SendSec : 83824.874 	 SendDropSec : 0.000
Total Time : 3915.144 	 TPS : 209.457 	 RecvSec : 62.837 	 SendSec : 62774.156 	 SendDropSec : 0.000
Total Time : 3916.280 	 TPS : 200.832 	 RecvSec : 55.493 	 SendSec : 55437.523 	 SendDropSec : 0.000
Total Time : 3917.451 	 TPS : 190.313 	 RecvSec : 52.912 	 SendSec : 52859.326 	 SendDropSec : 0.000
Total Time : 3918.452 	 TPS : 425.859 	 RecvSec : 125.958 	 SendSec : 125832.375 	 SendDropSec : 0.000
Total Time : 3919.452 	 TPS : 194.935 	 RecvSec : 61.979 	 SendSec : 61917.388 	 SendDropSec : 0.000
Total Time : 3921.039 	 TPS : 17.012 	 RecvSec : 1.260 	 SendSec : 1258.889 	 SendDropSec : 0.000
Total Time : 3922.406 	 TPS : 174.871 	 RecvSec : 46.096 	 SendSec : 46049.663 	 SendDropSec : 0.000
Total Time : 3924.205 	 TPS : 252.897 	 RecvSec : 70.033 	 SendSec : 69963.042 	 SendDropSec : 0.000
Total Time : 3925.206 	 TPS : 376.779 	 RecvSec : 123.927 	 SendSec : 123803.488 	 SendDropSec : 0.000
Total Time : 3926.946 	 TPS : 18.388 	 RecvSec : 1.149 	 SendSec : 1148.085 	 SendDropSec : 0.000
Total Time : 3928.002 	 TPS : 205.525 	 RecvSec : 59.668 	 SendSec : 59608.825 	 SendDropSec : 0.000
Total Time : 3929.801 	 TPS : 118.379 	 RecvSec : 35.014 	 SendSec : 34978.541 	 SendDropSec : 0.000
Total Time : 3931.376 	 TPS : 136.473 	 RecvSec : 39.990 	 SendSec : 39949.917 	 SendDropSec : 0.000
Total Time : 3932.376 	 TPS : 267.983 	 RecvSec : 77.995 	 SendSec : 77917.185 	 SendDropSec : 0.000
Total Time : 3934.305 	 TPS : 93.344 	 RecvSec : 24.892 	 SendSec : 24866.947 	 SendDropSec : 0.000
Total Time : 3935.978 	 TPS : 128.489 	 RecvSec : 37.650 	 SendSec : 37612.745 	 SendDropSec : 0.000
Total Time : 3937.837 	 TPS : 117.830 	 RecvSec : 33.896 	 SendSec : 33862.264 	 SendDropSec : 0.000
Total Time : 3939.324 	 TPS : 147.258 	 RecvSec : 42.362 	 SendSec : 42319.473 	 SendDropSec : 0.000
Total Time : 3941.038 	 TPS : 129.524 	 RecvSec : 36.757 	 SendSec : 36720.015 	 SendDropSec : 0.000
Total Time : 3942.044 	 TPS : 251.541 	 RecvSec : 74.568 	 SendSec : 74493.037 	 SendDropSec : 0.000
Total Time : 3943.469 	 TPS : 131.228 	 RecvSec : 35.789 	 SendSec : 35753.652 	 SendDropSec : 0.000
Total Time : 3944.673 	 TPS : 177.664 	 RecvSec : 52.303 	 SendSec : 52250.572 	 SendDropSec : 0.000
Total Time : 3946.161 	 TPS : 298.504 	 RecvSec : 84.711 	 SendSec : 84625.916 	 SendDropSec : 0.000
Total Time : 3948.120 	 TPS : 110.226 	 RecvSec : 32.149 	 SendSec : 32117.016 	 SendDropSec : 0.000
Total Time : 3950.075 	 TPS : 108.950 	 RecvSec : 32.225 	 SendSec : 32192.379 	 SendDropSec : 0.000
Total Time : 3951.602 	 TPS : 138.883 	 RecvSec : 41.272 	 SendSec : 41230.496 	 SendDropSec : 0.000
Total Time : 3953.469 	 TPS : 114.617 	 RecvSec : 33.742 	 SendSec : 33708.631 	 SendDropSec : 0.000
Total Time : 3954.626 	 TPS : 185.766 	 RecvSec : 54.434 	 SendSec : 54379.377 	 SendDropSec : 0.000
Total Time : 3955.627 	 TPS : 256.888 	 RecvSec : 74.967 	 SendSec : 74892.437 	 SendDropSec : 0.000
Total Time : 3957.644 	 TPS : 197.273 	 RecvSec : 56.505 	 SendSec : 56448.752 	 SendDropSec : 0.000
Total Time : 3959.288 	 TPS : 268.209 	 RecvSec : 76.631 	 SendSec : 76554.620 	 SendDropSec : 0.000
Total Time : 3961.313 	 TPS : 198.598 	 RecvSec : 62.247 	 SendSec : 62184.748 	 SendDropSec : 0.000
Total Time : 3962.313 	 TPS : 384.746 	 RecvSec : 119.921 	 SendSec : 119801.027 	 SendDropSec : 0.000
Total Time : 3964.001 	 TPS : 26.669 	 RecvSec : 3.556 	 SendSec : 3552.260 	 SendDropSec : 0.000
Total Time : 3965.277 	 TPS : 168.428 	 RecvSec : 49.353 	 SendSec : 49303.826 	 SendDropSec : 0.000
Total Time : 3966.611 	 TPS : 161.987 	 RecvSec : 47.246 	 SendSec : 47199.027 	 SendDropSec : 0.000
Total Time : 3968.537 	 TPS : 113.675 	 RecvSec : 32.701 	 SendSec : 32668.194 	 SendDropSec : 0.000
Total Time : 3970.043 	 TPS : 282.948 	 RecvSec : 83.689 	 SendSec : 83605.123 	 SendDropSec : 0.000
Total Time : 3971.218 	 TPS : 193.089 	 RecvSec : 53.589 	 SendSec : 53534.946 	 SendDropSec : 0.000
Total Time : 3972.414 	 TPS : 194.792 	 RecvSec : 52.669 	 SendSec : 52616.487 	 SendDropSec : 0.000
Total Time : 3973.887 	 TPS : 152.792 	 RecvSec : 42.782 	 SendSec : 42739.065 	 SendDropSec : 0.000
Total Time : 3976.134 	 TPS : 186.480 	 RecvSec : 56.077 	 SendSec : 56021.347 	 SendDropSec : 0.000
Total Time : 3977.802 	 TPS : 274.483 	 RecvSec : 75.513 	 SendSec : 75437.400 	 SendDropSec : 0.000
Total Time : 3979.954 	 TPS : 201.720 	 RecvSec : 58.564 	 SendSec : 58505.384 	 SendDropSec : 0.000
Total Time : 3980.954 	 TPS : 323.890 	 RecvSec : 106.964 	 SendSec : 106856.776 	 SendDropSec : 0.000
Total Time : 3982.542 	 TPS : 74.931 	 RecvSec : 11.964 	 SendSec : 11951.779 	 SendDropSec : 0.000
Total Time : 3984.493 	 TPS : 111.784 	 RecvSec : 32.304 	 SendSec : 32272.167 	 SendDropSec : 0.000
Total Time : 3986.428 	 TPS : 110.029 	 RecvSec : 32.544 	 SendSec : 32511.216 	 SendDropSec : 0.000
Total Time : 3987.596 	 TPS : 182.451 	 RecvSec : 53.964 	 SendSec : 53910.316 	 SendDropSec : 0.000
Total Time : 3989.262 	 TPS : 139.267 	 RecvSec : 37.818 	 SendSec : 37780.497 	 SendDropSec : 0.000
Total Time : 3990.735 	 TPS : 147.964 	 RecvSec : 42.760 	 SendSec : 42717.503 	 SendDropSec : 0.000
Total Time : 3992.252 	 TPS : 145.690 	 RecvSec : 41.531 	 SendSec : 41489.933 	 SendDropSec : 0.000
Total Time : 3993.511 	 TPS : 347.150 	 RecvSec : 100.094 	 SendSec : 99993.518 	 SendDropSec : 0.000
Total Time : 3995.009 	 TPS : 145.535 	 RecvSec : 42.058 	 SendSec : 42016.192 	 SendDropSec : 0.000
Total Time : 3996.099 	 TPS : 207.276 	 RecvSec : 57.780 	 SendSec : 57722.632 	 SendDropSec : 0.000
Total Time : 3997.166 	 TPS : 228.784 	 RecvSec : 59.071 	 SendSec : 59012.160 	 SendDropSec : 0.000
Total Time : 3998.671 	 TPS : 155.486 	 RecvSec : 41.862 	 SendSec : 41819.661 	 SendDropSec : 0.000
Total Time : 4000.952 	 TPS : 195.502 	 RecvSec : 55.232 	 SendSec : 55176.381 	 SendDropSec : 0.000
Total Time : 4001.955 	 TPS : 417.812 	 RecvSec : 124.646 	 SendSec : 124520.950 	 SendDropSec : 0.000
Total Time : 4003.306 	 TPS : 12.577 	 RecvSec : 0.740 	 SendSec : 739.091 	 SendDropSec : 0.000
Total Time : 4004.723 	 TPS : 155.971 	 RecvSec : 44.462 	 SendSec : 44417.896 	 SendDropSec : 0.000
Total Time : 4006.044 	 TPS : 339.116 	 RecvSec : 95.376 	 SendSec : 95281.040 	 SendDropSec : 0.000
Total Time : 4007.308 	 TPS : 172.525 	 RecvSec : 49.858 	 SendSec : 49808.217 	 SendDropSec : 0.000
Total Time : 4008.822 	 TPS : 151.235 	 RecvSec : 41.606 	 SendSec : 41564.415 	 SendDropSec : 0.000
Total Time : 4010.606 	 TPS : 130.093 	 RecvSec : 35.327 	 SendSec : 35291.594 	 SendDropSec : 0.000
Total Time : 4012.095 	 TPS : 156.395 	 RecvSec : 42.287 	 SendSec : 42244.746 	 SendDropSec : 0.000
Total Time : 4013.801 	 TPS : 138.947 	 RecvSec : 36.935 	 SendSec : 36898.387 	 SendDropSec : 0.000
Total Time : 4015.241 	 TPS : 156.944 	 RecvSec : 43.750 	 SendSec : 43706.232 	 SendDropSec : 0.000
Total Time : 4017.133 	 TPS : 119.466 	 RecvSec : 33.303 	 SendSec : 33269.227 	 SendDropSec : 0.000
Total Time : 4018.133 	 TPS : 247.834 	 RecvSec : 69.953 	 SendSec : 69883.087 	 SendDropSec : 0.000
Total Time : 4019.439 	 TPS : 163.177 	 RecvSec : 42.901 	 SendSec : 42858.174 	 SendDropSec : 0.000
Total Time : 4020.938 	 TPS : 160.780 	 RecvSec : 42.030 	 SendSec : 41987.562 	 SendDropSec : 0.000
Total Time : 4022.704 	 TPS : 249.683 	 RecvSec : 71.338 	 SendSec : 71266.597 	 SendDropSec : 0.000
Total Time : 4024.259 	 TPS : 148.576 	 RecvSec : 40.521 	 SendSec : 40480.101 	 SendDropSec : 0.000
Total Time : 4025.560 	 TPS : 169.105 	 RecvSec : 48.425 	 SendSec : 48377.032 	 SendDropSec : 0.000
Total Time : 4026.717 	 TPS : 363.910 	 RecvSec : 108.914 	 SendSec : 108804.726 	 SendDropSec : 0.000
Total Time : 4027.746 	 TPS : 214.617 	 RecvSec : 61.180 	 SendSec : 61119.288 	 SendDropSec : 0.000
Total Time : 4029.624 	 TPS : 233.825 	 RecvSec : 67.112 	 SendSec : 67044.405 	 SendDropSec : 0.000
Total Time : 4030.624 	 TPS : 268.925 	 RecvSec : 74.979 	 SendSec : 74904.199 	 SendDropSec : 0.000
Total Time : 4032.084 	 TPS : 135.619 	 RecvSec : 34.932 	 SendSec : 34897.343 	 SendDropSec : 0.000
Total Time : 4033.413 	 TPS : 350.022 	 RecvSec : 94.845 	 SendSec : 94749.914 	 SendDropSec : 0.000
Total Time : 4034.965 	 TPS : 135.909 	 RecvSec : 40.579 	 SendSec : 40538.812 	 SendDropSec : 0.000
Total Time : 4035.965 	 TPS : 207.975 	 RecvSec : 74.991 	 SendSec : 74916.063 	 SendDropSec : 0.000
Total Time : 4037.897 	 TPS : 96.300 	 RecvSec : 26.405 	 SendSec : 26378.543 	 SendDropSec : 0.000
Total Time : 4038.968 	 TPS : 200.653 	 RecvSec : 58.796 	 SendSec : 58737.213 	 SendDropSec : 0.000
Total Time : 4040.827 	 TPS : 131.229 	 RecvSec : 33.883 	 SendSec : 33849.044 	 SendDropSec : 0.000
Total Time : 4042.820 	 TPS : 219.842 	 RecvSec : 63.242 	 SendSec : 63178.918 	 SendDropSec : 0.000
Total Time : 4044.370 	 TPS : 297.967 	 RecvSec : 81.264 	 SendSec : 81182.373 	 SendDropSec : 0.000
Total Time : 4046.344 	 TPS : 111.975 	 RecvSec : 31.920 	 SendSec : 31888.563 	 SendDropSec : 0.000
Total Time : 4047.345 	 TPS : 402.760 	 RecvSec : 118.929 	 SendSec : 118810.237 	 SendDropSec : 0.000
Total Time : 4048.345 	 TPS : 167.895 	 RecvSec : 54.966 	 SendSec : 54910.758 	 SendDropSec : 0.000
Total Time : 4050.586 	 TPS : 143.690 	 RecvSec : 34.807 	 SendSec : 34772.070 	 SendDropSec : 0.000
Total Time : 4051.789 	 TPS : 186.226 	 RecvSec : 52.376 	 SendSec : 52323.711 	 SendDropSec : 0.000
Total Time : 4052.869 	 TPS : 213.007 	 RecvSec : 58.345 	 SendSec : 58286.933 	 SendDropSec : 0.000
Total Time : 4054.258 	 TPS : 163.361 	 RecvSec : 45.338 	 SendSec : 45292.601 	 SendDropSec : 0.000
Total Time : 4055.644 	 TPS : 167.481 	 RecvSec : 45.480 	 SendSec : 45434.257 	 SendDropSec : 0.000
Total Time : 4056.754 	 TPS : 218.849 	 RecvSec : 56.739 	 SendSec : 56682.010 	 SendDropSec : 0.000
Total Time : 4058.028 	 TPS : 174.176 	 RecvSec : 49.428 	 SendSec : 49378.793 	 SendDropSec : 0.000
Total Time : 4059.184 	 TPS : 391.214 	 RecvSec : 109.055 	 SendSec : 108946.163 	 SendDropSec : 0.000
Total Time : 4060.750 	 TPS : 142.432 	 RecvSec : 40.239 	 SendSec : 40198.424 	 SendDropSec : 0.000
Total Time : 4061.823 	 TPS : 199.328 	 RecvSec : 58.681 	 SendSec : 58622.026 	 SendDropSec : 0.000
Total Time : 4063.549 	 TPS : 132.137 	 RecvSec : 36.511 	 SendSec : 36474.913 	 SendDropSec : 0.000
Total Time : 4065.072 	 TPS : 154.214 	 RecvSec : 41.343 	 SendSec : 41301.225 	 SendDropSec : 0.000
Total Time : 4066.658 	 TPS : 283.178 	 RecvSec : 79.466 	 SendSec : 79387.003 	 SendDropSec : 0.000
Total Time : 4068.334 	 TPS : 140.854 	 RecvSec : 37.601 	 SendSec : 37563.136 	 SendDropSec : 0.000
Total Time : 4070.906 	 TPS : 179.586 	 RecvSec : 48.978 	 SendSec : 48929.112 	 SendDropSec : 0.000
Total Time : 4072.814 	 TPS : 112.711 	 RecvSec : 33.027 	 SendSec : 32993.897 	 SendDropSec : 0.000
Total Time : 4074.802 	 TPS : 110.134 	 RecvSec : 31.682 	 SendSec : 31650.645 	 SendDropSec : 0.000
Total Time : 4076.788 	 TPS : 218.045 	 RecvSec : 63.449 	 SendSec : 63386.030 	 SendDropSec : 0.000
Total Time : 4078.114 	 TPS : 328.856 	 RecvSec : 95.036 	 SendSec : 94941.213 	 SendDropSec : 0.000
Total Time : 4079.115 	 TPS : 425.626 	 RecvSec : 124.890 	 SendSec : 124765.256 	 SendDropSec : 0.000
Total Time : 4080.115 	 TPS : 46.975 	 RecvSec : 12.993 	 SendSec : 12980.127 	 SendDropSec : 0.000
Total Time : 4081.329 	 TPS : 158.184 	 RecvSec : 42.018 	 SendSec : 41975.679 	 SendDropSec : 0.000
Total Time : 4082.584 	 TPS : 180.862 	 RecvSec : 50.195 	 SendSec : 50144.924 	 SendDropSec : 0.000
Total Time : 4084.401 	 TPS : 132.620 	 RecvSec : 34.668 	 SendSec : 34633.608 	 SendDropSec : 0.000
Total Time : 4085.488 	 TPS : 199.685 	 RecvSec : 57.973 	 SendSec : 57914.951 	 SendDropSec : 0.000
Total Time : 4086.513 	 TPS : 226.406 	 RecvSec : 61.481 	 SendSec : 61419.364 	 SendDropSec : 0.000
Total Time : 4087.513 	 TPS : 429.877 	 RecvSec : 123.964 	 SendSec : 123840.507 	 SendDropSec : 0.000
Total Time : 4088.974 	 TPS : 19.168 	 RecvSec : 1.369 	 SendSec : 1367.749 	 SendDropSec : 0.000
Total Time : 4090.157 	 TPS : 180.922 	 RecvSec : 53.262 	 SendSec : 53208.717 	 SendDropSec : 0.000
Total Time : 4091.732 	 TPS : 133.320 	 RecvSec : 39.996 	 SendSec : 39955.923 	 SendDropSec : 0.000
Total Time : 4094.053 	 TPS : 180.481 	 RecvSec : 54.273 	 SendSec : 54219.170 	 SendDropSec : 0.000
Total Time : 4095.405 	 TPS : 168.680 	 RecvSec : 46.609 	 SendSec : 46562.321 	 SendDropSec : 0.000
Total Time : 4097.132 	 TPS : 116.390 	 RecvSec : 36.480 	 SendSec : 36443.938 	 SendDropSec : 0.000
Total Time : 4098.235 	 TPS : 216.679 	 RecvSec : 57.116 	 SendSec : 57059.154 	 SendDropSec : 0.000
Total Time : 4099.235 	 TPS : 337.926 	 RecvSec : 94.979 	 SendSec : 94884.125 	 SendDropSec : 0.000
Total Time : 4100.490 	 TPS : 278.241 	 RecvSec : 74.942 	 SendSec : 74866.731 	 SendDropSec : 0.000
Total Time : 4101.871 	 TPS : 166.480 	 RecvSec : 45.601 	 SendSec : 45555.437 	 SendDropSec : 0.000
Total Time : 4102.906 	 TPS : 375.796 	 RecvSec : 94.673 	 SendSec : 94578.758 	 SendDropSec : 0.000
Total Time : 4104.112 	 TPS : 59.704 	 RecvSec : 23.218 	 SendSec : 23194.857 	 SendDropSec : 0.000
Total Time : 4105.785 	 TPS : 74.704 	 RecvSec : 37.651 	 SendSec : 37613.359 	 SendDropSec : 0.000
Total Time : 4107.363 	 TPS : 121.079 	 RecvSec : 39.937 	 SendSec : 39897.026 	 SendDropSec : 0.000
Total Time : 4109.351 	 TPS : 115.694 	 RecvSec : 31.690 	 SendSec : 31658.334 	 SendDropSec : 0.000
Total Time : 4110.842 	 TPS : 160.922 	 RecvSec : 42.242 	 SendSec : 42199.734 	 SendDropSec : 0.000
Total Time : 4112.715 	 TPS : 245.674 	 RecvSec : 67.293 	 SendSec : 67226.153 	 SendDropSec : 0.000
Total Time : 4114.378 	 TPS : 132.296 	 RecvSec : 37.885 	 SendSec : 37846.812 	 SendDropSec : 0.000
Total Time : 4116.090 	 TPS : 126.111 	 RecvSec : 36.782 	 SendSec : 36745.619 	 SendDropSec : 0.000
Total Time : 4117.206 	 TPS : 209.793 	 RecvSec : 56.483 	 SendSec : 56426.322 	 SendDropSec : 0.000
Total Time : 4118.221 	 TPS : 441.110 	 RecvSec : 123.078 	 SendSec : 122954.512 	 SendDropSec : 0.000
Total Time : 4119.222 	 TPS : 186.970 	 RecvSec : 56.991 	 SendSec : 56933.936 	 SendDropSec : 0.000
Total Time : 4120.394 	 TPS : 52.905 	 RecvSec : 5.973 	 SendSec : 5967.228 	 SendDropSec : 0.000
Total Time : 4121.408 	 TPS : 437.446 	 RecvSec : 123.155 	 SendSec : 123031.642 	 SendDropSec : 0.000
Total Time : 4122.695 	 TPS : 198.136 	 RecvSec : 49.728 	 SendSec : 49678.619 	 SendDropSec : 0.000
Total Time : 4124.453 	 TPS : 133.110 	 RecvSec : 35.837 	 SendSec : 35801.447 	 SendDropSec : 0.000
Total Time : 4125.924 	 TPS : 306.772 	 RecvSec : 85.706 	 SendSec : 85620.039 	 SendDropSec : 0.000
Total Time : 4127.326 	 TPS : 171.148 	 RecvSec : 44.926 	 SendSec : 44881.414 	 SendDropSec : 0.000
Total Time : 4129.202 	 TPS : 117.250 	 RecvSec : 33.576 	 SendSec : 33542.589 	 SendDropSec : 0.000
Total Time : 4130.203 	 TPS : 232.889 	 RecvSec : 62.970 	 SendSec : 62906.962 	 SendDropSec : 0.000
Total Time : 4132.128 	 TPS : 247.759 	 RecvSec : 65.446 	 SendSec : 65380.349 	 SendDropSec : 0.000
Total Time : 4133.128 	 TPS : 417.951 	 RecvSec : 118.986 	 SendSec : 118867.104 	 SendDropSec : 0.000
Total Time : 4134.490 	 TPS : 221.708 	 RecvSec : 51.389 	 SendSec : 51337.891 	 SendDropSec : 0.000
Total Time : 4135.825 	 TPS : 169.293 	 RecvSec : 47.192 	 SendSec : 47144.975 	 SendDropSec : 0.000
Total Time : 4137.078 	 TPS : 189.105 	 RecvSec : 50.268 	 SendSec : 50218.173 	 SendDropSec : 0.000
Total Time : 4138.719 	 TPS : 144.441 	 RecvSec : 38.396 	 SendSec : 38357.198 	 SendDropSec : 0.000
Total Time : 4139.720 	 TPS : 273.863 	 RecvSec : 74.962 	 SendSec : 74887.436 	 SendDropSec : 0.000
Total Time : 4141.240 	 TPS : 136.792 	 RecvSec : 33.540 	 SendSec : 33506.897 	 SendDropSec : 0.000
Total Time : 4143.415 	 TPS : 205.119 	 RecvSec : 57.948 	 SendSec : 57890.503 	 SendDropSec : 0.000
Total Time : 4144.427 	 TPS : 256.857 	 RecvSec : 62.239 	 SendSec : 62176.298 	 SendDropSec : 0.000
Total Time : 4146.249 	 TPS : 135.571 	 RecvSec : 34.579 	 SendSec : 34544.331 	 SendDropSec : 0.000
Total Time : 4148.093 	 TPS : 116.009 	 RecvSec : 34.152 	 SendSec : 34118.133 	 SendDropSec : 0.000
Total Time : 4149.444 	 TPS : 182.199 	 RecvSec : 46.661 	 SendSec : 46613.989 	 SendDropSec : 0.000
Total Time : 4150.608 	 TPS : 199.277 	 RecvSec : 54.114 	 SendSec : 54060.011 	 SendDropSec : 0.000
Total Time : 4151.608 	 TPS : 290.871 	 RecvSec : 74.967 	 SendSec : 74891.875 	 SendDropSec : 0.000
Total Time : 4152.790 	 TPS : 170.935 	 RecvSec : 43.157 	 SendSec : 43113.683 	 SendDropSec : 0.000
Total Time : 4155.270 	 TPS : 193.126 	 RecvSec : 50.801 	 SendSec : 50750.576 	 SendDropSec : 0.000
Total Time : 4156.407 	 TPS : 411.605 	 RecvSec : 110.817 	 SendSec : 110706.043 	 SendDropSec : 0.000
Total Time : 4157.706 	 TPS : 366.587 	 RecvSec : 97.038 	 SendSec : 96940.596 	 SendDropSec : 0.000
Total Time : 4158.980 	 TPS : 366.528 	 RecvSec : 98.892 	 SendSec : 98793.156 	 SendDropSec : 0.000
Total Time : 4160.659 	 TPS : 136.988 	 RecvSec : 37.523 	 SendSec : 37485.185 	 SendDropSec : 0.000
Total Time : 4162.044 	 TPS : 173.275 	 RecvSec : 45.485 	 SendSec : 45439.098 	 SendDropSec : 0.000
Total Time : 4163.044 	 TPS : 351.953 	 RecvSec : 109.985 	 SendSec : 109875.409 	 SendDropSec : 0.000
Total Time : 4164.166 	 TPS : 104.328 	 RecvSec : 14.267 	 SendSec : 14252.797 	 SendDropSec : 0.000
Total Time : 4165.197 	 TPS : 207.537 	 RecvSec : 61.097 	 SendSec : 61036.127 	 SendDropSec : 0.000
Total Time : 4166.513 	 TPS : 195.283 	 RecvSec : 47.871 	 SendSec : 47823.040 	 SendDropSec : 0.000
Total Time : 4167.534 	 TPS : 218.284 	 RecvSec : 61.668 	 SendSec : 61605.972 	 SendDropSec : 0.000
Total Time : 4169.285 	 TPS : 139.909 	 RecvSec : 35.977 	 SendSec : 35940.719 	 SendDropSec : 0.000
Total Time : 4170.732 	 TPS : 163.796 	 RecvSec : 43.541 	 SendSec : 43497.195 	 SendDropSec : 0.000
Total Time : 4172.238 	 TPS : 153.414 	 RecvSec : 41.840 	 SendSec : 41798.325 	 SendDropSec : 0.000
Total Time : 4173.238 	 TPS : 408.889 	 RecvSec : 118.968 	 SendSec : 118848.863 	 SendDropSec : 0.000
Total Time : 4174.613 	 TPS : 41.477 	 RecvSec : 5.094 	 SendSec : 5088.534 	 SendDropSec : 0.000
Total Time : 4176.143 	 TPS : 152.950 	 RecvSec : 41.179 	 SendSec : 41137.776 	 SendDropSec : 0.000
Total Time : 4178.082 	 TPS : 239.742 	 RecvSec : 64.962 	 SendSec : 64897.405 	 SendDropSec : 0.000
Total Time : 4179.463 	 TPS : 328.178 	 RecvSec : 91.281 	 SendSec : 91189.883 	 SendDropSec : 0.000
Total Time : 4181.245 	 TPS : 134.068 	 RecvSec : 35.340 	 SendSec : 35304.646 	 SendDropSec : 0.000
Total Time : 4182.245 	 TPS : 287.913 	 RecvSec : 77.976 	 SendSec : 77898.467 	 SendDropSec : 0.000
Total Time : 4184.021 	 TPS : 98.577 	 RecvSec : 27.038 	 SendSec : 27011.252 	 SendDropSec : 0.000
Total Time : 4185.591 	 TPS : 161.129 	 RecvSec : 40.123 	 SendSec : 40082.939 	 SendDropSec : 0.000
Total Time : 4187.742 	 TPS : 219.870 	 RecvSec : 58.570 	 SendSec : 58511.506 	 SendDropSec : 0.000
Total Time : 4188.932 	 TPS : 196.644 	 RecvSec : 52.943 	 SendSec : 52889.582 	 SendDropSec : 0.000
Total Time : 4189.936 	 TPS : 278.890 	 RecvSec : 75.699 	 SendSec : 75622.975 	 SendDropSec : 0.000
Total Time : 4191.082 	 TPS : 153.565 	 RecvSec : 43.627 	 SendSec : 43582.908 	 SendDropSec : 0.000
Total Time : 4192.795 	 TPS : 283.097 	 RecvSec : 73.547 	 SendSec : 73473.239 	 SendDropSec : 0.000
Total Time : 4194.470 	 TPS : 281.868 	 RecvSec : 75.244 	 SendSec : 75169.143 	 SendDropSec : 0.000
Total Time : 4195.853 	 TPS : 171.307 	 RecvSec : 45.537 	 SendSec : 45491.885 	 SendDropSec : 0.000
Total Time : 4197.797 	 TPS : 131.717 	 RecvSec : 32.415 	 SendSec : 32382.298 	 SendDropSec : 0.000
Total Time : 4199.629 	 TPS : 126.092 	 RecvSec : 34.389 	 SendSec : 34354.312 	 SendDropSec : 0.000
Total Time : 4202.171 	 TPS : 183.695 	 RecvSec : 49.562 	 SendSec : 49512.782 	 SendDropSec : 0.000
Total Time : 4203.172 	 TPS : 465.805 	 RecvSec : 123.948 	 SendSec : 123824.279 	 SendDropSec : 0.000
Total Time : 4205.298 	 TPS : 119.949 	 RecvSec : 30.575 	 SendSec : 30544.537 	 SendDropSec : 0.000
Total Time : 4206.332 	 TPS : 230.044 	 RecvSec : 60.894 	 SendSec : 60833.223 	 SendDropSec : 0.000
Total Time : 4208.023 	 TPS : 144.903 	 RecvSec : 37.261 	 SendSec : 37223.410 	 SendDropSec : 0.000
Total Time : 4209.023 	 TPS : 351.820 	 RecvSec : 114.941 	 SendSec : 114826.301 	 SendDropSec : 0.000
Total Time : 4210.282 	 TPS : 89.778 	 RecvSec : 8.739 	 SendSec : 8730.743 	 SendDropSec : 0.000
Total Time : 4211.398 	 TPS : 209.656 	 RecvSec : 56.446 	 SendSec : 56389.457 	 SendDropSec : 0.000
Total Time : 4212.922 	 TPS : 312.370 	 RecvSec : 82.686 	 SendSec : 82603.480 	 SendDropSec : 0.000
Total Time : 4213.926 	 TPS : 406.461 	 RecvSec : 119.547 	 SendSec : 119427.858 	 SendDropSec : 0.000
Total Time : 4215.284 	 TPS : 39.754 	 RecvSec : 4.417 	 SendSec : 4412.697 	 SendDropSec : 0.000
Total Time : 4217.375 	 TPS : 220.959 	 RecvSec : 60.261 	 SendSec : 60201.170 	 SendDropSec : 0.000
Total Time : 4219.036 	 TPS : 130.669 	 RecvSec : 37.936 	 SendSec : 37898.308 	 SendDropSec : 0.000
Total Time : 4220.755 	 TPS : 134.374 	 RecvSec : 36.647 	 SendSec : 36610.672 	 SendDropSec : 0.000
Total Time : 4223.134 	 TPS : 200.094 	 RecvSec : 52.966 	 SendSec : 52913.127 	 SendDropSec : 0.000
Total Time : 4225.410 	 TPS : 208.224 	 RecvSec : 55.351 	 SendSec : 55295.422 	 SendDropSec : 0.000
Total Time : 4226.756 	 TPS : 187.927 	 RecvSec : 46.796 	 SendSec : 46749.239 	 SendDropSec : 0.000
Total Time : 4228.950 	 TPS : 221.093 	 RecvSec : 57.439 	 SendSec : 57381.145 	 SendDropSec : 0.000
Total Time : 4230.874 	 TPS : 247.889 	 RecvSec : 65.480 	 SendSec : 65414.553 	 SendDropSec : 0.000
Total Time : 4231.875 	 TPS : 439.889 	 RecvSec : 123.969 	 SendSec : 123844.865 	 SendDropSec : 0.000
Total Time : 4233.023 	 TPS : 29.614 	 RecvSec : 1.742 	 SendSec : 1740.281 	 SendDropSec : 0.000
Total Time : 4235.520 	 TPS : 193.396 	 RecvSec : 50.451 	 SendSec : 50400.583 	 SendDropSec : 0.000
Total Time : 4237.155 	 TPS : 133.369 	 RecvSec : 38.542 	 SendSec : 38503.751 	 SendDropSec : 0.000
Total Time : 4238.794 	 TPS : 131.777 	 RecvSec : 38.435 	 SendSec : 38396.595 	 SendDropSec : 0.000
Total Time : 4240.220 	 TPS : 340.042 	 RecvSec : 88.341 	 SendSec : 88252.492 	 SendDropSec : 0.000
Total Time : 4241.252 	 TPS : 235.477 	 RecvSec : 61.050 	 SendSec : 60988.479 	 SendDropSec : 0.000
Total Time : 4242.554 	 TPS : 358.649 	 RecvSec : 96.766 	 SendSec : 96669.297 	 SendDropSec : 0.000
Total Time : 4243.899 	 TPS : 188.109 	 RecvSec : 46.841 	 SendSec : 46794.585 	 SendDropSec : 0.000
Total Time : 4245.786 	 TPS : 245.386 	 RecvSec : 66.779 	 SendSec : 66712.235 	 SendDropSec : 0.000
Total Time : 4246.960 	 TPS : 200.997 	 RecvSec : 53.656 	 SendSec : 53602.226 	 SendDropSec : 0.000
Total Time : 4248.491 	 TPS : 158.073 	 RecvSec : 41.151 	 SendSec : 41110.050 	 SendDropSec : 0.000
Total Time : 4249.908 	 TPS : 322.428 	 RecvSec : 88.897 	 SendSec : 88808.182 	 SendDropSec : 0.000
Total Time : 4251.093 	 TPS : 201.708 	 RecvSec : 53.170 	 SendSec : 53116.798 	 SendDropSec : 0.000
Total Time : 4252.915 	 TPS : 122.429 	 RecvSec : 34.588 	 SendSec : 34553.055 	 SendDropSec : 0.000
Total Time : 4254.030 	 TPS : 432.967 	 RecvSec : 112.948 	 SendSec : 112834.961 	 SendDropSec : 0.000
Total Time : 4255.483 	 TPS : 167.946 	 RecvSec : 43.363 	 SendSec : 43319.795 	 SendDropSec : 0.000
Total Time : 4257.873 	 TPS : 185.402 	 RecvSec : 52.733 	 SendSec : 52680.164 	 SendDropSec : 0.000
Total Time : 4259.488 	 TPS : 289.014 	 RecvSec : 77.978 	 SendSec : 77900.011 	 SendDropSec : 0.000
Total Time : 4261.080 	 TPS : 125.012 	 RecvSec : 39.577 	 SendSec : 39537.044 	 SendDropSec : 0.000
Total Time : 4262.294 	 TPS : 187.035 	 RecvSec : 51.908 	 SendSec : 51856.363 	 SendDropSec : 0.000
Total Time : 4264.280 	 TPS : 119.312 	 RecvSec : 31.716 	 SendSec : 31684.131 	 SendDropSec : 0.000
Total Time : 4266.378 	 TPS : 220.195 	 RecvSec : 60.053 	 SendSec : 59993.111 	 SendDropSec : 0.000
Total Time : 4267.502 	 TPS : 220.784 	 RecvSec : 56.086 	 SendSec : 56030.237 	 SendDropSec : 0.000
Total Time : 4269.169 	 TPS : 135.563 	 RecvSec : 37.790 	 SendSec : 37751.832 	 SendDropSec : 0.000
Total Time : 4270.170 	 TPS : 230.794 	 RecvSec : 69.938 	 SendSec : 69867.727 	 SendDropSec : 0.000
Total Time : 4271.227 	 TPS : 215.715 	 RecvSec : 52.983 	 SendSec : 52929.736 	 SendDropSec : 0.000
Total Time : 4272.506 	 TPS : 182.131 	 RecvSec : 49.246 	 SendSec : 49196.401 	 SendDropSec : 0.000
Total Time : 4273.507 	 TPS : 365.738 	 RecvSec : 115.917 	 SendSec : 115801.017 	 SendDropSec : 0.000
Total Time : 4274.509 	 TPS : 108.780 	 RecvSec : 20.958 	 SendSec : 20936.729 	 SendDropSec : 0.000
Total Time : 4275.535 	 TPS : 441.374 	 RecvSec : 112.049 	 SendSec : 111936.547 	 SendDropSec : 0.000
Total Time : 4276.535 	 TPS : 402.969 	 RecvSec : 118.991 	 SendSec : 118871.835 	 SendDropSec : 0.000
Total Time : 4278.155 	 TPS : 40.127 	 RecvSec : 4.321 	 SendSec : 4317.039 	 SendDropSec : 0.000
Total Time : 4279.155 	 TPS : 412.848 	 RecvSec : 118.956 	 SendSec : 118837.232 	 SendDropSec : 0.000
Total Time : 4281.525 	 TPS : 124.467 	 RecvSec : 29.534 	 SendSec : 29504.958 	 SendDropSec : 0.000
Total Time : 4282.770 	 TPS : 183.150 	 RecvSec : 50.607 	 SendSec : 50556.530 	 SendDropSec : 0.000
Total Time : 4284.865 	 TPS : 217.667 	 RecvSec : 60.145 	 SendSec : 60084.773 	 SendDropSec : 0.000
Total Time : 4286.465 	 TPS : 153.818 	 RecvSec : 39.392 	 SendSec : 39353.088 	 SendDropSec : 0.000
Total Time : 4288.085 	 TPS : 132.701 	 RecvSec : 38.884 	 SendSec : 38845.506 	 SendDropSec : 0.000
Total Time : 4289.993 	 TPS : 117.942 	 RecvSec : 33.024 	 SendSec : 32990.609 	 SendDropSec : 0.000
Total Time : 4291.014 	 TPS : 233.927 	 RecvSec : 61.663 	 SendSec : 61601.184 	 SendDropSec : 0.000
Total Time : 4292.015 	 TPS : 233.904 	 RecvSec : 65.973 	 SendSec : 65907.077 	 SendDropSec : 0.000
Total Time : 4293.258 	 TPS : 181.733 	 RecvSec : 48.248 	 SendSec : 48199.549 	 SendDropSec : 0.000
Total Time : 4294.259 	 TPS : 252.744 	 RecvSec : 73.925 	 SendSec : 73851.226 	 SendDropSec : 0.000
Total Time : 4296.204 	 TPS : 105.920 	 RecvSec : 26.737 	 SendSec : 26710.473 	 SendDropSec : 0.000
Total Time : 4298.170 	 TPS : 111.411 	 RecvSec : 32.050 	 SendSec : 32017.620 	 SendDropSec : 0.000
Total Time : 4299.176 	 TPS : 428.520 	 RecvSec : 120.304 	 SendSec : 120183.546 	 SendDropSec : 0.000
Total Time : 4300.205 	 TPS : 33.994 	 RecvSec : 4.856 	 SendSec : 4851.483 	 SendDropSec : 0.000
Total Time : 4301.318 	 TPS : 213.016 	 RecvSec : 56.624 	 SendSec : 56567.779 	 SendDropSec : 0.000
Total Time : 4303.196 	 TPS : 118.214 	 RecvSec : 33.547 	 SendSec : 33513.690 	 SendDropSec : 0.000
Total Time : 4304.485 	 TPS : 175.303 	 RecvSec : 48.868 	 SendSec : 48818.810 	 SendDropSec : 0.000
Total Time : 4306.647 	 TPS : 212.311 	 RecvSec : 58.282 	 SendSec : 58223.235 	 SendDropSec : 0.000
Total Time : 4308.278 	 TPS : 147.742 	 RecvSec : 38.621 	 SendSec : 38582.831 	 SendDropSec : 0.000
Total Time : 4309.978 	 TPS : 141.154 	 RecvSec : 37.053 	 SendSec : 37015.901 	 SendDropSec : 0.000
Total Time : 4312.105 	 TPS : 213.967 	 RecvSec : 59.252 	 SendSec : 59193.188 	 SendDropSec : 0.000
Total Time : 4314.036 	 TPS : 239.783 	 RecvSec : 65.254 	 SendSec : 65188.787 	 SendDropSec : 0.000
Total Time : 4315.752 	 TPS : 268.059 	 RecvSec : 73.425 	 SendSec : 73351.535 	 SendDropSec : 0.000
Total Time : 4317.312 	 TPS : 144.232 	 RecvSec : 40.385 	 SendSec : 40344.474 	 SendDropSec : 0.000
Total Time : 4318.791 	 TPS : 312.954 	 RecvSec : 85.167 	 SendSec : 85081.543 	 SendDropSec : 0.000
Total Time : 4320.124 	 TPS : 169.546 	 RecvSec : 47.263 	 SendSec : 47215.673 	 SendDropSec : 0.000
Total Time : 4321.124 	 TPS : 382.866 	 RecvSec : 118.958 	 SendSec : 118839.382 	 SendDropSec : 0.000
Total Time : 4323.465 	 TPS : 120.058 	 RecvSec : 29.908 	 SendSec : 29877.853 	 SendDropSec : 0.000
Total Time : 4325.531 	 TPS : 213.910 	 RecvSec : 60.979 	 SendSec : 60917.977 	 SendDropSec : 0.000
Total Time : 4327.438 	 TPS : 116.933 	 RecvSec : 33.035 	 SendSec : 33001.919 	 SendDropSec : 0.000
Total Time : 4329.402 	 TPS : 109.513 	 RecvSec : 32.090 	 SendSec : 32057.817 	 SendDropSec : 0.000
Total Time : 4330.481 	 TPS : 394.626 	 RecvSec : 114.868 	 SendSec : 114752.935 	 SendDropSec : 0.000
Total Time : 4331.482 	 TPS : 39.958 	 RecvSec : 12.986 	 SendSec : 12973.497 	 SendDropSec : 0.000
Total Time : 4333.082 	 TPS : 126.300 	 RecvSec : 32.513 	 SendSec : 32480.480 	 SendDropSec : 0.000
Total Time : 4334.083 	 TPS : 248.691 	 RecvSec : 73.908 	 SendSec : 73834.349 	 SendDropSec : 0.000
Total Time : 4335.605 	 TPS : 132.669 	 RecvSec : 34.153 	 SendSec : 34118.357 	 SendDropSec : 0.000
Total Time : 4336.610 	 TPS : 303.498 	 RecvSec : 81.596 	 SendSec : 81514.471 	 SendDropSec : 0.000
Total Time : 4337.611 	 TPS : 269.814 	 RecvSec : 96.933 	 SendSec : 96836.319 	 SendDropSec : 0.000
Total Time : 4339.175 	 TPS : 194.381 	 RecvSec : 46.677 	 SendSec : 46630.455 	 SendDropSec : 0.000
Total Time : 4340.938 	 TPS : 124.786 	 RecvSec : 35.734 	 SendSec : 35698.531 	 SendDropSec : 0.000
Total Time : 4342.015 	 TPS : 208.909 	 RecvSec : 58.495 	 SendSec : 58436.100 	 SendDropSec : 0.000
Total Time : 4343.981 	 TPS : 227.391 	 RecvSec : 64.097 	 SendSec : 64032.757 	 SendDropSec : 0.000
Total Time : 4345.528 	 TPS : 141.522 	 RecvSec : 40.712 	 SendSec : 40671.151 	 SendDropSec : 0.000
Total Time : 4346.529 	 TPS : 383.715 	 RecvSec : 117.912 	 SendSec : 117794.396 	 SendDropSec : 0.000
Total Time : 4347.698 	 TPS : 59.013 	 RecvSec : 6.842 	 SendSec : 6835.248 	 SendDropSec : 0.000
Total Time : 4348.699 	 TPS : 320.753 	 RecvSec : 91.929 	 SendSec : 91837.221 	 SendDropSec : 0.000
Total Time : 4349.919 	 TPS : 105.701 	 RecvSec : 27.859 	 SendSec : 27831.329 	 SendDropSec : 0.000
Total Time : 4351.073 	 TPS : 199.308 	 RecvSec : 54.593 	 SendSec : 54538.440 	 SendDropSec : 0.000
Total Time : 4352.081 	 TPS : 379.225 	 RecvSec : 117.143 	 SendSec : 117025.676 	 SendDropSec : 0.000
Total Time : 4353.144 	 TPS : 69.583 	 RecvSec : 7.523 	 SendSec : 7514.989 	 SendDropSec : 0.000
Total Time : 4354.211 	 TPS : 208.153 	 RecvSec : 59.070 	 SendSec : 59011.247 	 SendDropSec : 0.000
Total Time : 4356.463 	 TPS : 184.238 	 RecvSec : 55.937 	 SendSec : 55881.472 	 SendDropSec : 0.000
Total Time : 4357.463 	 TPS : 257.974 	 RecvSec : 75.992 	 SendSec : 75916.363 	 SendDropSec : 0.000
Total Time : 4359.945 	 TPS : 172.453 	 RecvSec : 45.531 	 SendSec : 45485.318 	 SendDropSec : 0.000
Total Time : 4361.414 	 TPS : 312.433 	 RecvSec : 85.766 	 SendSec : 85680.207 	 SendDropSec : 0.000
Total Time : 4363.728 	 TPS : 202.737 	 RecvSec : 54.467 	 SendSec : 54412.146 	 SendDropSec : 0.000
Total Time : 4364.857 	 TPS : 193.896 	 RecvSec : 55.778 	 SendSec : 55722.477 	 SendDropSec : 0.000
Total Time : 4365.858 	 TPS : 326.637 	 RecvSec : 90.899 	 SendSec : 90808.040 	 SendDropSec : 0.000
Total Time : 4366.897 	 TPS : 358.884 	 RecvSec : 94.291 	 SendSec : 94196.951 	 SendDropSec : 0.000
Total Time : 4367.898 	 TPS : 237.857 	 RecvSec : 69.958 	 SendSec : 69888.004 	 SendDropSec : 0.000
Total Time : 4369.595 	 TPS : 128.477 	 RecvSec : 33.003 	 SendSec : 32970.320 	 SendDropSec : 0.000
Total Time : 4370.923 	 TPS : 180.737 	 RecvSec : 47.443 	 SendSec : 47395.985 	 SendDropSec : 0.000
Total Time : 4372.353 	 TPS : 155.222 	 RecvSec : 44.049 	 SendSec : 44005.450 	 SendDropSec : 0.000
Total Time : 4374.767 	 TPS : 188.098 	 RecvSec : 52.203 	 SendSec : 52151.285 	 SendDropSec : 0.000
Total Time : 4376.057 	 TPS : 168.205 	 RecvSec : 48.834 	 SendSec : 48784.859 	 SendDropSec : 0.000
Total Time : 4377.057 	 TPS : 459.901 	 RecvSec : 124.973 	 SendSec : 124848.208 	 SendDropSec : 0.000
Total Time : 4378.763 	 TPS : 2.931 	 RecvSec : 0.586 	 SendSec : 585.549 	 SendDropSec : 0.000
Total Time : 4379.889 	 TPS : 198.946 	 RecvSec : 55.954 	 SendSec : 55897.692 	 SendDropSec : 0.000
Total Time : 4381.248 	 TPS : 351.090 	 RecvSec : 92.741 	 SendSec : 92647.952 	 SendDropSec : 0.000
Total Time : 4382.686 	 TPS : 149.489 	 RecvSec : 43.804 	 SendSec : 43759.856 	 SendDropSec : 0.000
Total Time : 4384.525 	 TPS : 133.764 	 RecvSec : 34.257 	 SendSec : 34222.436 	 SendDropSec : 0.000
Total Time : 4385.940 	 TPS : 312.279 	 RecvSec : 89.021 	 SendSec : 88931.600 	 SendDropSec : 0.000
Total Time : 4387.001 	 TPS : 231.034 	 RecvSec : 59.409 	 SendSec : 59349.288 	 SendDropSec : 0.000
Total Time : 4388.722 	 TPS : 138.865 	 RecvSec : 36.605 	 SendSec : 36568.037 	 SendDropSec : 0.000
Total Time : 4390.282 	 TPS : 142.289 	 RecvSec : 40.379 	 SendSec : 40338.860 	 SendDropSec : 0.000
Total Time : 4391.282 	 TPS : 299.990 	 RecvSec : 77.997 	 SendSec : 77919.343 	 SendDropSec : 0.000
Total Time : 4392.612 	 TPS : 120.279 	 RecvSec : 36.084 	 SendSec : 36047.587 	 SendDropSec : 0.000
Total Time : 4393.926 	 TPS : 177.394 	 RecvSec : 47.965 	 SendSec : 47916.941 	 SendDropSec : 0.000
Total Time : 4395.914 	 TPS : 116.697 	 RecvSec : 31.689 	 SendSec : 31657.570 	 SendDropSec : 0.000
Total Time : 4397.648 	 TPS : 134.929 	 RecvSec : 36.327 	 SendSec : 36290.754 	 SendDropSec : 0.000
Total Time : 4398.649 	 TPS : 238.720 	 RecvSec : 73.913 	 SendSec : 73839.386 	 SendDropSec : 0.000
Total Time : 4400.634 	 TPS : 216.181 	 RecvSec : 57.951 	 SendSec : 57892.627 	 SendDropSec : 0.000
Total Time : 4402.226 	 TPS : 136.890 	 RecvSec : 39.560 	 SendSec : 39520.279 	 SendDropSec : 0.000
Total Time : 4404.342 	 TPS : 208.897 	 RecvSec : 59.550 	 SendSec : 59490.414 	 SendDropSec : 0.000
Total Time : 4405.343 	 TPS : 221.733 	 RecvSec : 62.924 	 SendSec : 62861.422 	 SendDropSec : 0.000
Total Time : 4406.932 	 TPS : 147.319 	 RecvSec : 39.663 	 SendSec : 39623.180 	 SendDropSec : 0.000
Total Time : 4409.106 	 TPS : 215.702 	 RecvSec : 57.950 	 SendSec : 57891.834 	 SendDropSec : 0.000
Total Time : 4410.492 	 TPS : 160.902 	 RecvSec : 45.456 	 SendSec : 45411.027 	 SendDropSec : 0.000
Total Time : 4412.201 	 TPS : 129.865 	 RecvSec : 36.854 	 SendSec : 36816.750 	 SendDropSec : 0.000
Total Time : 4413.201 	 TPS : 193.977 	 RecvSec : 69.992 	 SendSec : 69921.665 	 SendDropSec : 0.000
Total Time : 4414.382 	 TPS : 125.340 	 RecvSec : 47.426 	 SendSec : 47378.426 	 SendDropSec : 0.000
Total Time : 4415.383 	 TPS : 256.909 	 RecvSec : 84.970 	 SendSec : 84884.925 	 SendDropSec : 0.000
Total Time : 4417.009 	 TPS : 80.558 	 RecvSec : 25.213 	 SendSec : 25187.642 	 SendDropSec : 0.000
Total Time : 4418.437 	 TPS : 125.342 	 RecvSec : 44.115 	 SendSec : 44070.625 	 SendDropSec : 0.000
Total Time : 4419.952 	 TPS : 139.295 	 RecvSec : 83.181 	 SendSec : 83097.775 	 SendDropSec : 0.000
Total Time : 4421.056 	 TPS : 113.167 	 RecvSec : 57.036 	 SendSec : 56979.105 	 SendDropSec : 0.000
Total Time : 4422.454 	 TPS : 65.809 	 RecvSec : 45.065 	 SendSec : 45019.944 	 SendDropSec : 0.000
Total Time : 4424.024 	 TPS : 98.098 	 RecvSec : 40.131 	 SendSec : 40090.956 	 SendDropSec : 0.000
Total Time : 4425.026 	 TPS : 202.644 	 RecvSec : 62.889 	 SendSec : 62826.538 	 SendDropSec : 0.000
Total Time : 4426.572 	 TPS : 120.964 	 RecvSec : 40.753 	 SendSec : 40711.940 	 SendDropSec : 0.000
Total Time : 4427.891 	 TPS : 141.729 	 RecvSec : 47.748 	 SendSec : 47700.411 	 SendDropSec : 0.000
Total Time : 4429.988 	 TPS : 181.212 	 RecvSec : 60.086 	 SendSec : 60026.138 	 SendDropSec : 0.000
Total Time : 4431.956 	 TPS : 106.207 	 RecvSec : 32.014 	 SendSec : 31982.419 	 SendDropSec : 0.000
Total Time : 4433.466 	 TPS : 150.977 	 RecvSec : 41.717 	 SendSec : 41675.562 	 SendDropSec : 0.000
Total Time : 4434.466 	 TPS : 244.961 	 RecvSec : 69.989 	 SendSec : 69918.743 	 SendDropSec : 0.000
Total Time : 4435.654 	 TPS : 184.470 	 RecvSec : 47.170 	 SendSec : 47123.261 	 SendDropSec : 0.000
Total Time : 4436.792 	 TPS : 204.579 	 RecvSec : 55.315 	 SendSec : 55260.086 	 SendDropSec : 0.000
Total Time : 4438.506 	 TPS : 257.421 	 RecvSec : 73.549 	 SendSec : 73475.250 	 SendDropSec : 0.000
Total Time : 4439.506 	 TPS : 343.893 	 RecvSec : 116.964 	 SendSec : 116846.789 	 SendDropSec : 0.000
Total Time : 4441.126 	 TPS : 61.705 	 RecvSec : 5.553 	 SendSec : 5547.925 	 SendDropSec : 0.000
Total Time : 4443.612 	 TPS : 185.442 	 RecvSec : 50.685 	 SendSec : 50634.019 	 SendDropSec : 0.000
Total Time : 4444.816 	 TPS : 179.448 	 RecvSec : 52.339 	 SendSec : 52286.662 	 SendDropSec : 0.000
Total Time : 4445.867 	 TPS : 218.808 	 RecvSec : 59.934 	 SendSec : 59874.389 	 SendDropSec : 0.000
Total Time : 4447.669 	 TPS : 132.651 	 RecvSec : 34.967 	 SendSec : 34931.728 	 SendDropSec : 0.000
Total Time : 4449.102 	 TPS : 154.958 	 RecvSec : 43.974 	 SendSec : 43930.506 	 SendDropSec : 0.000
Total Time : 4451.010 	 TPS : 108.457 	 RecvSec : 33.009 	 SendSec : 32975.794 	 SendDropSec : 0.000
Total Time : 4452.835 	 TPS : 121.677 	 RecvSec : 34.530 	 SendSec : 34495.442 	 SendDropSec : 0.000
Total Time : 4454.433 	 TPS : 138.943 	 RecvSec : 39.430 	 SendSec : 39390.267 	 SendDropSec : 0.000
Total Time : 4456.064 	 TPS : 149.555 	 RecvSec : 38.615 	 SendSec : 38575.918 	 SendDropSec : 0.000
Total Time : 4457.821 	 TPS : 109.271 	 RecvSec : 35.855 	 SendSec : 35818.799 	 SendDropSec : 0.000
Total Time : 4459.725 	 TPS : 93.490 	 RecvSec : 33.089 	 SendSec : 33056.230 	 SendDropSec : 0.000
Total Time : 4460.837 	 TPS : 179.828 	 RecvSec : 56.646 	 SendSec : 56589.309 	 SendDropSec : 0.000
Total Time : 4461.865 	 TPS : 170.234 	 RecvSec : 61.284 	 SendSec : 61222.846 	 SendDropSec : 0.000
Total Time : 4463.499 	 TPS : 125.500 	 RecvSec : 38.568 	 SendSec : 38529.709 	 SendDropSec : 0.000
Total Time : 4464.499 	 TPS : 242.844 	 RecvSec : 77.950 	 SendSec : 77872.014 	 SendDropSec : 0.000
Total Time : 4465.653 	 TPS : 323.180 	 RecvSec : 96.174 	 SendSec : 96077.958 	 SendDropSec : 0.000
Total Time : 4466.673 	 TPS : 217.689 	 RecvSec : 61.777 	 SendSec : 61714.830 	 SendDropSec : 0.000
Total Time : 4467.674 	 TPS : 333.606 	 RecvSec : 118.860 	 SendSec : 118740.791 	 SendDropSec : 0.000
Total Time : 4468.797 	 TPS : 50.795 	 RecvSec : 6.238 	 SendSec : 6231.703 	 SendDropSec : 0.000
Total Time : 4470.497 	 TPS : 223.467 	 RecvSec : 74.097 	 SendSec : 74022.990 	 SendDropSec : 0.000
Total Time : 4471.886 	 TPS : 136.845 	 RecvSec : 45.375 	 SendSec : 45329.643 	 SendDropSec : 0.000
Total Time : 4473.113 	 TPS : 171.940 	 RecvSec : 51.337 	 SendSec : 51286.071 	 SendDropSec : 0.000
Total Time : 4474.694 	 TPS : 110.025 	 RecvSec : 39.836 	 SendSec : 39796.624 	 SendDropSec : 0.000
Total Time : 4477.041 	 TPS : 165.782 	 RecvSec : 53.698 	 SendSec : 53644.416 	 SendDropSec : 0.000
Total Time : 4478.041 	 TPS : 359.720 	 RecvSec : 119.907 	 SendSec : 119786.698 	 SendDropSec : 0.000
Total Time : 4479.089 	 TPS : 49.615 	 RecvSec : 5.725 	 SendSec : 5719.138 	 SendDropSec : 0.000
Total Time : 4480.953 	 TPS : 106.224 	 RecvSec : 33.799 	 SendSec : 33764.751 	 SendDropSec : 0.000
Total Time : 4483.469 	 TPS : 159.005 	 RecvSec : 50.086 	 SendSec : 50036.376 	 SendDropSec : 0.000
Total Time : 4485.850 	 TPS : 164.613 	 RecvSec : 52.911 	 SendSec : 52858.404 	 SendDropSec : 0.000
Total Time : 4487.224 	 TPS : 137.649 	 RecvSec : 45.883 	 SendSec : 45837.189 	 SendDropSec : 0.000
Total Time : 4489.363 	 TPS : 193.485 	 RecvSec : 58.419 	 SendSec : 58360.854 	 SendDropSec : 0.000
Total Time : 4490.369 	 TPS : 351.824 	 RecvSec : 118.269 	 SendSec : 118150.299 	 SendDropSec : 0.000
Total Time : 4491.671 	 TPS : 56.073 	 RecvSec : 6.145 	 SendSec : 6138.789 	 SendDropSec : 0.000
Total Time : 4492.671 	 TPS : 324.934 	 RecvSec : 118.976 	 SendSec : 118856.706 	 SendDropSec : 0.000
Total Time : 4494.505 	 TPS : 138.495 	 RecvSec : 38.168 	 SendSec : 38129.721 	 SendDropSec : 0.000
Total Time : 4495.936 	 TPS : 128.652 	 RecvSec : 44.049 	 SendSec : 44005.260 	 SendDropSec : 0.000
Total Time : 4497.599 	 TPS : 129.279 	 RecvSec : 37.882 	 SendSec : 37843.828 	 SendDropSec : 0.000
Total Time : 4498.637 	 TPS : 212.857 	 RecvSec : 60.679 	 SendSec : 60618.138 	 SendDropSec : 0.000
Total Time : 4500.276 	 TPS : 132.412 	 RecvSec : 38.442 	 SendSec : 38403.755 	 SendDropSec : 0.000
Total Time : 4501.804 	 TPS : 149.871 	 RecvSec : 41.231 	 SendSec : 41189.686 	 SendDropSec : 0.000
Total Time : 4503.533 	 TPS : 122.592 	 RecvSec : 36.431 	 SendSec : 36394.114 	 SendDropSec : 0.000
Total Time : 4505.994 	 TPS : 138.167 	 RecvSec : 51.203 	 SendSec : 51151.716 	 SendDropSec : 0.000
Total Time : 4507.119 	 TPS : 175.103 	 RecvSec : 55.998 	 SendSec : 55941.558 	 SendDropSec : 0.000
Total Time : 4508.400 	 TPS : 128.002 	 RecvSec : 49.171 	 SendSec : 49122.309 	 SendDropSec : 0.000
Total Time : 4509.471 	 TPS : 177.452 	 RecvSec : 58.839 	 SendSec : 58780.490 	 SendDropSec : 0.000
Total Time : 4511.232 	 TPS : 101.627 	 RecvSec : 35.768 	 SendSec : 35732.563 	 SendDropSec : 0.000
Total Time : 4512.555 	 TPS : 161.761 	 RecvSec : 47.621 	 SendSec : 47573.716 	 SendDropSec : 0.000
Total Time : 4513.555 	 TPS : 283.938 	 RecvSec : 82.982 	 SendSec : 82898.903 	 SendDropSec : 0.000
Total Time : 4515.094 	 TPS : 75.395 	 RecvSec : 27.948 	 SendSec : 27920.120 	 SendDropSec : 0.000
Total Time : 4516.095 	 TPS : 266.776 	 RecvSec : 76.935 	 SendSec : 76858.393 	 SendDropSec : 0.000
Total Time : 4517.096 	 TPS : 162.843 	 RecvSec : 54.947 	 SendSec : 54891.985 	 SendDropSec : 0.000
Total Time : 4518.507 	 TPS : 146.711 	 RecvSec : 40.399 	 SendSec : 40358.189 	 SendDropSec : 0.000
Total Time : 4520.254 	 TPS : 104.143 	 RecvSec : 36.050 	 SendSec : 36013.569 	 SendDropSec : 0.000
Total Time : 4521.824 	 TPS : 130.588 	 RecvSec : 40.132 	 SendSec : 40091.896 	 SendDropSec : 0.000
Total Time : 4523.347 	 TPS : 131.325 	 RecvSec : 41.367 	 SendSec : 41325.866 	 SendDropSec : 0.000
Total Time : 4525.677 	 TPS : 166.963 	 RecvSec : 54.081 	 SendSec : 54026.455 	 SendDropSec : 0.000
Total Time : 4527.226 	 TPS : 138.758 	 RecvSec : 40.659 	 SendSec : 40618.575 	 SendDropSec : 0.000
Total Time : 4528.700 	 TPS : 145.933 	 RecvSec : 42.762 	 SendSec : 42719.037 	 SendDropSec : 0.000
Total Time : 4529.944 	 TPS : 164.810 	 RecvSec : 50.649 	 SendSec : 50598.219 	 SendDropSec : 0.000
Total Time : 4531.847 	 TPS : 98.785 	 RecvSec : 33.104 	 SendSec : 33070.461 	 SendDropSec : 0.000
Total Time : 4533.260 	 TPS : 276.607 	 RecvSec : 89.137 	 SendSec : 89047.524 	 SendDropSec : 0.000
Total Time : 4534.682 	 TPS : 137.133 	 RecvSec : 44.304 	 SendSec : 44260.129 	 SendDropSec : 0.000
Total Time : 4535.850 	 TPS : 157.610 	 RecvSec : 53.964 	 SendSec : 53910.491 	 SendDropSec : 0.000
Total Time : 4537.029 	 TPS : 335.770 	 RecvSec : 106.836 	 SendSec : 106729.086 	 SendDropSec : 0.000
Total Time : 4538.239 	 TPS : 165.331 	 RecvSec : 52.079 	 SendSec : 52027.061 	 SendDropSec : 0.000
Total Time : 4539.963 	 TPS : 104.373 	 RecvSec : 36.530 	 SendSec : 36493.845 	 SendDropSec : 0.000
Total Time : 4541.807 	 TPS : 105.759 	 RecvSec : 34.168 	 SendSec : 34134.041 	 SendDropSec : 0.000
Total Time : 4543.339 	 TPS : 276.873 	 RecvSec : 82.278 	 SendSec : 82195.897 	 SendDropSec : 0.000
Total Time : 4544.457 	 TPS : 183.354 	 RecvSec : 56.348 	 SendSec : 56291.365 	 SendDropSec : 0.000
Total Time : 4545.798 	 TPS : 143.090 	 RecvSec : 46.952 	 SendSec : 46904.589 	 SendDropSec : 0.000
Total Time : 4547.071 	 TPS : 155.555 	 RecvSec : 49.495 	 SendSec : 49445.266 	 SendDropSec : 0.000
Total Time : 4548.072 	 TPS : 213.841 	 RecvSec : 77.942 	 SendSec : 77864.054 	 SendDropSec : 0.000
Total Time : 4549.627 	 TPS : 81.043 	 RecvSec : 30.873 	 SendSec : 30842.474 	 SendDropSec : 0.000
Total Time : 4551.164 	 TPS : 132.661 	 RecvSec : 40.969 	 SendSec : 40928.011 	 SendDropSec : 0.000
Total Time : 4553.162 	 TPS : 201.203 	 RecvSec : 63.064 	 SendSec : 63000.470 	 SendDropSec : 0.000
Total Time : 4554.213 	 TPS : 191.403 	 RecvSec : 59.992 	 SendSec : 59932.049 	 SendDropSec : 0.000
Total Time : 4555.610 	 TPS : 156.693 	 RecvSec : 45.076 	 SendSec : 45031.041 	 SendDropSec : 0.000
Total Time : 4557.441 	 TPS : 109.237 	 RecvSec : 34.410 	 SendSec : 34375.296 	 SendDropSec : 0.000
Total Time : 4558.994 	 TPS : 119.810 	 RecvSec : 40.581 	 SendSec : 40540.175 	 SendDropSec : 0.000
Total Time : 4560.634 	 TPS : 131.713 	 RecvSec : 38.416 	 SendSec : 38377.787 	 SendDropSec : 0.000
Total Time : 4561.634 	 TPS : 351.698 	 RecvSec : 109.906 	 SendSec : 109795.675 	 SendDropSec : 0.000
Total Time : 4563.148 	 TPS : 70.047 	 RecvSec : 10.573 	 SendSec : 10562.598 	 SendDropSec : 0.000
Total Time : 4565.122 	 TPS : 117.002 	 RecvSec : 31.910 	 SendSec : 31877.632 	 SendDropSec : 0.000
Total Time : 4567.079 	 TPS : 121.623 	 RecvSec : 32.194 	 SendSec : 32162.231 	 SendDropSec : 0.000
Total Time : 4568.079 	 TPS : 353.789 	 RecvSec : 110.934 	 SendSec : 110822.972 	 SendDropSec : 0.000
Total Time : 4569.603 	 TPS : 215.938 	 RecvSec : 51.195 	 SendSec : 51143.741 	 SendDropSec : 0.000
Total Time : 4571.074 	 TPS : 152.250 	 RecvSec : 42.820 	 SendSec : 42777.529 	 SendDropSec : 0.000
Total Time : 4572.336 	 TPS : 196.535 	 RecvSec : 49.926 	 SendSec : 49876.270 	 SendDropSec : 0.000
Total Time : 4574.257 	 TPS : 118.202 	 RecvSec : 32.805 	 SendSec : 32772.206 	 SendDropSec : 0.000
Total Time : 4575.587 	 TPS : 184.162 	 RecvSec : 47.356 	 SendSec : 47308.464 	 SendDropSec : 0.000
Total Time : 4577.669 	 TPS : 223.813 	 RecvSec : 60.516 	 SendSec : 60455.568 	 SendDropSec : 0.000
Total Time : 4578.767 	 TPS : 216.814 	 RecvSec : 57.392 	 SendSec : 57334.423 	 SendDropSec : 0.000
Total Time : 4579.767 	 TPS : 335.911 	 RecvSec : 108.971 	 SendSec : 108862.184 	 SendDropSec : 0.000
Total Time : 4581.459 	 TPS : 71.499 	 RecvSec : 10.045 	 SendSec : 10035.200 	 SendDropSec : 0.000
Total Time : 4582.538 	 TPS : 208.627 	 RecvSec : 58.416 	 SendSec : 58357.181 	 SendDropSec : 0.000
Total Time : 4583.863 	 TPS : 351.719 	 RecvSec : 95.100 	 SendSec : 95004.845 	 SendDropSec : 0.000
Total Time : 4585.534 	 TPS : 284.166 	 RecvSec : 75.379 	 SendSec : 75303.328 	 SendDropSec : 0.000
Total Time : 4586.535 	 TPS : 225.831 	 RecvSec : 73.945 	 SendSec : 73870.752 	 SendDropSec : 0.000
Total Time : 4588.551 	 TPS : 230.173 	 RecvSec : 57.047 	 SendSec : 56990.211 	 SendDropSec : 0.000
Total Time : 4590.017 	 TPS : 154.126 	 RecvSec : 42.964 	 SendSec : 42921.303 	 SendDropSec : 0.000
Total Time : 4591.813 	 TPS : 130.327 	 RecvSec : 35.088 	 SendSec : 35053.034 	 SendDropSec : 0.000
Total Time : 4593.137 	 TPS : 176.669 	 RecvSec : 47.565 	 SendSec : 47517.098 	 SendDropSec : 0.000
Total Time : 4594.727 	 TPS : 147.821 	 RecvSec : 39.629 	 SendSec : 39589.042 	 SendDropSec : 0.000
Total Time : 4596.026 	 TPS : 186.261 	 RecvSec : 48.489 	 SendSec : 48440.934 	 SendDropSec : 0.000
Total Time : 4597.028 	 TPS : 264.476 	 RecvSec : 74.852 	 SendSec : 74776.770 	 SendDropSec : 0.000
Total Time : 4598.059 	 TPS : 191.110 	 RecvSec : 49.475 	 SendSec : 49425.820 	 SendDropSec : 0.000
Total Time : 4599.665 	 TPS : 141.345 	 RecvSec : 39.228 	 SendSec : 39188.624 	 SendDropSec : 0.000
Total Time : 4601.104 	 TPS : 157.747 	 RecvSec : 43.780 	 SendSec : 43736.285 	 SendDropSec : 0.000
Total Time : 4602.123 	 TPS : 225.811 	 RecvSec : 61.853 	 SendSec : 61790.702 	 SendDropSec : 0.000
Total Time : 4603.566 	 TPS : 166.942 	 RecvSec : 43.640 	 SendSec : 43596.671 	 SendDropSec : 0.000
Total Time : 4604.582 	 TPS : 232.337 	 RecvSec : 62.022 	 SendSec : 61960.021 	 SendDropSec : 0.000
Total Time : 4606.406 	 TPS : 136.500 	 RecvSec : 34.536 	 SendSec : 34501.609 	 SendDropSec : 0.000
Total Time : 4608.031 	 TPS : 148.310 	 RecvSec : 38.770 	 SendSec : 38731.127 	 SendDropSec : 0.000
Total Time : 4609.900 	 TPS : 124.659 	 RecvSec : 33.706 	 SendSec : 33672.426 	 SendDropSec : 0.000
Total Time : 4612.086 	 TPS : 224.612 	 RecvSec : 57.640 	 SendSec : 57581.998 	 SendDropSec : 0.000
Total Time : 4613.353 	 TPS : 364.678 	 RecvSec : 99.458 	 SendSec : 99358.104 	 SendDropSec : 0.000
Total Time : 4614.684 	 TPS : 163.808 	 RecvSec : 47.339 	 SendSec : 47291.540 	 SendDropSec : 0.000
Total Time : 4615.986 	 TPS : 188.146 	 RecvSec : 48.381 	 SendSec : 48332.121 	 SendDropSec : 0.000
Total Time : 4616.986 	 TPS : 434.995 	 RecvSec : 120.999 	 SendSec : 120877.707 	 SendDropSec : 0.000
Total Time : 4618.585 	 TPS : 23.768 	 RecvSec : 3.127 	 SendSec : 3124.186 	 SendDropSec : 0.000
Total Time : 4619.586 	 TPS : 270.822 	 RecvSec : 74.951 	 SendSec : 74875.814 	 SendDropSec : 0.000
Total Time : 4621.250 	 TPS : 129.768 	 RecvSec : 30.640 	 SendSec : 30609.142 	 SendDropSec : 0.000
Total Time : 4622.251 	 TPS : 255.763 	 RecvSec : 73.931 	 SendSec : 73857.549 	 SendDropSec : 0.000
Total Time : 4624.176 	 TPS : 112.736 	 RecvSec : 27.015 	 SendSec : 26987.991 	 SendDropSec : 0.000
Total Time : 4625.828 	 TPS : 144.679 	 RecvSec : 38.137 	 SendSec : 38099.125 	 SendDropSec : 0.000
Total Time : 4627.506 	 TPS : 149.575 	 RecvSec : 37.543 	 SendSec : 37505.144 	 SendDropSec : 0.000
Total Time : 4629.049 	 TPS : 302.077 	 RecvSec : 81.677 	 SendSec : 81595.759 	 SendDropSec : 0.000
Total Time : 4630.269 	 TPS : 388.418 	 RecvSec : 103.250 	 SendSec : 103147.137 	 SendDropSec : 0.000
Total Time : 4631.993 	 TPS : 140.933 	 RecvSec : 36.538 	 SendSec : 36501.725 	 SendDropSec : 0.000
Total Time : 4633.364 	 TPS : 171.389 	 RecvSec : 45.947 	 SendSec : 45900.900 	 SendDropSec : 0.000
Total Time : 4635.642 	 TPS : 213.327 	 RecvSec : 55.307 	 SendSec : 55251.801 	 SendDropSec : 0.000
Total Time : 4637.290 	 TPS : 299.181 	 RecvSec : 76.464 	 SendSec : 76387.526 	 SendDropSec : 0.000
Total Time : 4638.291 	 TPS : 279.861 	 RecvSec : 75.962 	 SendSec : 75886.406 	 SendDropSec : 0.000
Total Time : 4639.628 	 TPS : 136.129 	 RecvSec : 37.398 	 SendSec : 37360.605 	 SendDropSec : 0.000
Total Time : 4641.336 	 TPS : 136.370 	 RecvSec : 36.873 	 SendSec : 36835.766 	 SendDropSec : 0.000
Total Time : 4642.337 	 TPS : 433.930 	 RecvSec : 123.980 	 SendSec : 123856.010 	 SendDropSec : 0.000
Total Time : 4643.776 	 TPS : 20.142 	 RecvSec : 1.389 	 SendSec : 1387.690 	 SendDropSec : 0.000
Total Time : 4645.358 	 TPS : 146.663 	 RecvSec : 39.826 	 SendSec : 39786.641 	 SendDropSec : 0.000
Total Time : 4646.704 	 TPS : 175.413 	 RecvSec : 46.826 	 SendSec : 46779.487 	 SendDropSec : 0.000
Total Time : 4648.384 	 TPS : 277.248 	 RecvSec : 74.964 	 SendSec : 74889.147 	 SendDropSec : 0.000
Total Time : 4649.784 	 TPS : 164.332 	 RecvSec : 45.013 	 SendSec : 44967.646 	 SendDropSec : 0.000
Total Time : 4651.082 	 TPS : 171.080 	 RecvSec : 48.550 	 SendSec : 48501.177 	 SendDropSec : 0.000
Total Time : 4653.023 	 TPS : 128.244 	 RecvSec : 32.447 	 SendSec : 32414.955 	 SendDropSec : 0.000
Total Time : 4654.123 	 TPS : 209.121 	 RecvSec : 57.281 	 SendSec : 57223.742 	 SendDropSec : 0.000
Total Time : 4655.123 	 TPS : 254.969 	 RecvSec : 73.991 	 SendSec : 73917.123 	 SendDropSec : 0.000
Total Time : 4656.356 	 TPS : 168.669 	 RecvSec : 42.167 	 SendSec : 42125.039 	 SendDropSec : 0.000
Total Time : 4658.001 	 TPS : 144.130 	 RecvSec : 38.313 	 SendSec : 38274.759 	 SendDropSec : 0.000
Total Time : 4659.929 	 TPS : 243.253 	 RecvSec : 65.352 	 SendSec : 65286.264 	 SendDropSec : 0.000
Total Time : 4661.397 	 TPS : 157.367 	 RecvSec : 42.918 	 SendSec : 42875.420 	 SendDropSec : 0.000
Total Time : 4662.492 	 TPS : 210.857 	 RecvSec : 57.507 	 SendSec : 57449.037 	 SendDropSec : 0.000
Total Time : 4663.492 	 TPS : 411.932 	 RecvSec : 120.980 	 SendSec : 120859.131 	 SendDropSec : 0.000
Total Time : 4665.213 	 TPS : 20.921 	 RecvSec : 2.906 	 SendSec : 2902.854 	 SendDropSec : 0.000
Total Time : 4666.631 	 TPS : 164.355 	 RecvSec : 44.439 	 SendSec : 44394.861 	 SendDropSec : 0.000
Total Time : 4667.999 	 TPS : 173.887 	 RecvSec : 46.029 	 SendSec : 45982.882 	 SendDropSec : 0.000
Total Time : 4669.281 	 TPS : 200.553 	 RecvSec : 49.163 	 SendSec : 49113.618 	 SendDropSec : 0.000
Total Time : 4671.240 	 TPS : 234.753 	 RecvSec : 64.302 	 SendSec : 64237.481 	 SendDropSec : 0.000
Total Time : 4673.210 	 TPS : 116.281 	 RecvSec : 31.990 	 SendSec : 31957.902 	 SendDropSec : 0.000
Total Time : 4675.336 	 TPS : 225.803 	 RecvSec : 59.273 	 SendSec : 59214.036 	 SendDropSec : 0.000
Total Time : 4676.336 	 TPS : 313.753 	 RecvSec : 82.935 	 SendSec : 82851.829 	 SendDropSec : 0.000
Total Time : 4677.336 	 TPS : 270.979 	 RecvSec : 96.992 	 SendSec : 96895.442 	 SendDropSec : 0.000
Total Time : 4679.042 	 TPS : 48.649 	 RecvSec : 5.275 	 SendSec : 5269.907 	 SendDropSec : 0.000
Total Time : 4680.043 	 TPS : 326.983 	 RecvSec : 77.996 	 SendSec : 77918.026 	 SendDropSec : 0.000
Total Time : 4681.920 	 TPS : 88.441 	 RecvSec : 25.573 	 SendSec : 25547.745 	 SendDropSec : 0.000
Total Time : 4683.618 	 TPS : 140.135 	 RecvSec : 37.095 	 SendSec : 37057.560 	 SendDropSec : 0.000
Total Time : 4685.598 	 TPS : 118.188 	 RecvSec : 31.820 	 SendSec : 31787.926 	 SendDropSec : 0.000
Total Time : 4686.598 	 TPS : 366.941 	 RecvSec : 108.983 	 SendSec : 108873.602 	 SendDropSec : 0.000
Total Time : 4687.599 	 TPS : 106.935 	 RecvSec : 16.990 	 SendSec : 16972.730 	 SendDropSec : 0.000
Total Time : 4689.810 	 TPS : 201.679 	 RecvSec : 56.977 	 SendSec : 56919.553 	 SendDropSec : 0.000
Total Time : 4691.317 	 TPS : 153.961 	 RecvSec : 41.808 	 SendSec : 41766.672 	 SendDropSec : 0.000
Total Time : 4692.563 	 TPS : 374.020 	 RecvSec : 101.130 	 SendSec : 101028.715 	 SendDropSec : 0.000
Total Time : 4693.606 	 TPS : 205.198 	 RecvSec : 60.409 	 SendSec : 60348.259 	 SendDropSec : 0.000
Total Time : 4694.606 	 TPS : 334.868 	 RecvSec : 108.957 	 SendSec : 108848.179 	 SendDropSec : 0.000
Total Time : 4695.726 	 TPS : 97.335 	 RecvSec : 15.181 	 SendSec : 15165.584 	 SendDropSec : 0.000
Total Time : 4697.243 	 TPS : 299.875 	 RecvSec : 83.042 	 SendSec : 82959.226 	 SendDropSec : 0.000
Total Time : 4698.695 	 TPS : 148.804 	 RecvSec : 43.401 	 SendSec : 43357.672 	 SendDropSec : 0.000
Total Time : 4699.722 	 TPS : 198.659 	 RecvSec : 61.351 	 SendSec : 61289.215 	 SendDropSec : 0.000
Total Time : 4701.510 	 TPS : 121.916 	 RecvSec : 35.233 	 SendSec : 35197.456 	 SendDropSec : 0.000
Total Time : 4702.510 	 TPS : 298.877 	 RecvSec : 78.968 	 SendSec : 78888.537 	 SendDropSec : 0.000
Total Time : 4703.558 	 TPS : 147.027 	 RecvSec : 44.872 	 SendSec : 44826.913 	 SendDropSec : 0.000
Total Time : 4705.269 	 TPS : 136.163 	 RecvSec : 36.817 	 SendSec : 36779.911 	 SendDropSec : 0.000
Total Time : 4706.573 	 TPS : 176.365 	 RecvSec : 48.309 	 SendSec : 48260.448 	 SendDropSec : 0.000
Total Time : 4708.055 	 TPS : 155.155 	 RecvSec : 42.499 	 SendSec : 42456.456 	 SendDropSec : 0.000
Total Time : 4709.691 	 TPS : 137.530 	 RecvSec : 38.508 	 SendSec : 38469.988 	 SendDropSec : 0.000
Total Time : 4710.968 	 TPS : 179.317 	 RecvSec : 49.332 	 SendSec : 49282.318 	 SendDropSec : 0.000
Total Time : 4712.261 	 TPS : 349.796 	 RecvSec : 97.510 	 SendSec : 97412.118 	 SendDropSec : 0.000
Total Time : 4714.116 	 TPS : 123.965 	 RecvSec : 33.956 	 SendSec : 33921.755 	 SendDropSec : 0.000
Total Time : 4715.525 	 TPS : 161.132 	 RecvSec : 44.719 	 SendSec : 44674.771 	 SendDropSec : 0.000
Total Time : 4717.474 	 TPS : 119.011 	 RecvSec : 32.318 	 SendSec : 32285.189 	 SendDropSec : 0.000
Total Time : 4719.115 	 TPS : 139.525 	 RecvSec : 38.385 	 SendSec : 38346.174 	 SendDropSec : 0.000
Total Time : 4720.116 	 TPS : 318.921 	 RecvSec : 78.980 	 SendSec : 78901.401 	 SendDropSec : 0.000
Total Time : 4721.836 	 TPS : 206.979 	 RecvSec : 63.954 	 SendSec : 63890.092 	 SendDropSec : 0.000
Total Time : 4723.810 	 TPS : 109.903 	 RecvSec : 31.907 	 SendSec : 31875.546 	 SendDropSec : 0.000
Total Time : 4725.196 	 TPS : 163.106 	 RecvSec : 45.468 	 SendSec : 45422.193 	 SendDropSec : 0.000
Total Time : 4726.657 	 TPS : 153.271 	 RecvSec : 43.108 	 SendSec : 43064.470 	 SendDropSec : 0.000
Total Time : 4727.743 	 TPS : 217.292 	 RecvSec : 58.006 	 SendSec : 57948.012 	 SendDropSec : 0.000
Total Time : 4729.849 	 TPS : 216.559 	 RecvSec : 59.839 	 SendSec : 59778.867 	 SendDropSec : 0.000
Total Time : 4731.146 	 TPS : 168.898 	 RecvSec : 48.587 	 SendSec : 48538.598 	 SendDropSec : 0.000
Total Time : 4733.743 	 TPS : 180.919 	 RecvSec : 48.502 	 SendSec : 48453.282 	 SendDropSec : 0.000
Total Time : 4734.769 	 TPS : 221.334 	 RecvSec : 61.428 	 SendSec : 61366.143 	 SendDropSec : 0.000
Total Time : 4736.071 	 TPS : 160.553 	 RecvSec : 48.396 	 SendSec : 48348.045 	 SendDropSec : 0.000
Total Time : 4738.171 	 TPS : 221.398 	 RecvSec : 59.992 	 SendSec : 59931.781 	 SendDropSec : 0.000
Total Time : 4740.160 	 TPS : 117.674 	 RecvSec : 31.682 	 SendSec : 31649.857 	 SendDropSec : 0.000
Total Time : 4741.160 	 TPS : 321.951 	 RecvSec : 93.986 	 SendSec : 93891.682 	 SendDropSec : 0.000
Total Time : 4743.334 	 TPS : 168.826 	 RecvSec : 43.702 	 SendSec : 43657.938 	 SendDropSec : 0.000
Total Time : 4745.207 	 TPS : 120.076 	 RecvSec : 33.621 	 SendSec : 33587.678 	 SendDropSec : 0.000
Total Time : 4746.387 	 TPS : 381.386 	 RecvSec : 106.788 	 SendSec : 106681.217 	 SendDropSec : 0.000
Total Time : 4747.513 	 TPS : 208.808 	 RecvSec : 55.978 	 SendSec : 55922.436 	 SendDropSec : 0.000
Total Time : 4748.522 	 TPS : 390.243 	 RecvSec : 116.875 	 SendSec : 116758.075 	 SendDropSec : 0.000
Total Time : 4749.888 	 TPS : 218.919 	 RecvSec : 51.984 	 SendSec : 51932.193 	 SendDropSec : 0.000
Total Time : 4752.223 	 TPS : 200.004 	 RecvSec : 53.962 	 SendSec : 53908.474 	 SendDropSec : 0.000
Total Time : 4753.450 	 TPS : 192.388 	 RecvSec : 51.358 	 SendSec : 51306.499 	 SendDropSec : 0.000
Total Time : 4755.333 	 TPS : 112.022 	 RecvSec : 33.447 	 SendSec : 33413.853 	 SendDropSec : 0.000
Total Time : 4756.593 	 TPS : 177.024 	 RecvSec : 50.011 	 SendSec : 49961.225 	 SendDropSec : 0.000
Total Time : 4758.151 	 TPS : 139.283 	 RecvSec : 40.437 	 SendSec : 40396.575 	 SendDropSec : 0.000
Total Time : 4759.205 	 TPS : 208.631 	 RecvSec : 59.744 	 SendSec : 59684.629 	 SendDropSec : 0.000
Total Time : 4760.789 	 TPS : 278.583 	 RecvSec : 79.595 	 SendSec : 79515.626 	 SendDropSec : 0.000
Total Time : 4763.145 	 TPS : 199.454 	 RecvSec : 53.471 	 SendSec : 53417.248 	 SendDropSec : 0.000
Total Time : 4764.491 	 TPS : 160.466 	 RecvSec : 46.803 	 SendSec : 46755.852 	 SendDropSec : 0.000
Total Time : 4766.138 	 TPS : 280.507 	 RecvSec : 76.502 	 SendSec : 76425.520 	 SendDropSec : 0.000
Total Time : 4767.864 	 TPS : 121.684 	 RecvSec : 36.505 	 SendSec : 36468.655 	 SendDropSec : 0.000
Total Time : 4769.818 	 TPS : 230.813 	 RecvSec : 64.484 	 SendSec : 64419.914 	 SendDropSec : 0.000
Total Time : 4771.079 	 TPS : 171.292 	 RecvSec : 49.960 	 SendSec : 49910.238 	 SendDropSec : 0.000
Total Time : 4772.789 	 TPS : 140.943 	 RecvSec : 36.844 	 SendSec : 36807.116 	 SendDropSec : 0.000
Total Time : 4775.310 	 TPS : 186.831 	 RecvSec : 49.980 	 SendSec : 49930.212 	 SendDropSec : 0.000
Total Time : 4776.880 	 TPS : 145.845 	 RecvSec : 40.123 	 SendSec : 40083.258 	 SendDropSec : 0.000
Total Time : 4778.633 	 TPS : 137.455 	 RecvSec : 35.932 	 SendSec : 35896.367 	 SendDropSec : 0.000
Total Time : 4779.789 	 TPS : 216.303 	 RecvSec : 54.508 	 SendSec : 54453.791 	 SendDropSec : 0.000
Total Time : 4780.873 	 TPS : 221.437 	 RecvSec : 58.127 	 SendSec : 58068.968 	 SendDropSec : 0.000
Total Time : 4781.966 	 TPS : 202.159 	 RecvSec : 57.629 	 SendSec : 57571.266 	 SendDropSec : 0.000
Total Time : 4783.829 	 TPS : 128.801 	 RecvSec : 33.810 	 SendSec : 33776.325 	 SendDropSec : 0.000
Total Time : 4784.996 	 TPS : 178.349 	 RecvSec : 54.019 	 SendSec : 53965.139 	 SendDropSec : 0.000
Total Time : 4787.379 	 TPS : 190.029 	 RecvSec : 52.856 	 SendSec : 52803.003 	 SendDropSec : 0.000
Total Time : 4788.488 	 TPS : 200.260 	 RecvSec : 56.830 	 SendSec : 56773.596 	 SendDropSec : 0.000
Total Time : 4789.715 	 TPS : 351.249 	 RecvSec : 102.685 	 SendSec : 102582.634 	 SendDropSec : 0.000
Total Time : 4792.330 	 TPS : 175.894 	 RecvSec : 48.180 	 SendSec : 48131.592 	 SendDropSec : 0.000
Total Time : 4794.330 	 TPS : 129.490 	 RecvSec : 31.498 	 SendSec : 31466.019 	 SendDropSec : 0.000
Total Time : 4795.601 	 TPS : 176.320 	 RecvSec : 49.590 	 SendSec : 49540.306 	 SendDropSec : 0.000
Total Time : 4796.794 	 TPS : 206.963 	 RecvSec : 52.788 	 SendSec : 52735.427 	 SendDropSec : 0.000
Total Time : 4798.513 	 TPS : 131.515 	 RecvSec : 36.661 	 SendSec : 36624.524 	 SendDropSec : 0.000
Total Time : 4800.501 	 TPS : 115.682 	 RecvSec : 31.687 	 SendSec : 31655.167 	 SendDropSec : 0.000
Total Time : 4803.004 	 TPS : 195.729 	 RecvSec : 50.330 	 SendSec : 50279.918 	 SendDropSec : 0.000
Total Time : 4804.273 	 TPS : 174.999 	 RecvSec : 49.662 	 SendSec : 49612.122 	 SendDropSec : 0.000
Total Time : 4806.131 	 TPS : 128.097 	 RecvSec : 33.908 	 SendSec : 33874.056 	 SendDropSec : 0.000
Total Time : 4807.377 	 TPS : 192.546 	 RecvSec : 50.543 	 SendSec : 50492.822 	 SendDropSec : 0.000
Total Time : 4808.377 	 TPS : 435.993 	 RecvSec : 120.998 	 SendSec : 120877.090 	 SendDropSec : 0.000
Total Time : 4809.821 	 TPS : 33.934 	 RecvSec : 3.463 	 SendSec : 3459.197 	 SendDropSec : 0.000
Total Time : 4811.559 	 TPS : 144.997 	 RecvSec : 36.249 	 SendSec : 36212.928 	 SendDropSec : 0.000
Total Time : 4813.467 	 TPS : 115.825 	 RecvSec : 33.018 	 SendSec : 32985.085 	 SendDropSec : 0.000
Total Time : 4815.560 	 TPS : 238.885 	 RecvSec : 60.199 	 SendSec : 60138.940 	 SendDropSec : 0.000
Total Time : 4817.504 	 TPS : 243.883 	 RecvSec : 64.830 	 SendSec : 64764.842 	 SendDropSec : 0.000
Total Time : 4818.696 	 TPS : 207.263 	 RecvSec : 52.865 	 SendSec : 52811.840 	 SendDropSec : 0.000
Total Time : 4820.541 	 TPS : 124.125 	 RecvSec : 34.148 	 SendSec : 34113.826 	 SendDropSec : 0.000
Total Time : 4822.458 	 TPS : 131.411 	 RecvSec : 32.853 	 SendSec : 32820.019 	 SendDropSec : 0.000
Total Time : 4823.515 	 TPS : 227.210 	 RecvSec : 59.643 	 SendSec : 59582.968 	 SendDropSec : 0.000
Total Time : 4824.887 	 TPS : 165.439 	 RecvSec : 45.915 	 SendSec : 45868.905 	 SendDropSec : 0.000
Total Time : 4826.395 	 TPS : 169.039 	 RecvSec : 41.763 	 SendSec : 41720.767 	 SendDropSec : 0.000
Total Time : 4827.396 	 TPS : 432.458 	 RecvSec : 118.851 	 SendSec : 118732.240 	 SendDropSec : 0.000
Total Time : 4828.565 	 TPS : 48.796 	 RecvSec : 5.993 	 SendSec : 5986.508 	 SendDropSec : 0.000
Total Time : 4829.808 	 TPS : 196.245 	 RecvSec : 50.670 	 SendSec : 50619.149 	 SendDropSec : 0.000
Total Time : 4831.739 	 TPS : 121.161 	 RecvSec : 32.620 	 SendSec : 32587.690 	 SendDropSec : 0.000
Total Time : 4832.889 	 TPS : 202.685 	 RecvSec : 54.803 	 SendSec : 54748.326 	 SendDropSec : 0.000
Total Time : 4833.889 	 TPS : 375.936 	 RecvSec : 109.981 	 SendSec : 109871.300 	 SendDropSec : 0.000
Total Time : 4834.889 	 TPS : 348.946 	 RecvSec : 76.988 	 SendSec : 76911.156 	 SendDropSec : 0.000
Total Time : 4836.415 	 TPS : 13.762 	 RecvSec : 1.311 	 SendSec : 1309.351 	 SendDropSec : 0.000
Total Time : 4838.343 	 TPS : 119.276 	 RecvSec : 32.671 	 SendSec : 32638.639 	 SendDropSec : 0.000
Total Time : 4839.344 	 TPS : 380.586 	 RecvSec : 112.877 	 SendSec : 112764.290 	 SendDropSec : 0.000
Total Time : 4841.314 	 TPS : 170.122 	 RecvSec : 38.595 	 SendSec : 38556.205 	 SendDropSec : 0.000
Total Time : 4842.315 	 TPS : 286.488 	 RecvSec : 75.864 	 SendSec : 75788.460 	 SendDropSec : 0.000
Total Time : 4844.051 	 TPS : 106.608 	 RecvSec : 28.813 	 SendSec : 28784.132 	 SendDropSec : 0.000
Total Time : 4845.392 	 TPS : 187.135 	 RecvSec : 46.970 	 SendSec : 46923.081 	 SendDropSec : 0.000
Total Time : 4846.610 	 TPS : 396.422 	 RecvSec : 103.414 	 SendSec : 103310.900 	 SendDropSec : 0.000
Total Time : 4848.361 	 TPS : 146.790 	 RecvSec : 35.984 	 SendSec : 35947.653 	 SendDropSec : 0.000
Total Time : 4850.214 	 TPS : 122.524 	 RecvSec : 34.004 	 SendSec : 33970.412 	 SendDropSec : 0.000
Total Time : 4851.316 	 TPS : 225.096 	 RecvSec : 57.182 	 SendSec : 57124.346 	 SendDropSec : 0.000
Total Time : 4853.244 	 TPS : 234.887 	 RecvSec : 65.333 	 SendSec : 65267.361 	 SendDropSec : 0.000
Total Time : 4854.771 	 TPS : 167.005 	 RecvSec : 41.260 	 SendSec : 41218.901 	 SendDropSec : 0.000
Total Time : 4855.805 	 TPS : 227.336 	 RecvSec : 60.945 	 SendSec : 60884.333 	 SendDropSec : 0.000
Total Time : 4856.818 	 TPS : 239.926 	 RecvSec : 62.203 	 SendSec : 62140.827 	 SendDropSec : 0.000
Total Time : 4857.820 	 TPS : 429.002 	 RecvSec : 117.726 	 SendSec : 117608.525 	 SendDropSec : 0.000
Total Time : 4860.301 	 TPS : 131.806 	 RecvSec : 28.618 	 SendSec : 28589.720 	 SendDropSec : 0.000
Total Time : 4862.003 	 TPS : 149.199 	 RecvSec : 37.006 	 SendSec : 36968.936 	 SendDropSec : 0.000
Total Time : 4863.762 	 TPS : 137.066 	 RecvSec : 35.831 	 SendSec : 35794.693 	 SendDropSec : 0.000
Total Time : 4865.050 	 TPS : 392.768 	 RecvSec : 97.804 	 SendSec : 97706.110 	 SendDropSec : 0.000
Total Time : 4866.701 	 TPS : 145.999 	 RecvSec : 38.166 	 SendSec : 38127.475 	 SendDropSec : 0.000
Total Time : 4868.182 	 TPS : 162.634 	 RecvSec : 42.514 	 SendSec : 42471.775 	 SendDropSec : 0.000
Total Time : 4869.510 	 TPS : 188.340 	 RecvSec : 47.462 	 SendSec : 47414.302 	 SendDropSec : 0.000
Total Time : 4870.844 	 TPS : 367.941 	 RecvSec : 94.421 	 SendSec : 94326.212 	 SendDropSec : 0.000
Total Time : 4872.122 	 TPS : 178.453 	 RecvSec : 49.309 	 SendSec : 49260.047 	 SendDropSec : 0.000
Total Time : 4873.687 	 TPS : 154.658 	 RecvSec : 40.262 	 SendSec : 40221.959 	 SendDropSec : 0.000
Total Time : 4874.901 	 TPS : 186.899 	 RecvSec : 51.871 	 SendSec : 51818.860 	 SendDropSec : 0.000
Total Time : 4876.079 	 TPS : 213.049 	 RecvSec : 53.474 	 SendSec : 53420.859 	 SendDropSec : 0.000
Total Time : 4877.955 	 TPS : 121.053 	 RecvSec : 33.596 	 SendSec : 33562.482 	 SendDropSec : 0.000
Total Time : 4880.294 	 TPS : 206.465 	 RecvSec : 53.860 	 SendSec : 53806.612 	 SendDropSec : 0.000
Total Time : 4882.043 	 TPS : 138.920 	 RecvSec : 36.016 	 SendSec : 35980.173 	 SendDropSec : 0.000
Total Time : 4883.191 	 TPS : 197.740 	 RecvSec : 54.879 	 SendSec : 54824.589 	 SendDropSec : 0.000
Total Time : 4884.345 	 TPS : 435.013 	 RecvSec : 109.187 	 SendSec : 109077.400 	 SendDropSec : 0.000
Total Time : 4885.469 	 TPS : 192.240 	 RecvSec : 56.070 	 SendSec : 56013.900 	 SendDropSec : 0.000
Total Time : 4886.670 	 TPS : 386.325 	 RecvSec : 104.907 	 SendSec : 104802.372 	 SendDropSec : 0.000
Total Time : 4887.718 	 TPS : 227.959 	 RecvSec : 60.089 	 SendSec : 60029.404 	 SendDropSec : 0.000
Total Time : 4889.259 	 TPS : 151.917 	 RecvSec : 40.901 	 SendSec : 40859.951 	 SendDropSec : 0.000
Total Time : 4891.241 	 TPS : 120.577 	 RecvSec : 31.784 	 SendSec : 31752.081 	 SendDropSec : 0.000
Total Time : 4892.654 	 TPS : 160.613 	 RecvSec : 44.575 	 SendSec : 44530.806 	 SendDropSec : 0.000
Total Time : 4894.471 	 TPS : 130.993 	 RecvSec : 34.675 	 SendSec : 34639.920 	 SendDropSec : 0.000
Total Time : 4895.471 	 TPS : 253.988 	 RecvSec : 73.997 	 SendSec : 73922.555 	 SendDropSec : 0.000
Total Time : 4897.106 	 TPS : 126.589 	 RecvSec : 31.800 	 SendSec : 31768.224 	 SendDropSec : 0.000
Total Time : 4898.770 	 TPS : 143.689 	 RecvSec : 37.876 	 SendSec : 37838.309 	 SendDropSec : 0.000
Total Time : 4900.043 	 TPS : 175.065 	 RecvSec : 49.458 	 SendSec : 49408.351 	 SendDropSec : 0.000
Total Time : 4901.543 	 TPS : 160.688 	 RecvSec : 42.006 	 SendSec : 41963.668 	 SendDropSec : 0.000
Total Time : 4902.622 	 TPS : 214.026 	 RecvSec : 58.371 	 SendSec : 58312.250 	 SendDropSec : 0.000
Total Time : 4904.449 	 TPS : 130.272 	 RecvSec : 34.484 	 SendSec : 34449.332 	 SendDropSec : 0.000
Total Time : 4905.534 	 TPS : 229.492 	 RecvSec : 58.064 	 SendSec : 58006.109 	 SendDropSec : 0.000
Total Time : 4907.293 	 TPS : 137.077 	 RecvSec : 35.833 	 SendSec : 35797.448 	 SendDropSec : 0.000
Total Time : 4909.008 	 TPS : 139.940 	 RecvSec : 36.734 	 SendSec : 36697.512 	 SendDropSec : 0.000
Total Time : 4910.008 	 TPS : 450.597 	 RecvSec : 123.889 	 SendSec : 123765.280 	 SendDropSec : 0.000
Total Time : 4911.009 	 TPS : 165.901 	 RecvSec : 51.969 	 SendSec : 51917.099 	 SendDropSec : 0.000
Total Time : 4913.367 	 TPS : 147.172 	 RecvSec : 32.234 	 SendSec : 32201.423 	 SendDropSec : 0.000
Total Time : 4914.507 	 TPS : 415.882 	 RecvSec : 110.551 	 SendSec : 110440.416 	 SendDropSec : 0.000
Total Time : 4915.508 	 TPS : 352.636 	 RecvSec : 99.897 	 SendSec : 99796.930 	 SendDropSec : 0.000
Total Time : 4916.519 	 TPS : 277.837 	 RecvSec : 80.088 	 SendSec : 80008.076 	 SendDropSec : 0.000
Total Time : 4918.158 	 TPS : 200.734 	 RecvSec : 43.319 	 SendSec : 43276.145 	 SendDropSec : 0.000
Total Time : 4920.438 	 TPS : 217.529 	 RecvSec : 55.259 	 SendSec : 55204.106 	 SendDropSec : 0.000
Total Time : 4922.180 	 TPS : 129.743 	 RecvSec : 36.167 	 SendSec : 36131.031 	 SendDropSec : 0.000
Total Time : 4924.041 	 TPS : 126.311 	 RecvSec : 33.862 	 SendSec : 33828.314 	 SendDropSec : 0.000
Total Time : 4925.041 	 TPS : 271.995 	 RecvSec : 71.999 	 SendSec : 71926.561 	 SendDropSec : 0.000
Total Time : 4926.214 	 TPS : 186.560 	 RecvSec : 46.001 	 SendSec : 45955.172 	 SendDropSec : 0.000
Total Time : 4927.429 	 TPS : 190.233 	 RecvSec : 51.882 	 SendSec : 51829.737 	 SendDropSec : 0.000
Total Time : 4928.955 	 TPS : 158.562 	 RecvSec : 41.279 	 SendSec : 41237.363 	 SendDropSec : 0.000
Total Time : 4930.250 	 TPS : 183.714 	 RecvSec : 48.630 	 SendSec : 48581.430 	 SendDropSec : 0.000
Total Time : 4932.098 	 TPS : 131.502 	 RecvSec : 34.093 	 SendSec : 34059.129 	 SendDropSec : 0.000
Total Time : 4933.683 	 TPS : 142.588 	 RecvSec : 39.748 	 SendSec : 39708.272 	 SendDropSec : 0.000
Total Time : 4935.276 	 TPS : 158.241 	 RecvSec : 39.560 	 SendSec : 39520.748 	 SendDropSec : 0.000
Total Time : 4937.010 	 TPS : 129.193 	 RecvSec : 36.336 	 SendSec : 36299.273 	 SendDropSec : 0.000
Total Time : 4938.019 	 TPS : 398.272 	 RecvSec : 116.906 	 SendSec : 116788.914 	 SendDropSec : 0.000
Total Time : 4939.022 	 TPS : 299.112 	 RecvSec : 69.793 	 SendSec : 69722.958 	 SendDropSec : 0.000
Total Time : 4940.026 	 TPS : 214.087 	 RecvSec : 59.745 	 SendSec : 59685.394 	 SendDropSec : 0.000
Total Time : 4941.027 	 TPS : 102.963 	 RecvSec : 18.993 	 SendSec : 18974.224 	 SendDropSec : 0.000
Total Time : 4943.068 	 TPS : 207.222 	 RecvSec : 54.377 	 SendSec : 54323.081 	 SendDropSec : 0.000
Total Time : 4944.338 	 TPS : 181.908 	 RecvSec : 49.611 	 SendSec : 49561.704 	 SendDropSec : 0.000
Total Time : 4945.385 	 TPS : 213.959 	 RecvSec : 60.176 	 SendSec : 60115.905 	 SendDropSec : 0.000
Total Time : 4946.996 	 TPS : 299.189 	 RecvSec : 78.211 	 SendSec : 78132.997 	 SendDropSec : 0.000
Total Time : 4948.794 	 TPS : 135.144 	 RecvSec : 35.037 	 SendSec : 35002.402 	 SendDropSec : 0.000
Total Time : 4950.396 	 TPS : 134.203 	 RecvSec : 39.325 	 SendSec : 39285.350 	 SendDropSec : 0.000
Total Time : 4951.960 	 TPS : 155.371 	 RecvSec : 40.281 	 SendSec : 40241.015 	 SendDropSec : 0.000
Total Time : 4953.778 	 TPS : 133.071 	 RecvSec : 34.642 	 SendSec : 34607.702 	 SendDropSec : 0.000
Total Time : 4954.970 	 TPS : 412.999 	 RecvSec : 105.768 	 SendSec : 105662.231 	 SendDropSec : 0.000
Total Time : 4956.424 	 TPS : 155.381 	 RecvSec : 43.314 	 SendSec : 43270.775 	 SendDropSec : 0.000
Total Time : 4958.861 	 TPS : 197.419 	 RecvSec : 51.715 	 SendSec : 51662.908 	 SendDropSec : 0.000
Total Time : 4960.534 	 TPS : 143.393 	 RecvSec : 37.641 	 SendSec : 37602.967 	 SendDropSec : 0.000
Total Time : 4961.843 	 TPS : 188.003 	 RecvSec : 48.147 	 SendSec : 48098.906 	 SendDropSec : 0.000
Total Time : 4962.844 	 TPS : 380.679 	 RecvSec : 116.901 	 SendSec : 116784.469 	 SendDropSec : 0.000
Total Time : 4964.530 	 TPS : 196.867 	 RecvSec : 42.694 	 SendSec : 42651.345 	 SendDropSec : 0.000
Total Time : 4966.637 	 TPS : 214.521 	 RecvSec : 59.800 	 SendSec : 59740.180 	 SendDropSec : 0.000
Total Time : 4968.787 	 TPS : 235.839 	 RecvSec : 58.611 	 SendSec : 58552.256 	 SendDropSec : 0.000
Total Time : 4970.150 	 TPS : 165.841 	 RecvSec : 46.230 	 SendSec : 46183.786 	 SendDropSec : 0.000
Total Time : 4971.150 	 TPS : 235.992 	 RecvSec : 64.998 	 SendSec : 64932.727 	 SendDropSec : 0.000
Total Time : 4972.829 	 TPS : 278.710 	 RecvSec : 73.846 	 SendSec : 73772.500 	 SendDropSec : 0.000
Total Time : 4974.162 	 TPS : 183.073 	 RecvSec : 47.269 	 SendSec : 47221.508 	 SendDropSec : 0.000
Total Time : 4975.282 	 TPS : 202.633 	 RecvSec : 56.237 	 SendSec : 56180.984 	 SendDropSec : 0.000
Total Time : 4976.836 	 TPS : 310.116 	 RecvSec : 81.068 	 SendSec : 80986.721 	 SendDropSec : 0.000
Total Time : 4977.837 	 TPS : 470.719 	 RecvSec : 124.925 	 SendSec : 124800.394 	 SendDropSec : 0.000
Total Time : 4978.837 	 TPS : 190.910 	 RecvSec : 56.973 	 SendSec : 56916.158 	 SendDropSec : 0.000
Total Time : 4980.581 	 TPS : 176.043 	 RecvSec : 40.140 	 SendSec : 40100.036 	 SendDropSec : 0.000
Total Time : 4981.820 	 TPS : 188.942 	 RecvSec : 50.869 	 SendSec : 50818.242 	 SendDropSec : 0.000
Total Time : 4982.820 	 TPS : 264.954 	 RecvSec : 74.987 	 SendSec : 74912.085 	 SendDropSec : 0.000
Total Time : 4983.820 	 TPS : 300.887 	 RecvSec : 79.970 	 SendSec : 79889.993 	 SendDropSec : 0.000
Total Time : 4985.336 	 TPS : 87.715 	 RecvSec : 22.423 	 SendSec : 22400.892 	 SendDropSec : 0.000
Total Time : 4986.941 	 TPS : 153.948 	 RecvSec : 39.266 	 SendSec : 39226.822 	 SendDropSec : 0.000
Total Time : 4988.322 	 TPS : 175.928 	 RecvSec : 45.611 	 SendSec : 45565.282 	 SendDropSec : 0.000
Total Time : 4989.434 	 TPS : 224.001 	 RecvSec : 56.675 	 SendSec : 56618.210 	 SendDropSec : 0.000
Total Time : 4990.494 	 TPS : 218.860 	 RecvSec : 59.432 	 SendSec : 59372.484 	 SendDropSec : 0.000
Total Time : 4991.545 	 TPS : 206.433 	 RecvSec : 59.932 	 SendSec : 59872.373 	 SendDropSec : 0.000
Total Time : 4992.975 	 TPS : 160.790 	 RecvSec : 44.043 	 SendSec : 43998.470 	 SendDropSec : 0.000
Total Time : 4994.519 	 TPS : 303.869 	 RecvSec : 81.636 	 SendSec : 81554.835 	 SendDropSec : 0.000
Total Time : 4996.227 	 TPS : 134.028 	 RecvSec : 36.872 	 SendSec : 36835.438 	 SendDropSec : 0.000
Total Time : 4997.230 	 TPS : 319.092 	 RecvSec : 82.764 	 SendSec : 82681.638 	 SendDropSec : 0.000
Total Time : 4998.232 	 TPS : 214.572 	 RecvSec : 58.883 	 SendSec : 58823.706 	 SendDropSec : 0.000
Total Time : 4999.575 	 TPS : 308.316 	 RecvSec : 81.920 	 SendSec : 81837.845 	 SendDropSec : 0.000
Total Time : 5000.598 	 TPS : 233.555 	 RecvSec : 61.565 	 SendSec : 61503.116 	 SendDropSec : 0.000
Total Time : 5002.063 	 TPS : 168.646 	 RecvSec : 43.015 	 SendSec : 42972.008 	 SendDropSec : 0.000
Total Time : 5003.290 	 TPS : 200.536 	 RecvSec : 51.357 	 SendSec : 51305.307 	 SendDropSec : 0.000
Total Time : 5004.997 	 TPS : 137.035 	 RecvSec : 36.894 	 SendSec : 36857.048 	 SendDropSec : 0.000
Total Time : 5005.998 	 TPS : 449.749 	 RecvSec : 124.930 	 SendSec : 124805.346 	 SendDropSec : 0.000
Total Time : 5007.440 	 TPS : 166.468 	 RecvSec : 44.391 	 SendSec : 44347.091 	 SendDropSec : 0.000
Total Time : 5008.970 	 TPS : 156.174 	 RecvSec : 41.167 	 SendSec : 41126.064 	 SendDropSec : 0.000
Total Time : 5009.970 	 TPS : 324.860 	 RecvSec : 81.965 	 SendSec : 81882.676 	 SendDropSec : 0.000
Total Time : 5010.971 	 TPS : 204.914 	 RecvSec : 58.975 	 SendSec : 58916.232 	 SendDropSec : 0.000
Total Time : 5012.806 	 TPS : 100.814 	 RecvSec : 26.157 	 SendSec : 26131.071 	 SendDropSec : 0.000
Total Time : 5013.806 	 TPS : 444.984 	 RecvSec : 112.996 	 SendSec : 112882.857 	 SendDropSec : 0.000
Total Time : 5014.817 	 TPS : 84.044 	 RecvSec : 12.854 	 SendSec : 12840.914 	 SendDropSec : 0.000
Total Time : 5016.769 	 TPS : 126.551 	 RecvSec : 32.278 	 SendSec : 32245.973 	 SendDropSec : 0.000
Total Time : 5018.453 	 TPS : 136.545 	 RecvSec : 37.401 	 SendSec : 37364.046 	 SendDropSec : 0.000
Total Time : 5019.548 	 TPS : 209.137 	 RecvSec : 57.535 	 SendSec : 57477.930 	 SendDropSec : 0.000
Total Time : 5020.549 	 TPS : 447.938 	 RecvSec : 123.983 	 SendSec : 123858.945 	 SendDropSec : 0.000
Total Time : 5021.887 	 TPS : 22.421 	 RecvSec : 1.495 	 SendSec : 1493.269 	 SendDropSec : 0.000
Total Time : 5023.451 	 TPS : 295.879 	 RecvSec : 80.520 	 SendSec : 80439.388 	 SendDropSec : 0.000
Total Time : 5025.198 	 TPS : 124.256 	 RecvSec : 36.074 	 SendSec : 36038.247 	 SendDropSec : 0.000
Total Time : 5026.621 	 TPS : 161.615 	 RecvSec : 44.268 	 SendSec : 44224.105 	 SendDropSec : 0.000
Total Time : 5027.622 	 TPS : 314.782 	 RecvSec : 81.943 	 SendSec : 81861.344 	 SendDropSec : 0.000
Total Time : 5029.880 	 TPS : 174.017 	 RecvSec : 47.379 	 SendSec : 47331.382 	 SendDropSec : 0.000
Total Time : 5030.881 	 TPS : 323.744 	 RecvSec : 79.937 	 SendSec : 79856.817 	 SendDropSec : 0.000
Total Time : 5032.013 	 TPS : 144.891 	 RecvSec : 40.640 	 SendSec : 40599.499 	 SendDropSec : 0.000
Total Time : 5033.971 	 TPS : 126.613 	 RecvSec : 32.164 	 SendSec : 32131.570 	 SendDropSec : 0.000
Total Time : 5035.235 	 TPS : 195.536 	 RecvSec : 49.874 	 SendSec : 49823.657 	 SendDropSec : 0.000
Total Time : 5037.067 	 TPS : 122.782 	 RecvSec : 34.379 	 SendSec : 34344.586 	 SendDropSec : 0.000
Total Time : 5038.747 	 TPS : 148.845 	 RecvSec : 37.509 	 SendSec : 37471.491 	 SendDropSec : 0.000
Total Time : 5040.257 	 TPS : 331.715 	 RecvSec : 83.425 	 SendSec : 83341.891 	 SendDropSec : 0.000
Total Time : 5041.509 	 TPS : 398.601 	 RecvSec : 100.649 	 SendSec : 100548.056 	 SendDropSec : 0.000
Total Time : 5043.489 	 TPS : 124.261 	 RecvSec : 31.823 	 SendSec : 31791.119 	 SendDropSec : 0.000
Total Time : 5044.630 	 TPS : 186.676 	 RecvSec : 55.214 	 SendSec : 55158.881 	 SendDropSec : 0.000
Total Time : 5045.710 	 TPS : 199.070 	 RecvSec : 58.332 	 SendSec : 58273.856 	 SendDropSec : 0.000
Total Time : 5046.710 	 TPS : 447.930 	 RecvSec : 120.981 	 SendSec : 120860.122 	 SendDropSec : 0.000
Total Time : 5047.711 	 TPS : 40.938 	 RecvSec : 6.989 	 SendSec : 6982.470 	 SendDropSec : 0.000
Total Time : 5049.015 	 TPS : 174.828 	 RecvSec : 46.774 	 SendSec : 46727.306 	 SendDropSec : 0.000
Total Time : 5050.444 	 TPS : 171.467 	 RecvSec : 44.091 	 SendSec : 44047.382 	 SendDropSec : 0.000
Total Time : 5051.445 	 TPS : 409.784 	 RecvSec : 116.938 	 SendSec : 116821.377 	 SendDropSec : 0.000
Total Time : 5052.491 	 TPS : 81.241 	 RecvSec : 8.602 	 SendSec : 8593.359 	 SendDropSec : 0.000
Total Time : 5054.481 	 TPS : 118.106 	 RecvSec : 31.663 	 SendSec : 31630.903 	 SendDropSec : 0.000
Total Time : 5055.481 	 TPS : 276.994 	 RecvSec : 74.998 	 SendSec : 74923.277 	 SendDropSec : 0.000
Total Time : 5056.935 	 TPS : 161.573 	 RecvSec : 35.065 	 SendSec : 35029.647 	 SendDropSec : 0.000
Total Time : 5058.902 	 TPS : 122.052 	 RecvSec : 32.039 	 SendSec : 32006.738 	 SendDropSec : 0.000
Total Time : 5059.902 	 TPS : 510.739 	 RecvSec : 124.936 	 SendSec : 124811.159 	 SendDropSec : 0.000
Total Time : 5061.126 	 TPS : 4.085 	 RecvSec : 0.817 	 SendSec : 816.088 	 SendDropSec : 0.000
Total Time : 5062.127 	 TPS : 399.814 	 RecvSec : 116.945 	 SendSec : 116828.535 	 SendDropSec : 0.000
Total Time : 5063.265 	 TPS : 285.468 	 RecvSec : 63.242 	 SendSec : 63178.903 	 SendDropSec : 0.000
Total Time : 5064.632 	 TPS : 181.480 	 RecvSec : 46.102 	 SendSec : 46055.789 	 SendDropSec : 0.000
Total Time : 5065.632 	 TPS : 486.671 	 RecvSec : 124.916 	 SendSec : 124790.642 	 SendDropSec : 0.000
Total Time : 5067.312 	 TPS : 8.337 	 RecvSec : 0.595 	 SendSec : 594.877 	 SendDropSec : 0.000
Total Time : 5069.098 	 TPS : 131.008 	 RecvSec : 34.712 	 SendSec : 34676.836 	 SendDropSec : 0.000
Total Time : 5070.264 	 TPS : 203.278 	 RecvSec : 54.894 	 SendSec : 54838.652 	 SendDropSec : 0.000
Total Time : 5071.388 	 TPS : 218.034 	 RecvSec : 56.066 	 SendSec : 56009.708 	 SendDropSec : 0.000
Total Time : 5072.388 	 TPS : 344.757 	 RecvSec : 99.930 	 SendSec : 99829.710 	 SendDropSec : 0.000
Total Time : 5074.238 	 TPS : 71.362 	 RecvSec : 14.056 	 SendSec : 14042.131 	 SendDropSec : 0.000
Total Time : 5075.238 	 TPS : 291.888 	 RecvSec : 76.970 	 SendSec : 76893.473 	 SendDropSec : 0.000
Total Time : 5077.563 	 TPS : 210.397 	 RecvSec : 48.189 	 SendSec : 48140.829 	 SendDropSec : 0.000
Total Time : 5079.330 	 TPS : 145.423 	 RecvSec : 35.648 	 SendSec : 35612.716 	 SendDropSec : 0.000
Total Time : 5080.330 	 TPS : 390.983 	 RecvSec : 101.996 	 SendSec : 101893.547 	 SendDropSec : 0.000
Total Time : 5081.330 	 TPS : 207.876 	 RecvSec : 42.974 	 SendSec : 42931.486 	 SendDropSec : 0.000
Total Time : 5083.107 	 TPS : 92.897 	 RecvSec : 24.773 	 SendSec : 24747.814 	 SendDropSec : 0.000
Total Time : 5085.086 	 TPS : 126.807 	 RecvSec : 31.828 	 SendSec : 31796.304 	 SendDropSec : 0.000
Total Time : 5086.507 	 TPS : 180.180 	 RecvSec : 44.341 	 SendSec : 44296.847 	 SendDropSec : 0.000
Total Time : 5088.398 	 TPS : 118.998 	 RecvSec : 33.319 	 SendSec : 33286.089 	 SendDropSec : 0.000
Total Time : 5090.342 	 TPS : 130.661 	 RecvSec : 32.408 	 SendSec : 32375.606 	 SendDropSec : 0.000
Total Time : 5091.350 	 TPS : 234.018 	 RecvSec : 62.471 	 SendSec : 62408.308 	 SendDropSec : 0.000
Total Time : 5092.874 	 TPS : 165.992 	 RecvSec : 41.334 	 SendSec : 41292.692 	 SendDropSec : 0.000
Total Time : 5094.022 	 TPS : 209.968 	 RecvSec : 54.888 	 SendSec : 54833.053 	 SendDropSec : 0.000
Total Time : 5096.130 	 TPS : 244.319 	 RecvSec : 59.775 	 SendSec : 59715.280 	 SendDropSec : 0.000
Total Time : 5097.372 	 TPS : 190.060 	 RecvSec : 50.736 	 SendSec : 50685.536 	 SendDropSec : 0.000
Total Time : 5099.227 	 TPS : 139.033 	 RecvSec : 33.950 	 SendSec : 33916.023 	 SendDropSec : 0.000
Total Time : 5100.254 	 TPS : 257.242 	 RecvSec : 61.387 	 SendSec : 61325.871 	 SendDropSec : 0.000
Total Time : 5101.254 	 TPS : 398.877 	 RecvSec : 113.965 	 SendSec : 113850.900 	 SendDropSec : 0.000
Total Time : 5102.254 	 TPS : 262.949 	 RecvSec : 66.987 	 SendSec : 66920.118 	 SendDropSec : 0.000
Total Time : 5103.428 	 TPS : 75.795 	 RecvSec : 6.813 	 SendSec : 6806.246 	 SendDropSec : 0.000
Total Time : 5104.815 	 TPS : 182.412 	 RecvSec : 45.423 	 SendSec : 45377.353 	 SendDropSec : 0.000
Total Time : 5106.535 	 TPS : 146.487 	 RecvSec : 36.622 	 SendSec : 36585.200 	 SendDropSec : 0.000
Total Time : 5109.004 	 TPS : 179.463 	 RecvSec : 51.044 	 SendSec : 50992.695 	 SendDropSec : 0.000
Total Time : 5110.443 	 TPS : 180.704 	 RecvSec : 43.786 	 SendSec : 43742.070 	 SendDropSec : 0.000
Total Time : 5111.443 	 TPS : 413.709 	 RecvSec : 121.914 	 SendSec : 121792.404 	 SendDropSec : 0.000
Total Time : 5113.037 	 TPS : 28.239 	 RecvSec : 2.510 	 SendSec : 2507.581 	 SendDropSec : 0.000
Total Time : 5114.401 	 TPS : 143.739 	 RecvSec : 46.202 	 SendSec : 46155.654 	 SendDropSec : 0.000
Total Time : 5115.475 	 TPS : 235.419 	 RecvSec : 82.815 	 SendSec : 82732.434 	 SendDropSec : 0.000
Total Time : 5116.476 	 TPS : 282.929 	 RecvSec : 53.986 	 SendSec : 53932.441 	 SendDropSec : 0.000
Total Time : 5117.638 	 TPS : 180.640 	 RecvSec : 93.761 	 SendSec : 93666.785 	 SendDropSec : 0.000
Total Time : 5119.084 	 TPS : 174.957 	 RecvSec : 43.566 	 SendSec : 43522.756 	 SendDropSec : 0.000
Total Time : 5121.082 	 TPS : 127.632 	 RecvSec : 31.533 	 SendSec : 31501.175 	 SendDropSec : 0.000
Total Time : 5122.092 	 TPS : 471.254 	 RecvSec : 121.774 	 SendSec : 121651.880 	 SendDropSec : 0.000
Total Time : 5124.525 	 TPS : 119.195 	 RecvSec : 27.127 	 SendSec : 27099.946 	 SendDropSec : 0.000
Total Time : 5126.296 	 TPS : 285.231 	 RecvSec : 71.167 	 SendSec : 71095.376 	 SendDropSec : 0.000
Total Time : 5127.541 	 TPS : 207.101 	 RecvSec : 50.571 	 SendSec : 50520.594 	 SendDropSec : 0.000
Total Time : 5129.345 	 TPS : 130.860 	 RecvSec : 34.933 	 SendSec : 34897.969 	 SendDropSec : 0.000
Total Time : 5130.346 	 TPS : 477.555 	 RecvSec : 124.884 	 SendSec : 124758.825 	 SendDropSec : 0.000
Total Time : 5131.704 	 TPS : 203.885 	 RecvSec : 47.107 	 SendSec : 47059.991 	 SendDropSec : 0.000
Total Time : 5133.034 	 TPS : 187.339 	 RecvSec : 47.399 	 SendSec : 47351.678 	 SendDropSec : 0.000
Total Time : 5134.713 	 TPS : 302.998 	 RecvSec : 75.005 	 SendSec : 74930.464 	 SendDropSec : 0.000
Total Time : 5135.822 	 TPS : 218.227 	 RecvSec : 56.811 	 SendSec : 56754.438 	 SendDropSec : 0.000
Total Time : 5137.724 	 TPS : 138.283 	 RecvSec : 33.125 	 SendSec : 33091.748 	 SendDropSec : 0.000
Total Time : 5139.666 	 TPS : 128.751 	 RecvSec : 32.445 	 SendSec : 32412.857 	 SendDropSec : 0.000
Total Time : 5140.667 	 TPS : 355.790 	 RecvSec : 99.941 	 SendSec : 99841.144 	 SendDropSec : 0.000
Total Time : 5141.667 	 TPS : 344.821 	 RecvSec : 82.957 	 SendSec : 82873.889 	 SendDropSec : 0.000
Total Time : 5142.832 	 TPS : 43.798 	 RecvSec : 5.153 	 SendSec : 5147.608 	 SendDropSec : 0.000
Total Time : 5144.137 	 TPS : 192.989 	 RecvSec : 48.247 	 SendSec : 48198.892 	 SendDropSec : 0.000
Total Time : 5145.829 	 TPS : 158.434 	 RecvSec : 37.244 	 SendSec : 37206.625 	 SendDropSec : 0.000
Total Time : 5146.829 	 TPS : 443.846 	 RecvSec : 118.959 	 SendSec : 118839.774 	 SendDropSec : 0.000
Total Time : 5147.829 	 TPS : 164.975 	 RecvSec : 26.996 	 SendSec : 26968.974 	 SendDropSec : 0.000
Total Time : 5149.557 	 TPS : 229.787 	 RecvSec : 61.354 	 SendSec : 61292.334 	 SendDropSec : 0.000
Total Time : 5150.765 	 TPS : 192.087 	 RecvSec : 52.161 	 SendSec : 52109.311 	 SendDropSec : 0.000
Total Time : 5152.183 	 TPS : 169.282 	 RecvSec : 44.437 	 SendSec : 44392.117 	 SendDropSec : 0.000
Total Time : 5153.183 	 TPS : 493.982 	 RecvSec : 123.996 	 SendSec : 123871.603 	 SendDropSec : 0.000
Total Time : 5154.942 	 TPS : 18.758 	 RecvSec : 1.137 	 SendSec : 1135.698 	 SendDropSec : 0.000
Total Time : 5156.877 	 TPS : 129.721 	 RecvSec : 32.559 	 SendSec : 32526.807 	 SendDropSec : 0.000
Total Time : 5158.353 	 TPS : 166.660 	 RecvSec : 42.681 	 SendSec : 42638.609 	 SendDropSec : 0.000
Total Time : 5160.513 	 TPS : 223.157 	 RecvSec : 58.336 	 SendSec : 58277.393 	 SendDropSec : 0.000
Total Time : 5162.613 	 TPS : 230.468 	 RecvSec : 59.998 	 SendSec : 59937.885 	 SendDropSec : 0.000
Total Time : 5163.700 	 TPS : 225.369 	 RecvSec : 57.952 	 SendSec : 57894.105 	 SendDropSec : 0.000
Total Time : 5166.271 	 TPS : 196.844 	 RecvSec : 49.017 	 SendSec : 48967.491 	 SendDropSec : 0.000
Total Time : 5167.390 	 TPS : 224.234 	 RecvSec : 56.282 	 SendSec : 56225.593 	 SendDropSec : 0.000
Total Time : 5168.857 	 TPS : 164.308 	 RecvSec : 42.952 	 SendSec : 42908.986 	 SendDropSec : 0.000
Total Time : 5170.108 	 TPS : 200.642 	 RecvSec : 50.360 	 SendSec : 50309.984 	 SendDropSec : 0.000
Total Time : 5171.113 	 TPS : 418.736 	 RecvSec : 117.365 	 SendSec : 117248.110 	 SendDropSec : 0.000
Total Time : 5172.417 	 TPS : 245.431 	 RecvSec : 54.455 	 SendSec : 54400.476 	 SendDropSec : 0.000
Total Time : 5174.248 	 TPS : 267.570 	 RecvSec : 68.804 	 SendSec : 68734.932 	 SendDropSec : 0.000
Total Time : 5175.321 	 TPS : 239.524 	 RecvSec : 58.716 	 SendSec : 58657.299 	 SendDropSec : 0.000
Total Time : 5177.616 	 TPS : 225.283 	 RecvSec : 54.904 	 SendSec : 54849.585 	 SendDropSec : 0.000
Total Time : 5179.376 	 TPS : 143.718 	 RecvSec : 35.787 	 SendSec : 35751.712 	 SendDropSec : 0.000
Total Time : 5180.720 	 TPS : 373.589 	 RecvSec : 93.769 	 SendSec : 93675.550 	 SendDropSec : 0.000
Total Time : 5182.003 	 TPS : 200.356 	 RecvSec : 49.114 	 SendSec : 49065.344 	 SendDropSec : 0.000
Total Time : 5183.909 	 TPS : 127.992 	 RecvSec : 33.047 	 SendSec : 33014.108 	 SendDropSec : 0.000
Total Time : 5185.562 	 TPS : 140.370 	 RecvSec : 38.118 	 SendSec : 38079.695 	 SendDropSec : 0.000
Total Time : 5187.387 	 TPS : 280.530 	 RecvSec : 69.037 	 SendSec : 68967.667 	 SendDropSec : 0.000
Total Time : 5188.768 	 TPS : 192.634 	 RecvSec : 45.624 	 SendSec : 45578.191 	 SendDropSec : 0.000
Total Time : 5190.117 	 TPS : 186.043 	 RecvSec : 46.696 	 SendSec : 46649.240 	 SendDropSec : 0.000
Total Time : 5191.198 	 TPS : 224.831 	 RecvSec : 58.290 	 SendSec : 58231.256 	 SendDropSec : 0.000
Total Time : 5193.169 	 TPS : 264.873 	 RecvSec : 63.935 	 SendSec : 63871.034 	 SendDropSec : 0.000
Total Time : 5194.360 	 TPS : 424.624 	 RecvSec : 105.736 	 SendSec : 105630.585 	 SendDropSec : 0.000
Total Time : 5195.459 	 TPS : 244.834 	 RecvSec : 57.340 	 SendSec : 57282.856 	 SendDropSec : 0.000
Total Time : 5197.647 	 TPS : 241.302 	 RecvSec : 57.583 	 SendSec : 57525.872 	 SendDropSec : 0.000
Total Time : 5198.827 	 TPS : 218.589 	 RecvSec : 53.376 	 SendSec : 53323.123 	 SendDropSec : 0.000
Total Time : 5200.176 	 TPS : 200.198 	 RecvSec : 46.713 	 SendSec : 46666.210 	 SendDropSec : 0.000
Total Time : 5201.842 	 TPS : 149.454 	 RecvSec : 37.814 	 SendSec : 37775.755 	 SendDropSec : 0.000
Total Time : 5202.842 	 TPS : 313.963 	 RecvSec : 80.990 	 SendSec : 80909.372 	 SendDropSec : 0.000
Total Time : 5204.453 	 TPS : 108.622 	 RecvSec : 27.931 	 SendSec : 27903.561 	 SendDropSec : 0.000
Total Time : 5205.762 	 TPS : 190.227 	 RecvSec : 48.130 	 SendSec : 48081.683 	 SendDropSec : 0.000
Total Time : 5206.900 	 TPS : 441.369 	 RecvSec : 110.782 	 SendSec : 110671.168 	 SendDropSec : 0.000
Total Time : 5208.680 	 TPS : 274.042 	 RecvSec : 70.757 	 SendSec : 70686.102 	 SendDropSec : 0.000
Total Time : 5209.905 	 TPS : 208.323 	 RecvSec : 51.468 	 SendSec : 51416.505 	 SendDropSec : 0.000
Total Time : 5211.263 	 TPS : 195.798 	 RecvSec : 46.373 	 SendSec : 46326.755 	 SendDropSec : 0.000
Total Time : 5213.023 	 TPS : 138.079 	 RecvSec : 35.798 	 SendSec : 35762.475 	 SendDropSec : 0.000
Total Time : 5214.174 	 TPS : 226.679 	 RecvSec : 54.716 	 SendSec : 54660.940 	 SendDropSec : 0.000
Total Time : 5215.641 	 TPS : 174.572 	 RecvSec : 42.961 	 SendSec : 42918.072 	 SendDropSec : 0.000
Total Time : 5216.919 	 TPS : 183.001 	 RecvSec : 49.269 	 SendSec : 49220.193 	 SendDropSec : 0.000
Total Time : 5218.264 	 TPS : 176.332 	 RecvSec : 46.873 	 SendSec : 46826.219 	 SendDropSec : 0.000
Total Time : 5220.196 	 TPS : 126.288 	 RecvSec : 32.607 	 SendSec : 32574.654 	 SendDropSec : 0.000
Total Time : 5221.459 	 TPS : 197.823 	 RecvSec : 49.851 	 SendSec : 49801.445 	 SendDropSec : 0.000
Total Time : 5222.459 	 TPS : 403.946 	 RecvSec : 117.984 	 SendSec : 117866.194 	 SendDropSec : 0.000
Total Time : 5223.820 	 TPS : 246.302 	 RecvSec : 52.201 	 SendSec : 52149.209 	 SendDropSec : 0.000
Total Time : 5225.811 	 TPS : 120.996 	 RecvSec : 31.630 	 SendSec : 31598.055 	 SendDropSec : 0.000
Total Time : 5227.242 	 TPS : 164.244 	 RecvSec : 44.031 	 SendSec : 43987.323 	 SendDropSec : 0.000
Total Time : 5228.687 	 TPS : 340.572 	 RecvSec : 87.220 	 SendSec : 87132.472 	 SendDropSec : 0.000
Total Time : 5229.976 	 TPS : 198.611 	 RecvSec : 48.877 	 SendSec : 48827.930 	 SendDropSec : 0.000
Total Time : 5231.360 	 TPS : 354.764 	 RecvSec : 91.039 	 SendSec : 90948.213 	 SendDropSec : 0.000
Total Time : 5232.587 	 TPS : 196.395 	 RecvSec : 51.340 	 SendSec : 51288.399 	 SendDropSec : 0.000
Total Time : 5234.495 	 TPS : 263.594 	 RecvSec : 66.029 	 SendSec : 65963.453 	 SendDropSec : 0.000
Total Time : 5236.190 	 TPS : 136.264 	 RecvSec : 37.163 	 SendSec : 37125.807 	 SendDropSec : 0.000
Total Time : 5237.191 	 TPS : 327.858 	 RecvSec : 82.964 	 SendSec : 82881.170 	 SendDropSec : 0.000
Total Time : 5239.147 	 TPS : 219.787 	 RecvSec : 54.180 	 SendSec : 54125.867 	 SendDropSec : 0.000
Total Time : 5240.191 	 TPS : 226.985 	 RecvSec : 60.338 	 SendSec : 60277.422 	 SendDropSec : 0.000
Total Time : 5241.855 	 TPS : 148.491 	 RecvSec : 37.874 	 SendSec : 37836.289 	 SendDropSec : 0.000
Total Time : 5242.855 	 TPS : 310.795 	 RecvSec : 99.934 	 SendSec : 99834.050 	 SendDropSec : 0.000
Total Time : 5244.149 	 TPS : 108.271 	 RecvSec : 20.108 	 SendSec : 20087.442 	 SendDropSec : 0.000
Total Time : 5245.828 	 TPS : 142.906 	 RecvSec : 37.513 	 SendSec : 37475.251 	 SendDropSec : 0.000
Total Time : 5247.314 	 TPS : 161.475 	 RecvSec : 42.387 	 SendSec : 42344.706 	 SendDropSec : 0.000
Total Time : 5249.117 	 TPS : 127.573 	 RecvSec : 34.944 	 SendSec : 34909.087 	 SendDropSec : 0.000
Total Time : 5250.965 	 TPS : 273.290 	 RecvSec : 68.187 	 SendSec : 68119.011 	 SendDropSec : 0.000
Total Time : 5252.061 	 TPS : 230.024 	 RecvSec : 57.506 	 SendSec : 57448.439 	 SendDropSec : 0.000
Total Time : 5254.054 	 TPS : 128.952 	 RecvSec : 31.611 	 SendSec : 31579.131 	 SendDropSec : 0.000
Total Time : 5255.448 	 TPS : 169.256 	 RecvSec : 45.183 	 SendSec : 45137.465 	 SendDropSec : 0.000
Total Time : 5256.989 	 TPS : 170.602 	 RecvSec : 40.867 	 SendSec : 40825.871 	 SendDropSec : 0.000
Total Time : 5258.560 	 TPS : 148.978 	 RecvSec : 40.110 	 SendSec : 40069.477 	 SendDropSec : 0.000
Total Time : 5260.203 	 TPS : 151.529 	 RecvSec : 38.339 	 SendSec : 38300.294 	 SendDropSec : 0.000
Total Time : 5262.430 	 TPS : 224.971 	 RecvSec : 56.579 	 SendSec : 56522.842 	 SendDropSec : 0.000
Total Time : 5263.492 	 TPS : 215.774 	 RecvSec : 59.361 	 SendSec : 59302.023 	 SendDropSec : 0.000
Total Time : 5265.094 	 TPS : 149.824 	 RecvSec : 39.329 	 SendSec : 39289.384 	 SendDropSec : 0.000
Total Time : 5266.494 	 TPS : 184.974 	 RecvSec : 44.994 	 SendSec : 44948.755 	 SendDropSec : 0.000
Total Time : 5267.951 	 TPS : 168.144 	 RecvSec : 43.237 	 SendSec : 43193.729 	 SendDropSec : 0.000
Total Time : 5269.161 	 TPS : 195.816 	 RecvSec : 52.052 	 SendSec : 52000.409 	 SendDropSec : 0.000
Total Time : 5270.254 	 TPS : 232.394 	 RecvSec : 57.641 	 SendSec : 57583.497 	 SendDropSec : 0.000
Total Time : 5272.048 	 TPS : 133.810 	 RecvSec : 35.125 	 SendSec : 35090.012 	 SendDropSec : 0.000
Total Time : 5273.538 	 TPS : 161.734 	 RecvSec : 42.279 	 SendSec : 42236.649 	 SendDropSec : 0.000
Total Time : 5275.314 	 TPS : 133.974 	 RecvSec : 35.464 	 SendSec : 35428.254 	 SendDropSec : 0.000
Total Time : 5277.524 	 TPS : 212.278 	 RecvSec : 57.030 	 SendSec : 56972.877 	 SendDropSec : 0.000
Total Time : 5279.330 	 TPS : 126.219 	 RecvSec : 34.876 	 SendSec : 34841.336 	 SendDropSec : 0.000
Total Time : 5280.504 	 TPS : 207.053 	 RecvSec : 53.680 	 SendSec : 53626.702 	 SendDropSec : 0.000
Total Time : 5281.904 	 TPS : 336.991 	 RecvSec : 89.960 	 SendSec : 89869.552 	 SendDropSec : 0.000
Total Time : 5283.241 	 TPS : 188.579 	 RecvSec : 47.145 	 SendSec : 47097.562 	 SendDropSec : 0.000
Total Time : 5284.844 	 TPS : 154.074 	 RecvSec : 39.298 	 SendSec : 39258.862 	 SendDropSec : 0.000
Total Time : 5285.851 	 TPS : 232.300 	 RecvSec : 62.542 	 SendSec : 62479.829 	 SendDropSec : 0.000
Total Time : 5286.851 	 TPS : 479.902 	 RecvSec : 124.974 	 SendSec : 124849.381 	 SendDropSec : 0.000
Total Time : 5288.124 	 TPS : 10.211 	 RecvSec : 0.785 	 SendSec : 784.657 	 SendDropSec : 0.000
Total Time : 5289.633 	 TPS : 159.740 	 RecvSec : 41.758 	 SendSec : 41715.884 	 SendDropSec : 0.000
Total Time : 5290.792 	 TPS : 197.664 	 RecvSec : 54.379 	 SendSec : 54324.685 	 SendDropSec : 0.000
Total Time : 5292.124 	 TPS : 175.662 	 RecvSec : 47.294 	 SendSec : 47246.258 	 SendDropSec : 0.000
Total Time : 5294.787 	 TPS : 177.204 	 RecvSec : 47.304 	 SendSec : 47257.073 	 SendDropSec : 0.000
Total Time : 5296.586 	 TPS : 277.383 	 RecvSec : 70.041 	 SendSec : 69970.540 	 SendDropSec : 0.000
Total Time : 5298.469 	 TPS : 122.171 	 RecvSec : 33.464 	 SendSec : 33430.728 	 SendDropSec : 0.000
Total Time : 5300.410 	 TPS : 122.124 	 RecvSec : 32.463 	 SendSec : 32430.836 	 SendDropSec : 0.000
Total Time : 5301.410 	 TPS : 277.919 	 RecvSec : 77.977 	 SendSec : 77899.355 	 SendDropSec : 0.000
Total Time : 5303.293 	 TPS : 88.697 	 RecvSec : 25.494 	 SendSec : 25468.386 	 SendDropSec : 0.000
Total Time : 5304.776 	 TPS : 310.050 	 RecvSec : 84.927 	 SendSec : 84841.817 	 SendDropSec : 0.000
Total Time : 5306.430 	 TPS : 148.748 	 RecvSec : 38.094 	 SendSec : 38055.854 	 SendDropSec : 0.000
Total Time : 5307.541 	 TPS : 224.038 	 RecvSec : 56.684 	 SendSec : 56627.731 	 SendDropSec : 0.000
Total Time : 5309.721 	 TPS : 221.586 	 RecvSec : 57.805 	 SendSec : 57747.328 	 SendDropSec : 0.000
Total Time : 5311.054 	 TPS : 165.814 	 RecvSec : 47.268 	 SendSec : 47220.927 	 SendDropSec : 0.000
Total Time : 5312.473 	 TPS : 176.876 	 RecvSec : 44.395 	 SendSec : 44350.859 	 SendDropSec : 0.000
Total Time : 5313.855 	 TPS : 157.729 	 RecvSec : 45.582 	 SendSec : 45536.560 	 SendDropSec : 0.000
Total Time : 5315.697 	 TPS : 260.656 	 RecvSec : 68.422 	 SendSec : 68353.803 	 SendDropSec : 0.000
Total Time : 5317.563 	 TPS : 129.155 	 RecvSec : 33.762 	 SendSec : 33728.731 	 SendDropSec : 0.000
Total Time : 5318.563 	 TPS : 275.932 	 RecvSec : 79.980 	 SendSec : 79900.305 	 SendDropSec : 0.000
Total Time : 5319.597 	 TPS : 147.925 	 RecvSec : 44.474 	 SendSec : 44429.615 	 SendDropSec : 0.000
Total Time : 5321.386 	 TPS : 135.851 	 RecvSec : 35.221 	 SendSec : 35185.338 	 SendDropSec : 0.000
Total Time : 5323.677 	 TPS : 211.239 	 RecvSec : 54.992 	 SendSec : 54937.017 	 SendDropSec : 0.000
Total Time : 5324.679 	 TPS : 250.582 	 RecvSec : 66.888 	 SendSec : 66821.482 	 SendDropSec : 0.000
Total Time : 5326.121 	 TPS : 315.542 	 RecvSec : 84.607 	 SendSec : 84522.203 	 SendDropSec : 0.000
Total Time : 5327.153 	 TPS : 274.204 	 RecvSec : 61.042 	 SendSec : 60980.886 	 SendDropSec : 0.000
Total Time : 5328.153 	 TPS : 364.974 	 RecvSec : 111.992 	 SendSec : 111879.967 	 SendDropSec : 0.000
Total Time : 5329.160 	 TPS : 297.873 	 RecvSec : 70.497 	 SendSec : 70426.080 	 SendDropSec : 0.000
Total Time : 5330.317 	 TPS : 44.946 	 RecvSec : 5.186 	 SendSec : 5180.888 	 SendDropSec : 0.000
Total Time : 5332.343 	 TPS : 224.071 	 RecvSec : 62.187 	 SendSec : 62125.038 	 SendDropSec : 0.000
Total Time : 5333.367 	 TPS : 217.774 	 RecvSec : 61.524 	 SendSec : 61462.196 	 SendDropSec : 0.000
Total Time : 5335.815 	 TPS : 189.549 	 RecvSec : 51.472 	 SendSec : 51420.951 	 SendDropSec : 0.000
Total Time : 5336.959 	 TPS : 393.372 	 RecvSec : 110.144 	 SendSec : 110034.087 	 SendDropSec : 0.000
Total Time : 5338.566 	 TPS : 278.251 	 RecvSec : 78.433 	 SendSec : 78354.707 	 SendDropSec : 0.000
Total Time : 5339.566 	 TPS : 350.704 	 RecvSec : 113.904 	 SendSec : 113790.007 	 SendDropSec : 0.000
Total Time : 5340.587 	 TPS : 308.725 	 RecvSec : 67.625 	 SendSec : 67557.780 	 SendDropSec : 0.000
Total Time : 5341.946 	 TPS : 26.488 	 RecvSec : 4.415 	 SendSec : 4410.251 	 SendDropSec : 0.000
Total Time : 5343.615 	 TPS : 134.830 	 RecvSec : 37.752 	 SendSec : 37714.656 	 SendDropSec : 0.000
Total Time : 5344.615 	 TPS : 246.819 	 RecvSec : 75.944 	 SendSec : 75868.343 	 SendDropSec : 0.000
Total Time : 5345.698 	 TPS : 181.954 	 RecvSec : 46.181 	 SendSec : 46135.141 	 SendDropSec : 0.000
Total Time : 5347.039 	 TPS : 182.731 	 RecvSec : 46.988 	 SendSec : 46941.042 	 SendDropSec : 0.000
Total Time : 5348.493 	 TPS : 330.063 	 RecvSec : 86.641 	 SendSec : 86554.784 	 SendDropSec : 0.000
Total Time : 5349.670 	 TPS : 200.482 	 RecvSec : 53.518 	 SendSec : 53464.960 	 SendDropSec : 0.000
Total Time : 5351.078 	 TPS : 158.465 	 RecvSec : 44.768 	 SendSec : 44723.247 	 SendDropSec : 0.000
Total Time : 5352.327 	 TPS : 180.042 	 RecvSec : 50.412 	 SendSec : 50361.356 	 SendDropSec : 0.000
Total Time : 5353.384 	 TPS : 209.990 	 RecvSec : 59.592 	 SendSec : 59532.064 	 SendDropSec : 0.000
Total Time : 5354.951 	 TPS : 154.516 	 RecvSec : 40.225 	 SendSec : 40184.887 	 SendDropSec : 0.000
Total Time : 5356.971 	 TPS : 236.117 	 RecvSec : 62.371 	 SendSec : 62308.281 	 SendDropSec : 0.000
Total Time : 5358.631 	 TPS : 149.968 	 RecvSec : 37.944 	 SendSec : 37905.658 	 SendDropSec : 0.000
Total Time : 5360.673 	 TPS : 224.805 	 RecvSec : 61.711 	 SendSec : 61649.533 	 SendDropSec : 0.000
Total Time : 5362.008 	 TPS : 172.282 	 RecvSec : 47.190 	 SendSec : 47143.029 	 SendDropSec : 0.000
Total Time : 5363.506 	 TPS : 166.178 	 RecvSec : 42.045 	 SendSec : 42002.977 	 SendDropSec : 0.000
Total Time : 5365.074 	 TPS : 311.318 	 RecvSec : 80.381 	 SendSec : 80300.999 	 SendDropSec : 0.000
Total Time : 5367.385 	 TPS : 204.654 	 RecvSec : 54.517 	 SendSec : 54462.082 	 SendDropSec : 0.000
Total Time : 5368.392 	 TPS : 432.926 	 RecvSec : 119.154 	 SendSec : 119034.900 	 SendDropSec : 0.000
Total Time : 5369.678 	 TPS : 35.000 	 RecvSec : 4.667 	 SendSec : 4661.987 	 SendDropSec : 0.000
Total Time : 5370.678 	 TPS : 442.960 	 RecvSec : 124.989 	 SendSec : 124863.762 	 SendDropSec : 0.000
Total Time : 5371.994 	 TPS : 8.360 	 RecvSec : 0.760 	 SendSec : 759.196 	 SendDropSec : 0.000
Total Time : 5373.613 	 TPS : 146.410 	 RecvSec : 38.919 	 SendSec : 38880.216 	 SendDropSec : 0.000
Total Time : 5375.319 	 TPS : 134.226 	 RecvSec : 36.927 	 SendSec : 36889.905 	 SendDropSec : 0.000
Total Time : 5376.632 	 TPS : 178.974 	 RecvSec : 47.980 	 SendSec : 47932.203 	 SendDropSec : 0.000
Total Time : 5378.371 	 TPS : 270.301 	 RecvSec : 72.464 	 SendSec : 72391.192 	 SendDropSec : 0.000
Total Time : 5379.487 	 TPS : 205.979 	 RecvSec : 56.420 	 SendSec : 56363.979 	 SendDropSec : 0.000
Total Time : 5380.500 	 TPS : 434.503 	 RecvSec : 118.501 	 SendSec : 118382.193 	 SendDropSec : 0.000
Total Time : 5381.908 	 TPS : 27.688 	 RecvSec : 4.260 	 SendSec : 4255.399 	 SendDropSec : 0.000
Total Time : 5383.069 	 TPS : 189.557 	 RecvSec : 54.282 	 SendSec : 54228.032 	 SendDropSec : 0.000
Total Time : 5384.906 	 TPS : 116.521 	 RecvSec : 34.303 	 SendSec : 34268.678 	 SendDropSec : 0.000
Total Time : 5386.014 	 TPS : 223.675 	 RecvSec : 56.821 	 SendSec : 56763.913 	 SendDropSec : 0.000
Total Time : 5387.015 	 TPS : 420.826 	 RecvSec : 121.950 	 SendSec : 121827.600 	 SendDropSec : 0.000
Total Time : 5388.414 	 TPS : 45.023 	 RecvSec : 2.859 	 SendSec : 2855.731 	 SendDropSec : 0.000
Total Time : 5389.626 	 TPS : 186.489 	 RecvSec : 51.986 	 SendSec : 51933.857 	 SendDropSec : 0.000
Total Time : 5391.340 	 TPS : 271.337 	 RecvSec : 73.524 	 SendSec : 73450.027 	 SendDropSec : 0.000
Total Time : 5393.299 	 TPS : 121.462 	 RecvSec : 32.152 	 SendSec : 32119.534 	 SendDropSec : 0.000
Total Time : 5394.944 	 TPS : 288.135 	 RecvSec : 76.593 	 SendSec : 76516.163 	 SendDropSec : 0.000
Total Time : 5397.246 	 TPS : 203.774 	 RecvSec : 54.745 	 SendSec : 54690.534 	 SendDropSec : 0.000
Total Time : 5398.458 	 TPS : 386.841 	 RecvSec : 103.928 	 SendSec : 103823.610 	 SendDropSec : 0.000
Total Time : 5400.179 	 TPS : 135.370 	 RecvSec : 36.602 	 SendSec : 36565.647 	 SendDropSec : 0.000
Total Time : 5402.424 	 TPS : 209.842 	 RecvSec : 56.136 	 SendSec : 56079.920 	 SendDropSec : 0.000
Total Time : 5403.990 	 TPS : 161.490 	 RecvSec : 40.213 	 SendSec : 40172.663 	 SendDropSec : 0.000
Total Time : 5405.422 	 TPS : 166.257 	 RecvSec : 44.009 	 SendSec : 43965.116 	 SendDropSec : 0.000
Total Time : 5407.179 	 TPS : 138.334 	 RecvSec : 35.864 	 SendSec : 35828.462 	 SendDropSec : 0.000
Total Time : 5408.244 	 TPS : 204.608 	 RecvSec : 59.130 	 SendSec : 59070.810 	 SendDropSec : 0.000
Total Time : 5409.250 	 TPS : 464.337 	 RecvSec : 124.287 	 SendSec : 124163.000 	 SendDropSec : 0.000
Total Time : 5410.995 	 TPS : 9.742 	 RecvSec : 0.573 	 SendSec : 572.506 	 SendDropSec : 0.000
Total Time : 5412.899 	 TPS : 135.511 	 RecvSec : 33.090 	 SendSec : 33056.864 	 SendDropSec : 0.000
Total Time : 5414.858 	 TPS : 124.028 	 RecvSec : 32.155 	 SendSec : 32123.333 	 SendDropSec : 0.000
Total Time : 5415.858 	 TPS : 306.993 	 RecvSec : 82.998 	 SendSec : 82915.076 	 SendDropSec : 0.000
Total Time : 5417.490 	 TPS : 240.247 	 RecvSec : 64.965 	 SendSec : 64899.769 	 SendDropSec : 0.000
Total Time : 5418.720 	 TPS : 187.691 	 RecvSec : 51.189 	 SendSec : 51137.332 	 SendDropSec : 0.000
Total Time : 5419.770 	 TPS : 227.693 	 RecvSec : 60.020 	 SendSec : 59959.495 	 SendDropSec : 0.000
Total Time : 5421.172 	 TPS : 176.212 	 RecvSec : 44.945 	 SendSec : 44899.831 	 SendDropSec : 0.000
Total Time : 5422.220 	 TPS : 225.088 	 RecvSec : 60.087 	 SendSec : 60027.022 	 SendDropSec : 0.000
Total Time : 5423.796 	 TPS : 143.425 	 RecvSec : 39.981 	 SendSec : 39941.201 	 SendDropSec : 0.000
Total Time : 5425.004 	 TPS : 189.534 	 RecvSec : 52.143 	 SendSec : 52090.364 	 SendDropSec : 0.000
Total Time : 5426.668 	 TPS : 113.622 	 RecvSec : 37.874 	 SendSec : 37836.170 	 SendDropSec : 0.000
Total Time : 5429.279 	 TPS : 176.549 	 RecvSec : 48.254 	 SendSec : 48205.901 	 SendDropSec : 0.000
Total Time : 5430.656 	 TPS : 164.111 	 RecvSec : 45.748 	 SendSec : 45702.036 	 SendDropSec : 0.000
Total Time : 5432.537 	 TPS : 124.931 	 RecvSec : 33.492 	 SendSec : 33458.661 	 SendDropSec : 0.000
Total Time : 5434.205 	 TPS : 137.896 	 RecvSec : 37.771 	 SendSec : 37733.709 	 SendDropSec : 0.000
Total Time : 5435.205 	 TPS : 325.922 	 RecvSec : 106.974 	 SendSec : 106867.427 	 SendDropSec : 0.000
Total Time : 5437.353 	 TPS : 163.373 	 RecvSec : 38.167 	 SendSec : 38128.726 	 SendDropSec : 0.000
Total Time : 5438.894 	 TPS : 142.801 	 RecvSec : 40.893 	 SendSec : 40852.088 	 SendDropSec : 0.000
Total Time : 5440.669 	 TPS : 132.968 	 RecvSec : 35.496 	 SendSec : 35460.090 	 SendDropSec : 0.000
Total Time : 5442.357 	 TPS : 125.595 	 RecvSec : 37.323 	 SendSec : 37285.854 	 SendDropSec : 0.000
Total Time : 5444.081 	 TPS : 135.109 	 RecvSec : 36.532 	 SendSec : 36495.104 	 SendDropSec : 0.000
Total Time : 5445.262 	 TPS : 370.088 	 RecvSec : 106.707 	 SendSec : 106600.547 	 SendDropSec : 0.000
Total Time : 5447.154 	 TPS : 122.650 	 RecvSec : 33.306 	 SendSec : 33272.474 	 SendDropSec : 0.000
Total Time : 5448.830 	 TPS : 144.393 	 RecvSec : 37.590 	 SendSec : 37552.351 	 SendDropSec : 0.000
Total Time : 5450.536 	 TPS : 155.883 	 RecvSec : 36.920 	 SendSec : 36882.715 	 SendDropSec : 0.000
Total Time : 5452.365 	 TPS : 120.277 	 RecvSec : 33.896 	 SendSec : 33862.426 	 SendDropSec : 0.000
Total Time : 5453.466 	 TPS : 230.829 	 RecvSec : 58.162 	 SendSec : 58103.459 	 SendDropSec : 0.000
Total Time : 5454.570 	 TPS : 221.030 	 RecvSec : 57.069 	 SendSec : 57012.082 	 SendDropSec : 0.000
Total Time : 5455.687 	 TPS : 202.248 	 RecvSec : 56.379 	 SendSec : 56322.563 	 SendDropSec : 0.000
Total Time : 5457.055 	 TPS : 177.654 	 RecvSec : 46.059 	 SendSec : 46012.502 	 SendDropSec : 0.000
Total Time : 5458.749 	 TPS : 134.623 	 RecvSec : 37.199 	 SendSec : 37161.389 	 SendDropSec : 0.000
Total Time : 5459.854 	 TPS : 218.875 	 RecvSec : 56.980 	 SendSec : 56922.933 	 SendDropSec : 0.000
Total Time : 5461.703 	 TPS : 115.724 	 RecvSec : 34.068 	 SendSec : 34034.068 	 SendDropSec : 0.000
Total Time : 5462.771 	 TPS : 211.655 	 RecvSec : 59.001 	 SendSec : 58942.055 	 SendDropSec : 0.000
Total Time : 5464.180 	 TPS : 151.894 	 RecvSec : 44.717 	 SendSec : 44671.851 	 SendDropSec : 0.000
Total Time : 5465.180 	 TPS : 251.911 	 RecvSec : 74.974 	 SendSec : 74898.673 	 SendDropSec : 0.000
Total Time : 5466.181 	 TPS : 219.905 	 RecvSec : 50.978 	 SendSec : 50926.989 	 SendDropSec : 0.000
Total Time : 5467.185 	 TPS : 366.568 	 RecvSec : 115.549 	 SendSec : 115433.176 	 SendDropSec : 0.000
Total Time : 5468.786 	 TPS : 51.834 	 RecvSec : 6.245 	 SendSec : 6238.805 	 SendDropSec : 0.000
Total Time : 5470.328 	 TPS : 145.221 	 RecvSec : 40.843 	 SendSec : 40802.508 	 SendDropSec : 0.000
Total Time : 5471.606 	 TPS : 189.467 	 RecvSec : 49.324 	 SendSec : 49274.648 	 SendDropSec : 0.000
Total Time : 5472.739 	 TPS : 187.981 	 RecvSec : 55.600 	 SendSec : 55544.519 	 SendDropSec : 0.000
Total Time : 5474.018 	 TPS : 190.694 	 RecvSec : 49.237 	 SendSec : 49187.435 	 SendDropSec : 0.000
Total Time : 5475.019 	 TPS : 438.727 	 RecvSec : 118.926 	 SendSec : 118807.090 	 SendDropSec : 0.000
Total Time : 5476.019 	 TPS : 227.911 	 RecvSec : 61.976 	 SendSec : 61913.711 	 SendDropSec : 0.000
Total Time : 5478.566 	 TPS : 117.786 	 RecvSec : 27.876 	 SendSec : 27848.245 	 SendDropSec : 0.000
Total Time : 5479.568 	 TPS : 436.171 	 RecvSec : 124.763 	 SendSec : 124638.212 	 SendDropSec : 0.000
Total Time : 5480.691 	 TPS : 15.146 	 RecvSec : 0.891 	 SendSec : 890.077 	 SendDropSec : 0.000
Total Time : 5482.681 	 TPS : 116.084 	 RecvSec : 31.659 	 SendSec : 31627.550 	 SendDropSec : 0.000
Total Time : 5483.708 	 TPS : 229.675 	 RecvSec : 61.312 	 SendSec : 61250.230 	 SendDropSec : 0.000
Total Time : 5484.819 	 TPS : 216.936 	 RecvSec : 56.709 	 SendSec : 56652.647 	 SendDropSec : 0.000
Total Time : 5485.820 	 TPS : 357.778 	 RecvSec : 116.928 	 SendSec : 116810.612 	 SendDropSec : 0.000
Total Time : 5487.321 	 TPS : 47.946 	 RecvSec : 5.993 	 SendSec : 5987.257 	 SendDropSec : 0.000
Total Time : 5489.043 	 TPS : 132.463 	 RecvSec : 36.602 	 SendSec : 36565.148 	 SendDropSec : 0.000
Total Time : 5490.358 	 TPS : 172.538 	 RecvSec : 47.885 	 SendSec : 47837.245 	 SendDropSec : 0.000
Total Time : 5491.358 	 TPS : 334.922 	 RecvSec : 109.974 	 SendSec : 109864.457 	 SendDropSec : 0.000
Total Time : 5492.621 	 TPS : 89.499 	 RecvSec : 12.672 	 SendSec : 12659.733 	 SendDropSec : 0.000
Total Time : 5493.677 	 TPS : 217.805 	 RecvSec : 59.660 	 SendSec : 59599.866 	 SendDropSec : 0.000
Total Time : 5495.255 	 TPS : 143.894 	 RecvSec : 39.935 	 SendSec : 39895.418 	 SendDropSec : 0.000
Total Time : 5497.030 	 TPS : 134.061 	 RecvSec : 35.487 	 SendSec : 35451.227 	 SendDropSec : 0.000
Total Time : 5498.031 	 TPS : 247.839 	 RecvSec : 74.951 	 SendSec : 74876.390 	 SendDropSec : 0.000
Total Time : 5499.557 	 TPS : 136.955 	 RecvSec : 33.420 	 SendSec : 33386.300 	 SendDropSec : 0.000
Total Time : 5501.114 	 TPS : 288.880 	 RecvSec : 80.886 	 SendSec : 80805.593 	 SendDropSec : 0.000
Total Time : 5502.118 	 TPS : 403.353 	 RecvSec : 118.516 	 SendSec : 118397.583 	 SendDropSec : 0.000
Total Time : 5503.119 	 TPS : 231.857 	 RecvSec : 61.962 	 SendSec : 61899.715 	 SendDropSec : 0.000
Total Time : 5504.129 	 TPS : 117.877 	 RecvSec : 27.736 	 SendSec : 27707.995 	 SendDropSec : 0.000
Total Time : 5505.981 	 TPS : 82.594 	 RecvSec : 23.213 	 SendSec : 23189.529 	 SendDropSec : 0.000
Total Time : 5507.522 	 TPS : 147.349 	 RecvSec : 40.894 	 SendSec : 40853.302 	 SendDropSec : 0.000
Total Time : 5509.028 	 TPS : 297.450 	 RecvSec : 83.658 	 SendSec : 83574.071 	 SendDropSec : 0.000
Total Time : 5510.920 	 TPS : 119.422 	 RecvSec : 33.290 	 SendSec : 33256.872 	 SendDropSec : 0.000
Total Time : 5512.681 	 TPS : 126.106 	 RecvSec : 35.787 	 SendSec : 35751.065 	 SendDropSec : 0.000
Total Time : 5513.681 	 TPS : 387.981 	 RecvSec : 117.994 	 SendSec : 117876.248 	 SendDropSec : 0.000
Total Time : 5514.698 	 TPS : 60.952 	 RecvSec : 7.865 	 SendSec : 7856.919 	 SendDropSec : 0.000
Total Time : 5516.405 	 TPS : 124.742 	 RecvSec : 36.895 	 SendSec : 36858.533 	 SendDropSec : 0.000
Total Time : 5517.405 	 TPS : 351.991 	 RecvSec : 111.997 	 SendSec : 111885.225 	 SendDropSec : 0.000
Total Time : 5518.638 	 TPS : 64.894 	 RecvSec : 11.356 	 SendSec : 11345.042 	 SendDropSec : 0.000
Total Time : 5519.639 	 TPS : 257.797 	 RecvSec : 79.937 	 SendSec : 79857.248 	 SendDropSec : 0.000
Total Time : 5520.755 	 TPS : 347.670 	 RecvSec : 97.670 	 SendSec : 97572.598 	 SendDropSec : 0.000
Total Time : 5521.965 	 TPS : 187.571 	 RecvSec : 52.057 	 SendSec : 52005.063 	 SendDropSec : 0.000
Total Time : 5523.530 	 TPS : 123.957 	 RecvSec : 40.254 	 SendSec : 40213.765 	 SendDropSec : 0.000
Total Time : 5524.531 	 TPS : 291.823 	 RecvSec : 95.942 	 SendSec : 95845.869 	 SendDropSec : 0.000
Total Time : 5525.895 	 TPS : 91.619 	 RecvSec : 21.989 	 SendSec : 21966.628 	 SendDropSec : 0.000
Total Time : 5527.549 	 TPS : 124.540 	 RecvSec : 38.087 	 SendSec : 38049.375 	 SendDropSec : 0.000
Total Time : 5529.621 	 TPS : 210.405 	 RecvSec : 60.805 	 SendSec : 60744.345 	 SendDropSec : 0.000
Total Time : 5530.893 	 TPS : 171.506 	 RecvSec : 49.564 	 SendSec : 49514.196 	 SendDropSec : 0.000
Total Time : 5532.672 	 TPS : 129.840 	 RecvSec : 35.411 	 SendSec : 35375.485 	 SendDropSec : 0.000
Total Time : 5534.359 	 TPS : 136.898 	 RecvSec : 37.336 	 SendSec : 37298.531 	 SendDropSec : 0.000
Total Time : 5536.332 	 TPS : 236.172 	 RecvSec : 63.858 	 SendSec : 63793.857 	 SendDropSec : 0.000
Total Time : 5537.918 	 TPS : 288.848 	 RecvSec : 79.465 	 SendSec : 79385.396 	 SendDropSec : 0.000
Total Time : 5539.419 	 TPS : 147.164 	 RecvSec : 41.952 	 SendSec : 41909.910 	 SendDropSec : 0.000
Total Time : 5541.039 	 TPS : 133.988 	 RecvSec : 38.900 	 SendSec : 38860.814 	 SendDropSec : 0.000
Total Time : 5542.652 	 TPS : 137.596 	 RecvSec : 39.048 	 SendSec : 39008.502 	 SendDropSec : 0.000
Total Time : 5543.653 	 TPS : 320.901 	 RecvSec : 91.972 	 SendSec : 91879.628 	 SendDropSec : 0.000
Total Time : 5544.846 	 TPS : 112.277 	 RecvSec : 28.488 	 SendSec : 28459.612 	 SendDropSec : 0.000
Total Time : 5546.153 	 TPS : 314.430 	 RecvSec : 96.395 	 SendSec : 96298.321 	 SendDropSec : 0.000
Total Time : 5547.949 	 TPS : 121.945 	 RecvSec : 35.080 	 SendSec : 35044.879 	 SendDropSec : 0.000
Total Time : 5549.594 	 TPS : 141.630 	 RecvSec : 38.295 	 SendSec : 38256.433 	 SendDropSec : 0.000
Total Time : 5550.841 	 TPS : 170.922 	 RecvSec : 50.554 	 SendSec : 50503.798 	 SendDropSec : 0.000
Total Time : 5552.464 	 TPS : 129.330 	 RecvSec : 38.799 	 SendSec : 38760.258 	 SendDropSec : 0.000
Total Time : 5553.989 	 TPS : 151.514 	 RecvSec : 41.322 	 SendSec : 41280.550 	 SendDropSec : 0.000
Total Time : 5555.283 	 TPS : 170.017 	 RecvSec : 48.687 	 SendSec : 48637.870 	 SendDropSec : 0.000
Total Time : 5557.786 	 TPS : 172.970 	 RecvSec : 50.333 	 SendSec : 50282.738 	 SendDropSec : 0.000
Total Time : 5559.142 	 TPS : 155.598 	 RecvSec : 46.458 	 SendSec : 46411.821 	 SendDropSec : 0.000
Total Time : 5560.372 	 TPS : 184.567 	 RecvSec : 51.224 	 SendSec : 51172.307 	 SendDropSec : 0.000
Total Time : 5561.407 	 TPS : 210.745 	 RecvSec : 60.903 	 SendSec : 60842.397 	 SendDropSec : 0.000
Total Time : 5563.735 	 TPS : 194.127 	 RecvSec : 54.115 	 SendSec : 54060.965 	 SendDropSec : 0.000
Total Time : 5564.736 	 TPS : 429.748 	 RecvSec : 124.927 	 SendSec : 124801.779 	 SendDropSec : 0.000
Total Time : 5566.869 	 TPS : 111.073 	 RecvSec : 29.994 	 SendSec : 29964.466 	 SendDropSec : 0.000
Total Time : 5568.102 	 TPS : 359.315 	 RecvSec : 102.198 	 SendSec : 102095.838 	 SendDropSec : 0.000
Total Time : 5569.483 	 TPS : 155.703 	 RecvSec : 45.625 	 SendSec : 45579.108 	 SendDropSec : 0.000
Total Time : 5570.951 	 TPS : 301.185 	 RecvSec : 85.858 	 SendSec : 85772.243 	 SendDropSec : 0.000
Total Time : 5572.264 	 TPS : 163.696 	 RecvSec : 47.967 	 SendSec : 47918.722 	 SendDropSec : 0.000
Total Time : 5573.948 	 TPS : 140.157 	 RecvSec : 37.415 	 SendSec : 37377.362 	 SendDropSec : 0.000
Total Time : 5575.607 	 TPS : 131.965 	 RecvSec : 37.963 	 SendSec : 37924.607 	 SendDropSec : 0.000
Total Time : 5577.495 	 TPS : 114.435 	 RecvSec : 33.377 	 SendSec : 33343.594 	 SendDropSec : 0.000
Total Time : 5579.532 	 TPS : 232.208 	 RecvSec : 61.857 	 SendSec : 61794.928 	 SendDropSec : 0.000
Total Time : 5581.302 	 TPS : 262.624 	 RecvSec : 71.163 	 SendSec : 71091.557 	 SendDropSec : 0.000
Total Time : 5583.194 	 TPS : 124.754 	 RecvSec : 33.303 	 SendSec : 33269.626 	 SendDropSec : 0.000
Total Time : 5584.972 	 TPS : 131.071 	 RecvSec : 35.440 	 SendSec : 35404.406 	 SendDropSec : 0.000
Total Time : 5586.067 	 TPS : 221.059 	 RecvSec : 57.548 	 SendSec : 57490.925 	 SendDropSec : 0.000
Total Time : 5587.504 	 TPS : 166.328 	 RecvSec : 43.844 	 SendSec : 43799.942 	 SendDropSec : 0.000
Total Time : 5588.504 	 TPS : 328.799 	 RecvSec : 92.943 	 SendSec : 92850.371 	 SendDropSec : 0.000
Total Time : 5590.317 	 TPS : 80.514 	 RecvSec : 18.198 	 SendSec : 18180.191 	 SendDropSec : 0.000
Total Time : 5592.014 	 TPS : 133.228 	 RecvSec : 37.139 	 SendSec : 37101.723 	 SendDropSec : 0.000
Total Time : 5593.382 	 TPS : 177.648 	 RecvSec : 46.057 	 SendSec : 46010.763 	 SendDropSec : 0.000
Total Time : 5594.857 	 TPS : 147.722 	 RecvSec : 42.690 	 SendSec : 42647.470 	 SendDropSec : 0.000
Total Time : 5596.542 	 TPS : 143.037 	 RecvSec : 37.392 	 SendSec : 37354.149 	 SendDropSec : 0.000
Total Time : 5598.524 	 TPS : 245.240 	 RecvSec : 63.581 	 SendSec : 63517.140 	 SendDropSec : 0.000
Total Time : 5600.152 	 TPS : 142.540 	 RecvSec : 38.707 	 SendSec : 38668.202 	 SendDropSec : 0.000
Total Time : 5602.748 	 TPS : 187.174 	 RecvSec : 48.527 	 SendSec : 48477.981 	 SendDropSec : 0.000
Total Time : 5604.085 	 TPS : 184.045 	 RecvSec : 47.133 	 SendSec : 47086.276 	 SendDropSec : 0.000
Total Time : 5605.833 	 TPS : 276.818 	 RecvSec : 72.064 	 SendSec : 71992.114 	 SendDropSec : 0.000
Total Time : 5607.608 	 TPS : 123.961 	 RecvSec : 35.498 	 SendSec : 35462.487 	 SendDropSec : 0.000
Total Time : 5609.076 	 TPS : 153.287 	 RecvSec : 42.920 	 SendSec : 42877.304 	 SendDropSec : 0.000
Total Time : 5611.715 	 TPS : 172.026 	 RecvSec : 47.743 	 SendSec : 47695.077 	 SendDropSec : 0.000
Total Time : 5613.144 	 TPS : 157.490 	 RecvSec : 44.097 	 SendSec : 44053.061 	 SendDropSec : 0.000
Total Time : 5615.040 	 TPS : 127.634 	 RecvSec : 33.227 	 SendSec : 33193.866 	 SendDropSec : 0.000
Total Time : 5616.040 	 TPS : 401.988 	 RecvSec : 116.997 	 SendSec : 116879.529 	 SendDropSec : 0.000
Total Time : 5617.040 	 TPS : 189.981 	 RecvSec : 38.996 	 SendSec : 38957.182 	 SendDropSec : 0.000
Total Time : 5618.404 	 TPS : 93.796 	 RecvSec : 24.182 	 SendSec : 24157.559 	 SendDropSec : 0.000
Total Time : 5619.677 	 TPS : 185.480 	 RecvSec : 49.514 	 SendSec : 49464.175 	 SendDropSec : 0.000
Total Time : 5620.948 	 TPS : 181.670 	 RecvSec : 49.546 	 SendSec : 49496.884 	 SendDropSec : 0.000
Total Time : 5622.645 	 TPS : 122.612 	 RecvSec : 37.137 	 SendSec : 37100.295 	 SendDropSec : 0.000
Total Time : 5624.206 	 TPS : 146.023 	 RecvSec : 40.348 	 SendSec : 40308.013 	 SendDropSec : 0.000
Total Time : 5625.424 	 TPS : 197.098 	 RecvSec : 51.738 	 SendSec : 51686.464 	 SendDropSec : 0.000
Total Time : 5626.425 	 TPS : 462.668 	 RecvSec : 124.910 	 SendSec : 124785.429 	 SendDropSec : 0.000
Total Time : 5628.160 	 TPS : 5.761 	 RecvSec : 0.576 	 SendSec : 575.485 	 SendDropSec : 0.000
Total Time : 5629.240 	 TPS : 219.641 	 RecvSec : 58.386 	 SendSec : 58327.116 	 SendDropSec : 0.000
Total Time : 5630.512 	 TPS : 187.878 	 RecvSec : 49.524 	 SendSec : 49474.709 	 SendDropSec : 0.000
Total Time : 5633.149 	 TPS : 183.910 	 RecvSec : 47.779 	 SendSec : 47730.789 	 SendDropSec : 0.000
Total Time : 5634.758 	 TPS : 144.764 	 RecvSec : 39.142 	 SendSec : 39103.001 	 SendDropSec : 0.000
Total Time : 5636.755 	 TPS : 122.233 	 RecvSec : 31.560 	 SendSec : 31528.515 	 SendDropSec : 0.000
Total Time : 5637.833 	 TPS : 229.893 	 RecvSec : 58.400 	 SendSec : 58341.720 	 SendDropSec : 0.000
Total Time : 5639.788 	 TPS : 132.989 	 RecvSec : 32.224 	 SendSec : 32192.012 	 SendDropSec : 0.000
Total Time : 5640.890 	 TPS : 199.710 	 RecvSec : 57.190 	 SendSec : 57132.353 	 SendDropSec : 0.000
Total Time : 5642.885 	 TPS : 111.269 	 RecvSec : 31.576 	 SendSec : 31544.750 	 SendDropSec : 0.000
Total Time : 5643.885 	 TPS : 353.951 	 RecvSec : 95.987 	 SendSec : 95890.652 	 SendDropSec : 0.000
Total Time : 5645.143 	 TPS : 88.252 	 RecvSec : 23.852 	 SendSec : 23828.020 	 SendDropSec : 0.000
Total Time : 5647.025 	 TPS : 126.433 	 RecvSec : 33.468 	 SendSec : 33434.126 	 SendDropSec : 0.000
Total Time : 5649.513 	 TPS : 188.126 	 RecvSec : 50.649 	 SendSec : 50598.708 	 SendDropSec : 0.000
Total Time : 5650.981 	 TPS : 161.402 	 RecvSec : 42.904 	 SendSec : 42861.530 	 SendDropSec : 0.000
Total Time : 5652.055 	 TPS : 204.987 	 RecvSec : 58.701 	 SendSec : 58642.029 	 SendDropSec : 0.000
Total Time : 5653.192 	 TPS : 203.977 	 RecvSec : 55.390 	 SendSec : 55335.029 	 SendDropSec : 0.000
Total Time : 5654.210 	 TPS : 463.754 	 RecvSec : 117.903 	 SendSec : 117785.538 	 SendDropSec : 0.000
Total Time : 5655.442 	 TPS : 28.404 	 RecvSec : 4.869 	 SendSec : 4864.440 	 SendDropSec : 0.000
Total Time : 5656.443 	 TPS : 419.827 	 RecvSec : 118.951 	 SendSec : 118832.112 	 SendDropSec : 0.000
Total Time : 5657.679 	 TPS : 39.641 	 RecvSec : 4.854 	 SendSec : 4849.159 	 SendDropSec : 0.000
Total Time : 5659.254 	 TPS : 158.686 	 RecvSec : 40.624 	 SendSec : 40583.103 	 SendDropSec : 0.000
Total Time : 5660.646 	 TPS : 173.180 	 RecvSec : 45.271 	 SendSec : 45225.864 	 SendDropSec : 0.000
Total Time : 5662.136 	 TPS : 146.929 	 RecvSec : 42.267 	 SendSec : 42225.119 	 SendDropSec : 0.000
Total Time : 5663.842 	 TPS : 129.565 	 RecvSec : 36.935 	 SendSec : 36897.840 	 SendDropSec : 0.000
Total Time : 5665.050 	 TPS : 388.183 	 RecvSec : 104.288 	 SendSec : 104183.712 	 SendDropSec : 0.000
Total Time : 5666.848 	 TPS : 138.455 	 RecvSec : 35.031 	 SendSec : 34995.837 	 SendDropSec : 0.000
Total Time : 5668.724 	 TPS : 113.006 	 RecvSec : 33.582 	 SendSec : 33548.268 	 SendDropSec : 0.000
Total Time : 5670.649 	 TPS : 124.697 	 RecvSec : 32.733 	 SendSec : 32700.197 	 SendDropSec : 0.000
Total Time : 5672.201 	 TPS : 150.835 	 RecvSec : 40.610 	 SendSec : 40568.928 	 SendDropSec : 0.000
Total Time : 5673.639 	 TPS : 322.668 	 RecvSec : 87.621 	 SendSec : 87533.497 	 SendDropSec : 0.000
Total Time : 5676.027 	 TPS : 199.295 	 RecvSec : 52.754 	 SendSec : 52701.716 	 SendDropSec : 0.000
Total Time : 5677.383 	 TPS : 172.585 	 RecvSec : 46.465 	 SendSec : 46418.629 	 SendDropSec : 0.000
Total Time : 5678.610 	 TPS : 203.699 	 RecvSec : 51.332 	 SendSec : 51280.894 	 SendDropSec : 0.000
Total Time : 5680.411 	 TPS : 140.510 	 RecvSec : 34.989 	 SendSec : 34953.580 	 SendDropSec : 0.000
Total Time : 5682.380 	 TPS : 121.359 	 RecvSec : 31.990 	 SendSec : 31958.092 	 SendDropSec : 0.000
Total Time : 5683.780 	 TPS : 164.349 	 RecvSec : 45.017 	 SendSec : 44972.353 	 SendDropSec : 0.000
Total Time : 5685.139 	 TPS : 183.833 	 RecvSec : 46.326 	 SendSec : 46279.646 	 SendDropSec : 0.000
Total Time : 5686.595 	 TPS : 152.510 	 RecvSec : 43.280 	 SendSec : 43236.459 	 SendDropSec : 0.000
Total Time : 5687.602 	 TPS : 392.412 	 RecvSec : 118.220 	 SendSec : 118102.187 	 SendDropSec : 0.000
Total Time : 5688.819 	 TPS : 43.553 	 RecvSec : 5.752 	 SendSec : 5746.540 	 SendDropSec : 0.000
Total Time : 5689.819 	 TPS : 357.903 	 RecvSec : 95.974 	 SendSec : 95877.950 	 SendDropSec : 0.000
Total Time : 5690.968 	 TPS : 108.818 	 RecvSec : 26.116 	 SendSec : 26090.288 	 SendDropSec : 0.000
Total Time : 5692.600 	 TPS : 153.145 	 RecvSec : 38.593 	 SendSec : 38554.026 	 SendDropSec : 0.000
Total Time : 5693.602 	 TPS : 218.560 	 RecvSec : 62.873 	 SendSec : 62810.518 	 SendDropSec : 0.000
Total Time : 5694.686 	 TPS : 205.651 	 RecvSec : 58.099 	 SendSec : 58040.655 	 SendDropSec : 0.000
Total Time : 5695.761 	 TPS : 226.227 	 RecvSec : 58.651 	 SendSec : 58592.752 	 SendDropSec : 0.000
Total Time : 5697.354 	 TPS : 141.789 	 RecvSec : 39.525 	 SendSec : 39485.611 	 SendDropSec : 0.000
Total Time : 5698.355 	 TPS : 365.764 	 RecvSec : 89.942 	 SendSec : 89851.920 	 SendDropSec : 0.000
Total Time : 5700.046 	 TPS : 84.590 	 RecvSec : 21.295 	 SendSec : 21274.032 	 SendDropSec : 0.000
Total Time : 5701.714 	 TPS : 162.982 	 RecvSec : 37.749 	 SendSec : 37711.712 	 SendDropSec : 0.000
Total Time : 5702.715 	 TPS : 376.876 	 RecvSec : 97.968 	 SendSec : 97869.693 	 SendDropSec : 0.000
Total Time : 5704.220 	 TPS : 77.737 	 RecvSec : 18.604 	 SendSec : 18585.088 	 SendDropSec : 0.000
Total Time : 5705.220 	 TPS : 386.911 	 RecvSec : 96.978 	 SendSec : 96880.717 	 SendDropSec : 0.000
Total Time : 5706.370 	 TPS : 317.402 	 RecvSec : 80.003 	 SendSec : 79922.655 	 SendDropSec : 0.000
Total Time : 5707.988 	 TPS : 158.243 	 RecvSec : 38.943 	 SendSec : 38903.617 	 SendDropSec : 0.000
Total Time : 5708.988 	 TPS : 469.881 	 RecvSec : 123.969 	 SendSec : 123844.618 	 SendDropSec : 0.000
Total Time : 5710.184 	 TPS : 24.260 	 RecvSec : 1.673 	 SendSec : 1671.415 	 SendDropSec : 0.000
Total Time : 5711.185 	 TPS : 287.680 	 RecvSec : 75.916 	 SendSec : 75839.681 	 SendDropSec : 0.000
Total Time : 5713.059 	 TPS : 267.271 	 RecvSec : 60.283 	 SendSec : 60222.459 	 SendDropSec : 0.000
Total Time : 5714.060 	 TPS : 485.699 	 RecvSec : 123.923 	 SendSec : 123799.257 	 SendDropSec : 0.000
Total Time : 5715.070 	 TPS : 252.490 	 RecvSec : 63.370 	 SendSec : 63306.643 	 SendDropSec : 0.000
Total Time : 5716.185 	 TPS : 251.049 	 RecvSec : 57.383 	 SendSec : 57325.144 	 SendDropSec : 0.000
Total Time : 5717.385 	 TPS : 198.400 	 RecvSec : 52.518 	 SendSec : 52465.198 	 SendDropSec : 0.000
Total Time : 5718.528 	 TPS : 185.344 	 RecvSec : 55.079 	 SendSec : 55023.691 	 SendDropSec : 0.000
Total Time : 5720.254 	 TPS : 106.653 	 RecvSec : 36.517 	 SendSec : 36480.550 	 SendDropSec : 0.000
Total Time : 5721.855 	 TPS : 140.484 	 RecvSec : 39.335 	 SendSec : 39296.061 	 SendDropSec : 0.000
Total Time : 5723.095 	 TPS : 203.259 	 RecvSec : 50.815 	 SendSec : 50763.980 	 SendDropSec : 0.000
Total Time : 5724.095 	 TPS : 302.888 	 RecvSec : 79.970 	 SendSec : 79890.401 	 SendDropSec : 0.000
Total Time : 5725.582 	 TPS : 119.098 	 RecvSec : 30.952 	 SendSec : 30921.165 	 SendDropSec : 0.000
Total Time : 5726.582 	 TPS : 447.910 	 RecvSec : 119.976 	 SendSec : 119855.993 	 SendDropSec : 0.000
Total Time : 5728.265 	 TPS : 21.388 	 RecvSec : 3.565 	 SendSec : 3561.046 	 SendDropSec : 0.000
Total Time : 5729.329 	 TPS : 221.861 	 RecvSec : 59.226 	 SendSec : 59166.424 	 SendDropSec : 0.000
Total Time : 5730.876 	 TPS : 319.314 	 RecvSec : 81.445 	 SendSec : 81363.066 	 SendDropSec : 0.000
Total Time : 5732.371 	 TPS : 326.968 	 RecvSec : 84.249 	 SendSec : 84165.050 	 SendDropSec : 0.000
Total Time : 5733.394 	 TPS : 466.571 	 RecvSec : 122.267 	 SendSec : 122144.652 	 SendDropSec : 0.000
Total Time : 5734.525 	 TPS : 15.030 	 RecvSec : 0.884 	 SendSec : 883.234 	 SendDropSec : 0.000
Total Time : 5736.245 	 TPS : 267.464 	 RecvSec : 73.262 	 SendSec : 73188.494 	 SendDropSec : 0.000
Total Time : 5738.004 	 TPS : 139.282 	 RecvSec : 35.815 	 SendSec : 35779.584 	 SendDropSec : 0.000
Total Time : 5739.381 	 TPS : 172.106 	 RecvSec : 45.750 	 SendSec : 45703.888 	 SendDropSec : 0.000
Total Time : 5740.586 	 TPS : 200.705 	 RecvSec : 52.250 	 SendSec : 52197.318 	 SendDropSec : 0.000
Total Time : 5742.382 	 TPS : 132.572 	 RecvSec : 35.093 	 SendSec : 35057.603 	 SendDropSec : 0.000
Total Time : 5744.026 	 TPS : 147.779 	 RecvSec : 38.313 	 SendSec : 38274.677 	 SendDropSec : 0.000
Total Time : 5745.665 	 TPS : 144.581 	 RecvSec : 38.433 	 SendSec : 38394.611 	 SendDropSec : 0.000
Total Time : 5747.506 	 TPS : 120.601 	 RecvSec : 34.225 	 SendSec : 34190.461 	 SendDropSec : 0.000
Total Time : 5749.378 	 TPS : 120.701 	 RecvSec : 33.647 	 SendSec : 33612.958 	 SendDropSec : 0.000
Total Time : 5751.276 	 TPS : 122.267 	 RecvSec : 33.202 	 SendSec : 33168.584 	 SendDropSec : 0.000
Total Time : 5752.548 	 TPS : 183.237 	 RecvSec : 49.545 	 SendSec : 49495.221 	 SendDropSec : 0.000
Total Time : 5755.025 	 TPS : 194.140 	 RecvSec : 50.856 	 SendSec : 50804.848 	 SendDropSec : 0.000
Total Time : 5756.465 	 TPS : 169.485 	 RecvSec : 43.761 	 SendSec : 43716.821 	 SendDropSec : 0.000
Total Time : 5757.824 	 TPS : 365.661 	 RecvSec : 92.703 	 SendSec : 92610.066 	 SendDropSec : 0.000
Total Time : 5759.031 	 TPS : 189.717 	 RecvSec : 52.193 	 SendSec : 52140.670 	 SendDropSec : 0.000
Total Time : 5760.379 	 TPS : 179.478 	 RecvSec : 46.724 	 SendSec : 46676.935 	 SendDropSec : 0.000
Total Time : 5761.380 	 TPS : 269.827 	 RecvSec : 71.954 	 SendSec : 71881.924 	 SendDropSec : 0.000
Total Time : 5762.560 	 TPS : 194.971 	 RecvSec : 45.776 	 SendSec : 45730.118 	 SendDropSec : 0.000
Total Time : 5764.486 	 TPS : 118.909 	 RecvSec : 32.713 	 SendSec : 32680.327 	 SendDropSec : 0.000
Total Time : 5765.486 	 TPS : 331.883 	 RecvSec : 97.965 	 SendSec : 97867.472 	 SendDropSec : 0.000
Total Time : 5766.909 	 TPS : 82.196 	 RecvSec : 19.671 	 SendSec : 19651.180 	 SendDropSec : 0.000
Total Time : 5767.910 	 TPS : 459.897 	 RecvSec : 118.973 	 SendSec : 118854.341 	 SendDropSec : 0.000
Total Time : 5769.879 	 TPS : 144.234 	 RecvSec : 35.551 	 SendSec : 35515.196 	 SendDropSec : 0.000
Total Time : 5770.929 	 TPS : 216.080 	 RecvSec : 59.969 	 SendSec : 59909.423 	 SendDropSec : 0.000
Total Time : 5772.714 	 TPS : 135.587 	 RecvSec : 35.297 	 SendSec : 35262.075 	 SendDropSec : 0.000
Total Time : 5773.715 	 TPS : 426.710 	 RecvSec : 118.919 	 SendSec : 118800.382 	 SendDropSec : 0.000
Total Time : 5774.823 	 TPS : 39.703 	 RecvSec : 6.316 	 SendSec : 6310.091 	 SendDropSec : 0.000
Total Time : 5776.083 	 TPS : 200.026 	 RecvSec : 50.006 	 SendSec : 49956.379 	 SendDropSec : 0.000
Total Time : 5777.384 	 TPS : 195.236 	 RecvSec : 48.425 	 SendSec : 48376.222 	 SendDropSec : 0.000
Total Time : 5778.869 	 TPS : 157.516 	 RecvSec : 42.408 	 SendSec : 42365.802 	 SendDropSec : 0.000
Total Time : 5780.232 	 TPS : 162.939 	 RecvSec : 46.239 	 SendSec : 46193.067 	 SendDropSec : 0.000
Total Time : 5781.232 	 TPS : 335.778 	 RecvSec : 81.946 	 SendSec : 81863.863 	 SendDropSec : 0.000
Total Time : 5782.233 	 TPS : 336.940 	 RecvSec : 98.982 	 SendSec : 98883.478 	 SendDropSec : 0.000
Total Time : 5784.488 	 TPS : 139.237 	 RecvSec : 31.483 	 SendSec : 31451.955 	 SendDropSec : 0.000
Total Time : 5787.043 	 TPS : 192.175 	 RecvSec : 49.316 	 SendSec : 49266.475 	 SendDropSec : 0.000
Total Time : 5788.633 	 TPS : 140.194 	 RecvSec : 39.606 	 SendSec : 39566.742 	 SendDropSec : 0.000
Total Time : 5789.644 	 TPS : 431.239 	 RecvSec : 118.690 	 SendSec : 118570.965 	 SendDropSec : 0.000
Total Time : 5791.210 	 TPS : 23.634 	 RecvSec : 3.832 	 SendSec : 3828.634 	 SendDropSec : 0.000
Total Time : 5792.623 	 TPS : 159.211 	 RecvSec : 44.579 	 SendSec : 44534.467 	 SendDropSec : 0.000
Total Time : 5795.141 	 TPS : 192.620 	 RecvSec : 50.041 	 SendSec : 49991.380 	 SendDropSec : 0.000
Total Time : 5796.743 	 TPS : 149.860 	 RecvSec : 39.338 	 SendSec : 39298.841 	 SendDropSec : 0.000
Total Time : 5797.961 	 TPS : 200.212 	 RecvSec : 51.694 	 SendSec : 51642.480 	 SendDropSec : 0.000
Total Time : 5799.424 	 TPS : 327.530 	 RecvSec : 86.156 	 SendSec : 86070.088 	 SendDropSec : 0.000
Total Time : 5800.833 	 TPS : 168.828 	 RecvSec : 44.690 	 SendSec : 44645.197 	 SendDropSec : 0.000
Total Time : 5802.922 	 TPS : 234.126 	 RecvSec : 60.327 	 SendSec : 60266.674 	 SendDropSec : 0.000
Total Time : 5804.728 	 TPS : 133.985 	 RecvSec : 34.880 	 SendSec : 34845.424 	 SendDropSec : 0.000
Total Time : 5806.076 	 TPS : 375.328 	 RecvSec : 93.461 	 SendSec : 93367.748 	 SendDropSec : 0.000
Total Time : 5808.061 	 TPS : 125.457 	 RecvSec : 31.742 	 SendSec : 31710.329 	 SendDropSec : 0.000
Total Time : 5810.605 	 TPS : 196.917 	 RecvSec : 49.524 	 SendSec : 49474.470 	 SendDropSec : 0.000
Total Time : 5812.362 	 TPS : 149.117 	 RecvSec : 35.856 	 SendSec : 35820.479 	 SendDropSec : 0.000
Total Time : 5814.104 	 TPS : 144.134 	 RecvSec : 36.177 	 SendSec : 36140.886 	 SendDropSec : 0.000
Total Time : 5815.540 	 TPS : 359.202 	 RecvSec : 87.712 	 SendSec : 87624.429 	 SendDropSec : 0.000
Total Time : 5816.789 	 TPS : 205.851 	 RecvSec : 50.462 	 SendSec : 50411.114 	 SendDropSec : 0.000
Total Time : 5818.132 	 TPS : 195.834 	 RecvSec : 46.911 	 SendSec : 46863.796 	 SendDropSec : 0.000
Total Time : 5819.132 	 TPS : 477.923 	 RecvSec : 123.980 	 SendSec : 123855.948 	 SendDropSec : 0.000
Total Time : 5820.133 	 TPS : 175.891 	 RecvSec : 53.967 	 SendSec : 53912.639 	 SendDropSec : 0.000
Total Time : 5821.461 	 TPS : 73.776 	 RecvSec : 8.281 	 SendSec : 8272.682 	 SendDropSec : 0.000
Total Time : 5822.767 	 TPS : 196.747 	 RecvSec : 48.230 	 SendSec : 48181.498 	 SendDropSec : 0.000
Total Time : 5824.568 	 TPS : 151.558 	 RecvSec : 34.975 	 SendSec : 34939.841 	 SendDropSec : 0.000
Total Time : 5826.350 	 TPS : 142.007 	 RecvSec : 35.362 	 SendSec : 35326.163 	 SendDropSec : 0.000
Total Time : 5827.350 	 TPS : 272.868 	 RecvSec : 68.967 	 SendSec : 68897.722 	 SendDropSec : 0.000
Total Time : 5829.098 	 TPS : 133.298 	 RecvSec : 32.609 	 SendSec : 32576.829 	 SendDropSec : 0.000
Total Time : 5830.640 	 TPS : 160.891 	 RecvSec : 40.871 	 SendSec : 40830.517 	 SendDropSec : 0.000
Total Time : 5832.075 	 TPS : 171.384 	 RecvSec : 43.891 	 SendSec : 43847.066 	 SendDropSec : 0.000
Total Time : 5833.875 	 TPS : 142.810 	 RecvSec : 35.008 	 SendSec : 34972.838 	 SendDropSec : 0.000
Total Time : 5835.256 	 TPS : 169.414 	 RecvSec : 45.611 	 SendSec : 45565.757 	 SendDropSec : 0.000
Total Time : 5836.954 	 TPS : 289.133 	 RecvSec : 74.197 	 SendSec : 74122.871 	 SendDropSec : 0.000
Total Time : 5838.049 	 TPS : 226.546 	 RecvSec : 57.550 	 SendSec : 57492.479 	 SendDropSec : 0.000
Total Time : 5839.720 	 TPS : 156.814 	 RecvSec : 37.707 	 SendSec : 37669.543 	 SendDropSec : 0.000
Total Time : 5840.720 	 TPS : 508.646 	 RecvSec : 123.914 	 SendSec : 123789.916 	 SendDropSec : 0.000
Total Time : 5841.872 	 TPS : 26.041 	 RecvSec : 1.736 	 SendSec : 1734.319 	 SendDropSec : 0.000
Total Time : 5843.473 	 TPS : 166.825 	 RecvSec : 39.363 	 SendSec : 39323.894 	 SendDropSec : 0.000
Total Time : 5845.073 	 TPS : 161.829 	 RecvSec : 39.364 	 SendSec : 39324.457 	 SendDropSec : 0.000
Total Time : 5846.266 	 TPS : 224.767 	 RecvSec : 52.837 	 SendSec : 52784.113 	 SendDropSec : 0.000
Total Time : 5848.713 	 TPS : 210.879 	 RecvSec : 51.494 	 SendSec : 51442.269 	 SendDropSec : 0.000
Total Time : 5849.725 	 TPS : 448.270 	 RecvSec : 117.498 	 SendSec : 117380.536 	 SendDropSec : 0.000
Total Time : 5851.245 	 TPS : 48.704 	 RecvSec : 4.607 	 SendSec : 4602.512 	 SendDropSec : 0.000
Total Time : 5852.335 	 TPS : 240.336 	 RecvSec : 57.791 	 SendSec : 57733.026 	 SendDropSec : 0.000
Total Time : 5853.539 	 TPS : 204.271 	 RecvSec : 51.483 	 SendSec : 51431.352 	 SendDropSec : 0.000
Total Time : 5855.480 	 TPS : 105.091 	 RecvSec : 32.970 	 SendSec : 32936.795 	 SendDropSec : 0.000
Total Time : 5857.659 	 TPS : 237.359 	 RecvSec : 57.848 	 SendSec : 57789.748 	 SendDropSec : 0.000
Total Time : 5859.486 	 TPS : 143.368 	 RecvSec : 34.474 	 SendSec : 34439.597 	 SendDropSec : 0.000
Total Time : 5860.612 	 TPS : 221.123 	 RecvSec : 55.947 	 SendSec : 55890.747 	 SendDropSec : 0.000
Total Time : 5861.769 	 TPS : 211.737 	 RecvSec : 54.447 	 SendSec : 54392.250 	 SendDropSec : 0.000
Total Time : 5863.416 	 TPS : 148.125 	 RecvSec : 38.245 	 SendSec : 38207.018 	 SendDropSec : 0.000
Total Time : 5865.031 	 TPS : 152.344 	 RecvSec : 39.015 	 SendSec : 38976.032 	 SendDropSec : 0.000
Total Time : 5866.031 	 TPS : 437.909 	 RecvSec : 118.975 	 SendSec : 118856.290 	 SendDropSec : 0.000
Total Time : 5867.393 	 TPS : 50.678 	 RecvSec : 5.141 	 SendSec : 5136.090 	 SendDropSec : 0.000
Total Time : 5868.574 	 TPS : 209.895 	 RecvSec : 53.320 	 SendSec : 53266.828 	 SendDropSec : 0.000
Total Time : 5869.831 	 TPS : 197.345 	 RecvSec : 50.132 	 SendSec : 50081.910 	 SendDropSec : 0.000
Total Time : 5871.047 	 TPS : 211.410 	 RecvSec : 51.824 	 SendSec : 51772.388 	 SendDropSec : 0.000
Total Time : 5873.046 	 TPS : 131.568 	 RecvSec : 31.516 	 SendSec : 31484.664 	 SendDropSec : 0.000
Total Time : 5874.545 	 TPS : 182.057 	 RecvSec : 42.013 	 SendSec : 41971.229 	 SendDropSec : 0.000
Total Time : 5875.779 	 TPS : 209.912 	 RecvSec : 51.060 	 SendSec : 51008.557 	 SendDropSec : 0.000
Total Time : 5877.410 	 TPS : 150.260 	 RecvSec : 38.638 	 SendSec : 38599.541 	 SendDropSec : 0.000
Total Time : 5878.410 	 TPS : 314.938 	 RecvSec : 81.984 	 SendSec : 81901.759 	 SendDropSec : 0.000
Total Time : 5879.911 	 TPS : 271.773 	 RecvSec : 71.274 	 SendSec : 71202.446 	 SendDropSec : 0.000
Total Time : 5881.860 	 TPS : 129.820 	 RecvSec : 32.327 	 SendSec : 32294.334 	 SendDropSec : 0.000
Total Time : 5883.579 	 TPS : 140.177 	 RecvSec : 36.644 	 SendSec : 36607.252 	 SendDropSec : 0.000
Total Time : 5884.962 	 TPS : 171.361 	 RecvSec : 45.552 	 SendSec : 45506.227 	 SendDropSec : 0.000
Total Time : 5886.068 	 TPS : 205.365 	 RecvSec : 56.996 	 SendSec : 56938.650 	 SendDropSec : 0.000
Total Time : 5887.317 	 TPS : 188.092 	 RecvSec : 50.425 	 SendSec : 50374.126 	 SendDropSec : 0.000
Total Time : 5888.808 	 TPS : 158.279 	 RecvSec : 42.252 	 SendSec : 42210.226 	 SendDropSec : 0.000
Total Time : 5890.355 	 TPS : 151.312 	 RecvSec : 40.738 	 SendSec : 40696.998 	 SendDropSec : 0.000
Total Time : 5891.355 	 TPS : 403.671 	 RecvSec : 116.905 	 SendSec : 116787.818 	 SendDropSec : 0.000
Total Time : 5892.971 	 TPS : 61.290 	 RecvSec : 5.572 	 SendSec : 5566.222 	 SendDropSec : 0.000
Total Time : 5894.457 	 TPS : 168.837 	 RecvSec : 42.377 	 SendSec : 42334.953 	 SendDropSec : 0.000
Total Time : 5895.756 	 TPS : 374.130 	 RecvSec : 96.997 	 SendSec : 96899.663 	 SendDropSec : 0.000
Total Time : 5897.512 	 TPS : 134.393 	 RecvSec : 35.876 	 SendSec : 35840.179 	 SendDropSec : 0.000
Total Time : 5899.547 	 TPS : 236.379 	 RecvSec : 61.921 	 SendSec : 61858.649 	 SendDropSec : 0.000
Total Time : 5900.826 	 TPS : 190.007 	 RecvSec : 49.261 	 SendSec : 49211.780 	 SendDropSec : 0.000
Total Time : 5902.230 	 TPS : 185.198 	 RecvSec : 44.875 	 SendSec : 44830.126 	 SendDropSec : 0.000
Total Time : 5904.782 	 TPS : 192.038 	 RecvSec : 49.381 	 SendSec : 49331.752 	 SendDropSec : 0.000
Total Time : 5906.151 	 TPS : 173.811 	 RecvSec : 46.009 	 SendSec : 45962.773 	 SendDropSec : 0.000
Total Time : 5907.868 	 TPS : 140.339 	 RecvSec : 36.686 	 SendSec : 36649.402 	 SendDropSec : 0.000
Total Time : 5909.474 	 TPS : 144.500 	 RecvSec : 39.239 	 SendSec : 39199.915 	 SendDropSec : 0.000
Total Time : 5910.474 	 TPS : 331.778 	 RecvSec : 96.935 	 SendSec : 96838.186 	 SendDropSec : 0.000
Total Time : 5912.225 	 TPS : 75.960 	 RecvSec : 16.563 	 SendSec : 16546.047 	 SendDropSec : 0.000
Total Time : 5914.033 	 TPS : 141.626 	 RecvSec : 34.853 	 SendSec : 34818.457 	 SendDropSec : 0.000
Total Time : 5915.859 	 TPS : 139.653 	 RecvSec : 34.502 	 SendSec : 34467.896 	 SendDropSec : 0.000
Total Time : 5917.540 	 TPS : 155.799 	 RecvSec : 37.463 	 SendSec : 37425.680 	 SendDropSec : 0.000
Total Time : 5918.541 	 TPS : 382.980 	 RecvSec : 96.995 	 SendSec : 96897.923 	 SendDropSec : 0.000
Total Time : 5919.541 	 TPS : 291.961 	 RecvSec : 83.989 	 SendSec : 83904.765 	 SendDropSec : 0.000
Total Time : 5920.541 	 TPS : 133.985 	 RecvSec : 22.998 	 SendSec : 22974.505 	 SendDropSec : 0.000
Total Time : 5921.541 	 TPS : 399.782 	 RecvSec : 103.943 	 SendSec : 103839.273 	 SendDropSec : 0.000
Total Time : 5923.141 	 TPS : 190.628 	 RecvSec : 43.751 	 SendSec : 43706.974 	 SendDropSec : 0.000
Total Time : 5924.734 	 TPS : 159.427 	 RecvSec : 39.543 	 SendSec : 39503.406 	 SendDropSec : 0.000
Total Time : 5926.075 	 TPS : 189.483 	 RecvSec : 46.998 	 SendSec : 46950.798 	 SendDropSec : 0.000
Total Time : 5927.111 	 TPS : 242.156 	 RecvSec : 60.780 	 SendSec : 60719.523 	 SendDropSec : 0.000
Total Time : 5929.105 	 TPS : 123.412 	 RecvSec : 31.605 	 SendSec : 31573.784 	 SendDropSec : 0.000
Total Time : 5930.127 	 TPS : 245.508 	 RecvSec : 61.622 	 SendSec : 61559.917 	 SendDropSec : 0.000
Total Time : 5931.524 	 TPS : 365.735 	 RecvSec : 90.181 	 SendSec : 90090.980 	 SendDropSec : 0.000
Total Time : 5932.525 	 TPS : 259.731 	 RecvSec : 63.934 	 SendSec : 63869.748 	 SendDropSec : 0.000
Total Time : 5934.642 	 TPS : 233.872 	 RecvSec : 59.058 	 SendSec : 58999.412 	 SendDropSec : 0.000
Total Time : 5936.419 	 TPS : 144.086 	 RecvSec : 35.459 	 SendSec : 35423.099 	 SendDropSec : 0.000
Total Time : 5937.630 	 TPS : 203.043 	 RecvSec : 51.999 	 SendSec : 51946.794 	 SendDropSec : 0.000
Total Time : 5939.384 	 TPS : 136.839 	 RecvSec : 35.920 	 SendSec : 35884.441 	 SendDropSec : 0.000
Total Time : 5940.827 	 TPS : 170.463 	 RecvSec : 43.655 	 SendSec : 43611.586 	 SendDropSec : 0.000
Total Time : 5942.694 	 TPS : 274.751 	 RecvSec : 67.483 	 SendSec : 67415.239 	 SendDropSec : 0.000
Total Time : 5943.729 	 TPS : 253.257 	 RecvSec : 60.898 	 SendSec : 60836.775 	 SendDropSec : 0.000
Total Time : 5945.230 	 TPS : 163.861 	 RecvSec : 41.964 	 SendSec : 41922.427 	 SendDropSec : 0.000
Total Time : 5946.231 	 TPS : 337.834 	 RecvSec : 81.960 	 SendSec : 81877.790 	 SendDropSec : 0.000
Total Time : 5947.764 	 TPS : 283.096 	 RecvSec : 69.796 	 SendSec : 69725.856 	 SendDropSec : 0.000
Total Time : 5949.512 	 TPS : 148.155 	 RecvSec : 36.038 	 SendSec : 36001.588 	 SendDropSec : 0.000
Total Time : 5950.518 	 TPS : 427.295 	 RecvSec : 119.245 	 SendSec : 119125.874 	 SendDropSec : 0.000
Total Time : 5952.508 	 TPS : 160.855 	 RecvSec : 34.684 	 SendSec : 34649.658 	 SendDropSec : 0.000
Total Time : 5954.294 	 TPS : 139.941 	 RecvSec : 35.265 	 SendSec : 35229.935 	 SendDropSec : 0.000
Total Time : 5956.593 	 TPS : 212.718 	 RecvSec : 54.811 	 SendSec : 54755.880 	 SendDropSec : 0.000
Total Time : 5957.901 	 TPS : 188.755 	 RecvSec : 48.144 	 SendSec : 48095.822 	 SendDropSec : 0.000
Total Time : 5959.888 	 TPS : 247.730 	 RecvSec : 63.443 	 SendSec : 63379.726 	 SendDropSec : 0.000
Total Time : 5961.760 	 TPS : 127.610 	 RecvSec : 33.638 	 SendSec : 33604.193 	 SendDropSec : 0.000
Total Time : 5964.037 	 TPS : 222.734 	 RecvSec : 55.354 	 SendSec : 55298.655 	 SendDropSec : 0.000
Total Time : 5965.037 	 TPS : 249.834 	 RecvSec : 64.957 	 SendSec : 64891.814 	 SendDropSec : 0.000
Total Time : 5966.873 	 TPS : 132.936 	 RecvSec : 33.234 	 SendSec : 33200.663 	 SendDropSec : 0.000
Total Time : 5967.873 	 TPS : 448.886 	 RecvSec : 123.969 	 SendSec : 123844.593 	 SendDropSec : 0.000
Total Time : 5969.842 	 TPS : 142.707 	 RecvSec : 33.011 	 SendSec : 32977.556 	 SendDropSec : 0.000
Total Time : 5971.036 	 TPS : 208.559 	 RecvSec : 52.768 	 SendSec : 52715.192 	 SendDropSec : 0.000
Total Time : 5973.004 	 TPS : 124.514 	 RecvSec : 32.018 	 SendSec : 31985.860 	 SendDropSec : 0.000
Total Time : 5974.964 	 TPS : 130.619 	 RecvSec : 32.145 	 SendSec : 32112.363 	 SendDropSec : 0.000
Total Time : 5975.965 	 TPS : 300.529 	 RecvSec : 77.878 	 SendSec : 77799.963 	 SendDropSec : 0.000
Total Time : 5977.623 	 TPS : 114.018 	 RecvSec : 28.957 	 SendSec : 28927.966 	 SendDropSec : 0.000
Total Time : 5979.085 	 TPS : 169.603 	 RecvSec : 43.085 	 SendSec : 43041.627 	 SendDropSec : 0.000
Total Time : 5980.286 	 TPS : 211.530 	 RecvSec : 52.466 	 SendSec : 52413.623 	 SendDropSec : 0.000
Total Time : 5982.057 	 TPS : 150.179 	 RecvSec : 35.569 	 SendSec : 35533.218 	 SendDropSec : 0.000
Total Time : 5983.876 	 TPS : 149.021 	 RecvSec : 34.643 	 SendSec : 34608.679 	 SendDropSec : 0.000
Total Time : 5985.688 	 TPS : 134.081 	 RecvSec : 34.762 	 SendSec : 34727.000 	 SendDropSec : 0.000
Total Time : 5986.688 	 TPS : 356.922 	 RecvSec : 89.980 	 SendSec : 89890.332 	 SendDropSec : 0.000
Total Time : 5988.155 	 TPS : 103.629 	 RecvSec : 24.544 	 SendSec : 24519.190 	 SendDropSec : 0.000
Total Time : 5989.880 	 TPS : 147.782 	 RecvSec : 36.511 	 SendSec : 36474.387 	 SendDropSec : 0.000
Total Time : 5991.068 	 TPS : 214.665 	 RecvSec : 53.035 	 SendSec : 52981.848 	 SendDropSec : 0.000
Total Time : 5992.851 	 TPS : 145.843 	 RecvSec : 35.339 	 SendSec : 35303.482 	 SendDropSec : 0.000
Total Time : 5994.191 	 TPS : 173.112 	 RecvSec : 47.009 	 SendSec : 46961.742 	 SendDropSec : 0.000
Total Time : 5995.427 	 TPS : 199.826 	 RecvSec : 50.968 	 SendSec : 50916.883 	 SendDropSec : 0.000
Total Time : 5996.701 	 TPS : 182.995 	 RecvSec : 49.479 	 SendSec : 49429.806 	 SendDropSec : 0.000
Total Time : 5998.208 	 TPS : 161.197 	 RecvSec : 41.792 	 SendSec : 41750.115 	 SendDropSec : 0.000
Total Time : 6000.125 	 TPS : 133.530 	 RecvSec : 32.861 	 SendSec : 32828.085 	 SendDropSec : 0.000
Total Time : 6001.463 	 TPS : 182.445 	 RecvSec : 47.107 	 SendSec : 47059.504 	 SendDropSec : 0.000
Total Time : 6002.922 	 TPS : 166.528 	 RecvSec : 43.174 	 SendSec : 43130.840 	 SendDropSec : 0.000
Total Time : 6004.516 	 TPS : 159.983 	 RecvSec : 39.525 	 SendSec : 39485.683 	 SendDropSec : 0.000
Total Time : 6005.547 	 TPS : 234.676 	 RecvSec : 61.093 	 SendSec : 61032.168 	 SendDropSec : 0.000
Total Time : 6006.714 	 TPS : 204.847 	 RecvSec : 53.997 	 SendSec : 53943.220 	 SendDropSec : 0.000
Total Time : 6007.714 	 TPS : 344.721 	 RecvSec : 82.933 	 SendSec : 82850.016 	 SendDropSec : 0.000
Total Time : 6010.093 	 TPS : 169.016 	 RecvSec : 44.566 	 SendSec : 44521.841 	 SendDropSec : 0.000
Total Time : 6011.093 	 TPS : 255.863 	 RecvSec : 64.965 	 SendSec : 64900.149 	 SendDropSec : 0.000
Total Time : 6013.077 	 TPS : 127.022 	 RecvSec : 30.747 	 SendSec : 30716.611 	 SendDropSec : 0.000
Total Time : 6014.967 	 TPS : 152.444 	 RecvSec : 33.347 	 SendSec : 33313.761 	 SendDropSec : 0.000
Total Time : 6016.883 	 TPS : 124.735 	 RecvSec : 32.880 	 SendSec : 32846.948 	 SendDropSec : 0.000
Total Time : 6018.606 	 TPS : 143.365 	 RecvSec : 36.567 	 SendSec : 36530.176 	 SendDropSec : 0.000
Total Time : 6020.168 	 TPS : 157.419 	 RecvSec : 40.315 	 SendSec : 40274.241 	 SendDropSec : 0.000
Total Time : 6021.889 	 TPS : 142.376 	 RecvSec : 36.611 	 SendSec : 36574.387 	 SendDropSec : 0.000
Total Time : 6023.336 	 TPS : 175.575 	 RecvSec : 43.548 	 SendSec : 43504.531 	 SendDropSec : 0.000
Total Time : 6024.336 	 TPS : 474.992 	 RecvSec : 123.998 	 SendSec : 123873.993 	 SendDropSec : 0.000
Total Time : 6025.336 	 TPS : 355.948 	 RecvSec : 98.986 	 SendSec : 98886.563 	 SendDropSec : 0.000
Total Time : 6027.615 	 TPS : 171.976 	 RecvSec : 40.362 	 SendSec : 40321.408 	 SendDropSec : 0.000
Total Time : 6029.097 	 TPS : 153.821 	 RecvSec : 42.503 	 SendSec : 42460.666 	 SendDropSec : 0.000
Total Time : 6030.811 	 TPS : 141.203 	 RecvSec : 36.759 	 SendSec : 36722.691 	 SendDropSec : 0.000
Total Time : 6031.831 	 TPS : 236.464 	 RecvSec : 61.814 	 SendSec : 61752.373 	 SendDropSec : 0.000
Total Time : 6033.860 	 TPS : 235.531 	 RecvSec : 62.086 	 SendSec : 62023.484 	 SendDropSec : 0.000
Total Time : 6035.252 	 TPS : 165.179 	 RecvSec : 45.245 	 SendSec : 45199.406 	 SendDropSec : 0.000
Total Time : 6036.777 	 TPS : 159.363 	 RecvSec : 41.316 	 SendSec : 41274.903 	 SendDropSec : 0.000
Total Time : 6037.778 	 TPS : 446.706 	 RecvSec : 123.918 	 SendSec : 123794.481 	 SendDropSec : 0.000
Total Time : 6039.153 	 TPS : 17.450 	 RecvSec : 1.454 	 SendSec : 1452.733 	 SendDropSec : 0.000
Total Time : 6040.154 	 TPS : 330.853 	 RecvSec : 85.962 	 SendSec : 85875.751 	 SendDropSec : 0.000
Total Time : 6041.294 	 TPS : 129.814 	 RecvSec : 35.085 	 SendSec : 35049.837 	 SendDropSec : 0.000
Total Time : 6042.463 	 TPS : 195.857 	 RecvSec : 53.882 	 SendSec : 53828.304 	 SendDropSec : 0.000
Total Time : 6044.374 	 TPS : 125.057 	 RecvSec : 32.965 	 SendSec : 32931.822 	 SendDropSec : 0.000
Total Time : 6045.882 	 TPS : 157.179 	 RecvSec : 41.782 	 SendSec : 41739.862 	 SendDropSec : 0.000
Total Time : 6047.797 	 TPS : 120.090 	 RecvSec : 32.894 	 SendSec : 32861.257 	 SendDropSec : 0.000
Total Time : 6048.798 	 TPS : 367.859 	 RecvSec : 113.956 	 SendSec : 113842.478 	 SendDropSec : 0.000
Total Time : 6050.387 	 TPS : 69.843 	 RecvSec : 7.551 	 SendSec : 7543.041 	 SendDropSec : 0.000
Total Time : 6052.297 	 TPS : 125.095 	 RecvSec : 32.975 	 SendSec : 32941.970 	 SendDropSec : 0.000
Total Time : 6053.874 	 TPS : 153.453 	 RecvSec : 39.948 	 SendSec : 39908.466 	 SendDropSec : 0.000
Total Time : 6055.358 	 TPS : 153.053 	 RecvSec : 42.477 	 SendSec : 42434.880 	 SendDropSec : 0.000
Total Time : 6056.806 	 TPS : 162.239 	 RecvSec : 43.494 	 SendSec : 43450.313 	 SendDropSec : 0.000
Total Time : 6057.806 	 TPS : 297.960 	 RecvSec : 80.989 	 SendSec : 80908.102 	 SendDropSec : 0.000
Total Time : 6059.014 	 TPS : 145.772 	 RecvSec : 37.271 	 SendSec : 37233.976 	 SendDropSec : 0.000
Total Time : 6060.014 	 TPS : 401.837 	 RecvSec : 118.952 	 SendSec : 118832.861 	 SendDropSec : 0.000
Total Time : 6061.026 	 TPS : 222.401 	 RecvSec : 62.272 	 SendSec : 62209.934 	 SendDropSec : 0.000
Total Time : 6062.026 	 TPS : 288.858 	 RecvSec : 67.966 	 SendSec : 67898.526 	 SendDropSec : 0.000
Total Time : 6063.030 	 TPS : 240.051 	 RecvSec : 63.748 	 SendSec : 63684.205 	 SendDropSec : 0.000
Total Time : 6064.043 	 TPS : 256.738 	 RecvSec : 61.222 	 SendSec : 61160.974 	 SendDropSec : 0.000
Total Time : 6065.470 	 TPS : 12.609 	 RecvSec : 1.401 	 SendSec : 1399.561 	 SendDropSec : 0.000
Total Time : 6067.064 	 TPS : 294.370 	 RecvSec : 79.084 	 SendSec : 79005.319 	 SendDropSec : 0.000
Total Time : 6069.270 	 TPS : 217.976 	 RecvSec : 57.100 	 SendSec : 57042.564 	 SendDropSec : 0.000
Total Time : 6070.373 	 TPS : 217.655 	 RecvSec : 57.134 	 SendSec : 57077.234 	 SendDropSec : 0.000
Total Time : 6071.858 	 TPS : 309.825 	 RecvSec : 84.865 	 SendSec : 84780.318 	 SendDropSec : 0.000
Total Time : 6073.885 	 TPS : 234.248 	 RecvSec : 62.137 	 SendSec : 62075.259 	 SendDropSec : 0.000
Total Time : 6075.820 	 TPS : 116.846 	 RecvSec : 32.572 	 SendSec : 32539.653 	 SendDropSec : 0.000
Total Time : 6076.820 	 TPS : 377.989 	 RecvSec : 103.997 	 SendSec : 103892.925 	 SendDropSec : 0.000
Total Time : 6078.358 	 TPS : 236.024 	 RecvSec : 55.267 	 SendSec : 55211.988 	 SendDropSec : 0.000
Total Time : 6079.976 	 TPS : 148.893 	 RecvSec : 38.922 	 SendSec : 38883.425 	 SendDropSec : 0.000
Total Time : 6081.882 	 TPS : 124.377 	 RecvSec : 33.062 	 SendSec : 33029.293 	 SendDropSec : 0.000
Total Time : 6084.310 	 TPS : 193.140 	 RecvSec : 51.888 	 SendSec : 51836.595 	 SendDropSec : 0.000
Total Time : 6085.780 	 TPS : 159.181 	 RecvSec : 42.857 	 SendSec : 42813.680 	 SendDropSec : 0.000
Total Time : 6087.521 	 TPS : 138.428 	 RecvSec : 36.186 	 SendSec : 36150.302 	 SendDropSec : 0.000
Total Time : 6088.805 	 TPS : 369.963 	 RecvSec : 98.138 	 SendSec : 98039.376 	 SendDropSec : 0.000
Total Time : 6089.856 	 TPS : 224.546 	 RecvSec : 59.942 	 SendSec : 59882.507 	 SendDropSec : 0.000
Total Time : 6090.871 	 TPS : 451.171 	 RecvSec : 123.136 	 SendSec : 123013.123 	 SendDropSec : 0.000
Total Time : 6092.309 	 TPS : 11.826 	 RecvSec : 0.696 	 SendSec : 694.953 	 SendDropSec : 0.000
Total Time : 6093.309 	 TPS : 294.956 	 RecvSec : 80.988 	 SendSec : 80906.937 	 SendDropSec : 0.000
Total Time : 6094.916 	 TPS : 114.450 	 RecvSec : 27.991 	 SendSec : 27962.552 	 SendDropSec : 0.000
Total Time : 6095.917 	 TPS : 246.721 	 RecvSec : 64.927 	 SendSec : 64861.680 	 SendDropSec : 0.000
Total Time : 6097.885 	 TPS : 117.394 	 RecvSec : 31.000 	 SendSec : 30969.079 	 SendDropSec : 0.000
Total Time : 6100.016 	 TPS : 213.096 	 RecvSec : 59.141 	 SendSec : 59081.903 	 SendDropSec : 0.000
Total Time : 6101.244 	 TPS : 197.884 	 RecvSec : 51.303 	 SendSec : 51251.867 	 SendDropSec : 0.000
Total Time : 6102.608 	 TPS : 345.317 	 RecvSec : 92.378 	 SendSec : 92285.346 	 SendDropSec : 0.000
Total Time : 6103.752 	 TPS : 195.830 	 RecvSec : 55.077 	 SendSec : 55022.156 	 SendDropSec : 0.000
Total Time : 6105.187 	 TPS : 165.109 	 RecvSec : 43.890 	 SendSec : 43845.878 	 SendDropSec : 0.000
Total Time : 6106.670 	 TPS : 157.108 	 RecvSec : 42.480 	 SendSec : 42437.444 	 SendDropSec : 0.000
Total Time : 6107.670 	 TPS : 225.994 	 RecvSec : 65.998 	 SendSec : 65932.371 	 SendDropSec : 0.000
Total Time : 6109.489 	 TPS : 130.863 	 RecvSec : 32.991 	 SendSec : 32957.678 	 SendDropSec : 0.000
Total Time : 6110.743 	 TPS : 184.124 	 RecvSec : 50.216 	 SendSec : 50165.325 	 SendDropSec : 0.000
Total Time : 6111.743 	 TPS : 366.936 	 RecvSec : 117.979 	 SendSec : 117861.492 	 SendDropSec : 0.000
Total Time : 6112.799 	 TPS : 65.398 	 RecvSec : 7.582 	 SendSec : 7574.767 	 SendDropSec : 0.000
Total Time : 6114.361 	 TPS : 149.171 	 RecvSec : 40.334 	 SendSec : 40293.433 	 SendDropSec : 0.000
Total Time : 6116.341 	 TPS : 124.206 	 RecvSec : 31.809 	 SendSec : 31777.030 	 SendDropSec : 0.000
Total Time : 6118.861 	 TPS : 179.389 	 RecvSec : 50.007 	 SendSec : 49956.693 	 SendDropSec : 0.000
Total Time : 6119.865 	 TPS : 397.215 	 RecvSec : 118.468 	 SendSec : 118349.186 	 SendDropSec : 0.000
Total Time : 6120.941 	 TPS : 66.027 	 RecvSec : 6.510 	 SendSec : 6503.190 	 SendDropSec : 0.000
Total Time : 6122.304 	 TPS : 166.516 	 RecvSec : 46.214 	 SendSec : 46167.558 	 SendDropSec : 0.000
Total Time : 6124.026 	 TPS : 135.316 	 RecvSec : 36.588 	 SendSec : 36550.952 	 SendDropSec : 0.000
Total Time : 6125.075 	 TPS : 194.390 	 RecvSec : 60.032 	 SendSec : 59972.282 	 SendDropSec : 0.000
Total Time : 6126.241 	 TPS : 184.493 	 RecvSec : 54.061 	 SendSec : 54006.566 	 SendDropSec : 0.000
Total Time : 6127.466 	 TPS : 184.445 	 RecvSec : 51.416 	 SendSec : 51364.673 	 SendDropSec : 0.000
Total Time : 6129.153 	 TPS : 273.818 	 RecvSec : 74.678 	 SendSec : 74602.977 	 SendDropSec : 0.000
Total Time : 6130.708 	 TPS : 290.109 	 RecvSec : 81.050 	 SendSec : 80969.274 	 SendDropSec : 0.000
Total Time : 6132.467 	 TPS : 262.536 	 RecvSec : 71.601 	 SendSec : 71529.060 	 SendDropSec : 0.000
Total Time : 6134.274 	 TPS : 125.629 	 RecvSec : 34.866 	 SendSec : 34831.464 	 SendDropSec : 0.000
Total Time : 6135.949 	 TPS : 132.529 	 RecvSec : 37.610 	 SendSec : 37572.022 	 SendDropSec : 0.000
Total Time : 6136.954 	 TPS : 268.882 	 RecvSec : 77.677 	 SendSec : 77599.218 	 SendDropSec : 0.000
Total Time : 6138.789 	 TPS : 244.666 	 RecvSec : 60.485 	 SendSec : 60424.829 	 SendDropSec : 0.000
Total Time : 6140.353 	 TPS : 165.530 	 RecvSec : 40.264 	 SendSec : 40223.683 	 SendDropSec : 0.000
Total Time : 6142.485 	 TPS : 263.617 	 RecvSec : 59.103 	 SendSec : 59043.545 	 SendDropSec : 0.000
Total Time : 6143.509 	 TPS : 282.350 	 RecvSec : 61.550 	 SendSec : 61488.689 	 SendDropSec : 0.000
Total Time : 6144.895 	 TPS : 197.657 	 RecvSec : 45.447 	 SendSec : 45401.134 	 SendDropSec : 0.000
Total Time : 6145.895 	 TPS : 310.929 	 RecvSec : 62.986 	 SendSec : 62922.584 	 SendDropSec : 0.000
Total Time : 6148.163 	 TPS : 143.735 	 RecvSec : 27.777 	 SendSec : 27749.197 	 SendDropSec : 0.000
Total Time : 6149.460 	 TPS : 61.708 	 RecvSec : 48.595 	 SendSec : 48546.734 	 SendDropSec : 0.000
Total Time : 6151.435 	 TPS : 42.523 	 RecvSec : 31.892 	 SendSec : 31860.238 	 SendDropSec : 0.000
Total Time : 6152.794 	 TPS : 61.084 	 RecvSec : 46.365 	 SendSec : 46318.682 	 SendDropSec : 0.000
Total Time : 6154.274 	 TPS : 29.738 	 RecvSec : 42.579 	 SendSec : 42536.695 	 SendDropSec : 0.000
Total Time : 6155.642 	 TPS : 32.149 	 RecvSec : 46.032 	 SendSec : 45985.912 	 SendDropSec : 0.000
Total Time : 6156.961 	 TPS : 41.712 	 RecvSec : 47.779 	 SendSec : 47731.681 	 SendDropSec : 0.000
Total Time : 6158.683 	 TPS : 30.191 	 RecvSec : 36.578 	 SendSec : 36541.179 	 SendDropSec : 0.000
Total Time : 6161.187 	 TPS : 39.937 	 RecvSec : 50.321 	 SendSec : 50270.735 	 SendDropSec : 0.000
Total Time : 6163.141 	 TPS : 29.166 	 RecvSec : 32.236 	 SendSec : 32203.768 	 SendDropSec : 0.000
Total Time : 6164.488 	 TPS : 66.812 	 RecvSec : 46.768 	 SendSec : 46721.455 	 SendDropSec : 0.000
Total Time : 6165.813 	 TPS : 55.862 	 RecvSec : 47.558 	 SendSec : 47510.914 	 SendDropSec : 0.000
Total Time : 6167.476 	 TPS : 73.360 	 RecvSec : 37.883 	 SendSec : 37844.684 	 SendDropSec : 0.000
Total Time : 6168.768 	 TPS : 99.073 	 RecvSec : 48.762 	 SendSec : 48713.512 	 SendDropSec : 0.000
Total Time : 6170.224 	 TPS : 83.794 	 RecvSec : 43.271 	 SendSec : 43227.544 	 SendDropSec : 0.000
Total Time : 6171.224 	 TPS : 237.947 	 RecvSec : 123.972 	 SendSec : 123848.357 	 SendDropSec : 0.000
Total Time : 6172.898 	 TPS : 17.924 	 RecvSec : 1.195 	 SendSec : 1193.736 	 SendDropSec : 0.000
Total Time : 6174.690 	 TPS : 74.216 	 RecvSec : 35.155 	 SendSec : 35119.959 	 SendDropSec : 0.000
Total Time : 6175.963 	 TPS : 88.001 	 RecvSec : 49.500 	 SendSec : 49450.938 	 SendDropSec : 0.000
Total Time : 6177.101 	 TPS : 88.767 	 RecvSec : 55.369 	 SendSec : 55314.093 	 SendDropSec : 0.000
Total Time : 6178.121 	 TPS : 143.130 	 RecvSec : 63.722 	 SendSec : 63658.650 	 SendDropSec : 0.000
Total Time : 6179.923 	 TPS : 62.705 	 RecvSec : 33.850 	 SendSec : 33815.800 	 SendDropSec : 0.000
Total Time : 6181.064 	 TPS : 122.687 	 RecvSec : 56.962 	 SendSec : 56905.074 	 SendDropSec : 0.000
Total Time : 6182.398 	 TPS : 58.471 	 RecvSec : 45.728 	 SendSec : 45681.796 	 SendDropSec : 0.000
Total Time : 6184.183 	 TPS : 66.089 	 RecvSec : 35.285 	 SendSec : 35249.548 	 SendDropSec : 0.000
Total Time : 6185.184 	 TPS : 207.803 	 RecvSec : 124.882 	 SendSec : 124756.992 	 SendDropSec : 0.000
Total Time : 6186.360 	 TPS : 1.701 	 RecvSec : 0.850 	 SendSec : 849.557 	 SendDropSec : 0.000
Total Time : 6187.506 	 TPS : 124.842 	 RecvSec : 56.746 	 SendSec : 56689.590 	 SendDropSec : 0.000
Total Time : 6188.633 	 TPS : 84.258 	 RecvSec : 54.102 	 SendSec : 54048.253 	 SendDropSec : 0.000
Total Time : 6189.690 	 TPS : 104.063 	 RecvSec : 59.600 	 SendSec : 59539.948 	 SendDropSec : 0.000
Total Time : 6191.534 	 TPS : 120.435 	 RecvSec : 68.355 	 SendSec : 68286.907 	 SendDropSec : 0.000
Total Time : 6192.834 	 TPS : 165.297 	 RecvSec : 96.872 	 SendSec : 96775.079 	 SendDropSec : 0.000
Total Time : 6194.172 	 TPS : 89.681 	 RecvSec : 47.083 	 SendSec : 47035.554 	 SendDropSec : 0.000
Total Time : 6195.635 	 TPS : 142.167 	 RecvSec : 86.121 	 SendSec : 86034.532 	 SendDropSec : 0.000
Total Time : 6198.035 	 TPS : 82.519 	 RecvSec : 52.512 	 SendSec : 52459.701 	 SendDropSec : 0.000
Total Time : 6199.036 	 TPS : 151.844 	 RecvSec : 113.883 	 SendSec : 113769.409 	 SendDropSec : 0.000
Total Time : 6200.043 	 TPS : 83.360 	 RecvSec : 13.893 	 SendSec : 13879.366 	 SendDropSec : 0.000
Total Time : 6201.391 	 TPS : 62.340 	 RecvSec : 45.271 	 SendSec : 45225.661 	 SendDropSec : 0.000
Total Time : 6202.482 	 TPS : 87.095 	 RecvSec : 57.758 	 SendSec : 57699.945 	 SendDropSec : 0.000
Total Time : 6203.549 	 TPS : 117.104 	 RecvSec : 60.894 	 SendSec : 60833.166 	 SendDropSec : 0.000
Total Time : 6204.958 	 TPS : 136.232 	 RecvSec : 87.983 	 SendSec : 87895.290 	 SendDropSec : 0.000
Total Time : 6205.959 	 TPS : 195.833 	 RecvSec : 124.893 	 SendSec : 124768.348 	 SendDropSec : 0.000
Total Time : 6206.986 	 TPS : 15.588 	 RecvSec : 0.974 	 SendSec : 973.286 	 SendDropSec : 0.000
Total Time : 6208.561 	 TPS : 81.888 	 RecvSec : 39.992 	 SendSec : 39951.578 	 SendDropSec : 0.000
Total Time : 6209.701 	 TPS : 100.896 	 RecvSec : 55.274 	 SendSec : 55218.318 	 SendDropSec : 0.000
Total Time : 6211.087 	 TPS : 87.272 	 RecvSec : 45.439 	 SendSec : 45393.927 	 SendDropSec : 0.000
Total Time : 6212.985 	 TPS : 54.792 	 RecvSec : 33.192 	 SendSec : 33158.417 	 SendDropSec : 0.000
Total Time : 6214.295 	 TPS : 77.858 	 RecvSec : 48.089 	 SendSec : 48040.952 	 SendDropSec : 0.000
Total Time : 6215.917 	 TPS : 67.212 	 RecvSec : 38.847 	 SendSec : 38808.616 	 SendDropSec : 0.000
Total Time : 6217.160 	 TPS : 87.721 	 RecvSec : 50.701 	 SendSec : 50650.496 	 SendDropSec : 0.000
Total Time : 6218.967 	 TPS : 59.214 	 RecvSec : 34.864 	 SendSec : 34829.542 	 SendDropSec : 0.000
Total Time : 6219.967 	 TPS : 133.948 	 RecvSec : 87.966 	 SendSec : 87877.974 	 SendDropSec : 0.000
Total Time : 6221.426 	 TPS : 47.970 	 RecvSec : 26.041 	 SendSec : 26014.552 	 SendDropSec : 0.000
Total Time : 6222.834 	 TPS : 70.336 	 RecvSec : 44.759 	 SendSec : 44714.287 	 SendDropSec : 0.000
Total Time : 6224.141 	 TPS : 72.661 	 RecvSec : 48.185 	 SendSec : 48137.232 	 SendDropSec : 0.000
Total Time : 6225.268 	 TPS : 88.781 	 RecvSec : 55.932 	 SendSec : 55876.179 	 SendDropSec : 0.000
Total Time : 6226.370 	 TPS : 175.126 	 RecvSec : 114.331 	 SendSec : 114216.597 	 SendDropSec : 0.000
Total Time : 6227.578 	 TPS : 87.715 	 RecvSec : 52.133 	 SendSec : 52080.640 	 SendDropSec : 0.000
Total Time : 6228.579 	 TPS : 193.888 	 RecvSec : 124.928 	 SendSec : 124803.101 	 SendDropSec : 0.000
Total Time : 6229.598 	 TPS : 22.569 	 RecvSec : 2.944 	 SendSec : 2940.838 	 SendDropSec : 0.000
Total Time : 6230.863 	 TPS : 55.324 	 RecvSec : 48.211 	 SendSec : 48162.915 	 SendDropSec : 0.000
Total Time : 6232.134 	 TPS : 73.169 	 RecvSec : 49.566 	 SendSec : 49516.413 	 SendDropSec : 0.000
Total Time : 6234.022 	 TPS : 54.024 	 RecvSec : 33.368 	 SendSec : 33334.327 	 SendDropSec : 0.000
Total Time : 6235.023 	 TPS : 199.961 	 RecvSec : 124.976 	 SendSec : 124850.679 	 SendDropSec : 0.000
Total Time : 6236.023 	 TPS : 179.924 	 RecvSec : 121.948 	 SendSec : 121826.443 	 SendDropSec : 0.000
Total Time : 6237.273 	 TPS : 43.209 	 RecvSec : 4.001 	 SendSec : 3996.821 	 SendDropSec : 0.000
Total Time : 6238.393 	 TPS : 85.713 	 RecvSec : 56.249 	 SendSec : 56193.073 	 SendDropSec : 0.000
Total Time : 6239.932 	 TPS : 70.152 	 RecvSec : 40.922 	 SendSec : 40880.892 	 SendDropSec : 0.000
Total Time : 6241.820 	 TPS : 58.785 	 RecvSec : 33.364 	 SendSec : 33330.823 	 SendDropSec : 0.000
Total Time : 6243.759 	 TPS : 52.612 	 RecvSec : 32.496 	 SendSec : 32463.312 	 SendDropSec : 0.000
Total Time : 6245.161 	 TPS : 73.468 	 RecvSec : 44.937 	 SendSec : 44891.908 	 SendDropSec : 0.000
Total Time : 6246.552 	 TPS : 81.941 	 RecvSec : 45.283 	 SendSec : 45237.833 	 SendDropSec : 0.000
Total Time : 6247.553 	 TPS : 184.965 	 RecvSec : 120.977 	 SendSec : 120856.436 	 SendDropSec : 0.000
Total Time : 6249.228 	 TPS : 23.877 	 RecvSec : 2.985 	 SendSec : 2981.589 	 SendDropSec : 0.000
Total Time : 6250.582 	 TPS : 84.160 	 RecvSec : 46.509 	 SendSec : 46462.904 	 SendDropSec : 0.000
Total Time : 6251.583 	 TPS : 143.930 	 RecvSec : 87.957 	 SendSec : 87869.375 	 SendDropSec : 0.000
Total Time : 6252.979 	 TPS : 61.615 	 RecvSec : 27.225 	 SendSec : 27197.846 	 SendDropSec : 0.000
Total Time : 6253.979 	 TPS : 138.989 	 RecvSec : 77.994 	 SendSec : 77915.938 	 SendDropSec : 0.000
Total Time : 6255.620 	 TPS : 118.209 	 RecvSec : 67.026 	 SendSec : 66958.639 	 SendDropSec : 0.000
Total Time : 6256.622 	 TPS : 131.755 	 RecvSec : 72.864 	 SendSec : 72791.462 	 SendDropSec : 0.000
Total Time : 6258.237 	 TPS : 55.085 	 RecvSec : 33.422 	 SendSec : 33388.882 	 SendDropSec : 0.000
Total Time : 6259.324 	 TPS : 134.334 	 RecvSec : 59.806 	 SendSec : 59746.588 	 SendDropSec : 0.000
Total Time : 6260.745 	 TPS : 67.585 	 RecvSec : 42.944 	 SendSec : 42901.498 	 SendDropSec : 0.000
Total Time : 6261.957 	 TPS : 97.353 	 RecvSec : 51.977 	 SendSec : 51924.735 	 SendDropSec : 0.000
Total Time : 6263.593 	 TPS : 79.456 	 RecvSec : 38.506 	 SendSec : 38467.091 	 SendDropSec : 0.000
Total Time : 6264.710 	 TPS : 108.317 	 RecvSec : 58.187 	 SendSec : 58128.876 	 SendDropSec : 0.000
Total Time : 6266.372 	 TPS : 63.792 	 RecvSec : 36.710 	 SendSec : 36673.574 	 SendDropSec : 0.000
Total Time : 6267.833 	 TPS : 161.484 	 RecvSec : 86.216 	 SendSec : 86129.741 	 SendDropSec : 0.000
Total Time : 6269.170 	 TPS : 98.011 	 RecvSec : 47.135 	 SendSec : 47088.066 	 SendDropSec : 0.000
Total Time : 6270.739 	 TPS : 84.140 	 RecvSec : 40.158 	 SendSec : 40117.592 	 SendDropSec : 0.000
Total Time : 6271.945 	 TPS : 107.727 	 RecvSec : 52.206 	 SendSec : 52153.718 	 SendDropSec : 0.000
Total Time : 6272.952 	 TPS : 217.579 	 RecvSec : 121.208 	 SendSec : 121087.107 	 SendDropSec : 0.000
Total Time : 6274.141 	 TPS : 34.478 	 RecvSec : 3.364 	 SendSec : 3360.327 	 SendDropSec : 0.000
Total Time : 6276.415 	 TPS : 115.204 	 RecvSec : 55.403 	 SendSec : 55348.044 	 SendDropSec : 0.000
Total Time : 6277.528 	 TPS : 146.417 	 RecvSec : 58.387 	 SendSec : 58328.750 	 SendDropSec : 0.000
Total Time : 6278.616 	 TPS : 118.662 	 RecvSec : 56.112 	 SendSec : 56055.491 	 SendDropSec : 0.000
Total Time : 6279.813 	 TPS : 123.616 	 RecvSec : 52.620 	 SendSec : 52567.788 	 SendDropSec : 0.000
Total Time : 6281.248 	 TPS : 92.701 	 RecvSec : 43.911 	 SendSec : 43867.203 	 SendDropSec : 0.000
Total Time : 6282.377 	 TPS : 147.923 	 RecvSec : 55.803 	 SendSec : 55747.481 	 SendDropSec : 0.000
Total Time : 6283.739 	 TPS : 105.687 	 RecvSec : 46.238 	 SendSec : 46191.873 	 SendDropSec : 0.000
Total Time : 6284.904 	 TPS : 146.731 	 RecvSec : 55.775 	 SendSec : 55719.176 	 SendDropSec : 0.000
Total Time : 6286.016 	 TPS : 136.728 	 RecvSec : 56.670 	 SendSec : 56613.341 	 SendDropSec : 0.000
Total Time : 6287.018 	 TPS : 271.408 	 RecvSec : 123.730 	 SendSec : 123606.488 	 SendDropSec : 0.000
Total Time : 6288.520 	 TPS : 103.871 	 RecvSec : 41.948 	 SendSec : 41905.847 	 SendDropSec : 0.000
Total Time : 6290.211 	 TPS : 91.652 	 RecvSec : 37.252 	 SendSec : 37214.976 	 SendDropSec : 0.000
Total Time : 6292.016 	 TPS : 78.126 	 RecvSec : 34.907 	 SendSec : 34872.584 	 SendDropSec : 0.000
Total Time : 6293.017 	 TPS : 280.891 	 RecvSec : 123.952 	 SendSec : 123828.165 	 SendDropSec : 0.000
Total Time : 6295.376 	 TPS : 73.319 	 RecvSec : 27.548 	 SendSec : 27520.039 	 SendDropSec : 0.000
Total Time : 6296.925 	 TPS : 89.720 	 RecvSec : 40.664 	 SendSec : 40623.798 	 SendDropSec : 0.000
Total Time : 6297.925 	 TPS : 287.991 	 RecvSec : 124.996 	 SendSec : 124870.942 	 SendDropSec : 0.000
Total Time : 6299.111 	 TPS : 10.962 	 RecvSec : 0.843 	 SendSec : 842.353 	 SendDropSec : 0.000
Total Time : 6300.802 	 TPS : 82.222 	 RecvSec : 37.266 	 SendSec : 37228.853 	 SendDropSec : 0.000
Total Time : 6302.474 	 TPS : 93.873 	 RecvSec : 37.669 	 SendSec : 37630.979 	 SendDropSec : 0.000
Total Time : 6304.429 	 TPS : 73.147 	 RecvSec : 32.226 	 SendSec : 32193.456 	 SendDropSec : 0.000
Total Time : 6305.595 	 TPS : 116.648 	 RecvSec : 54.035 	 SendSec : 53981.362 	 SendDropSec : 0.000
Total Time : 6306.596 	 TPS : 170.873 	 RecvSec : 87.935 	 SendSec : 87846.695 	 SendDropSec : 0.000
Total Time : 6307.606 	 TPS : 127.767 	 RecvSec : 37.637 	 SendSec : 37599.045 	 SendDropSec : 0.000
Total Time : 6308.943 	 TPS : 113.634 	 RecvSec : 47.098 	 SendSec : 47051.307 	 SendDropSec : 0.000
Total Time : 6310.900 	 TPS : 73.080 	 RecvSec : 32.196 	 SendSec : 32163.773 	 SendDropSec : 0.000
Total Time : 6311.969 	 TPS : 159.036 	 RecvSec : 60.808 	 SendSec : 60747.021 	 SendDropSec : 0.000
Total Time : 6313.425 	 TPS : 90.001 	 RecvSec : 41.909 	 SendSec : 41867.100 	 SendDropSec : 0.000
Total Time : 6314.549 	 TPS : 138.692 	 RecvSec : 57.788 	 SendSec : 57730.648 	 SendDropSec : 0.000
Total Time : 6315.679 	 TPS : 239.823 	 RecvSec : 109.735 	 SendSec : 109624.837 	 SendDropSec : 0.000
Total Time : 6317.525 	 TPS : 77.491 	 RecvSec : 34.140 	 SendSec : 34105.452 	 SendDropSec : 0.000
Total Time : 6319.311 	 TPS : 88.428 	 RecvSec : 35.259 	 SendSec : 35223.941 	 SendDropSec : 0.000
Total Time : 6320.405 	 TPS : 159.154 	 RecvSec : 59.454 	 SendSec : 59394.584 	 SendDropSec : 0.000
Total Time : 6321.424 	 TPS : 131.497 	 RecvSec : 59.861 	 SendSec : 59800.747 	 SendDropSec : 0.000
Total Time : 6322.801 	 TPS : 92.211 	 RecvSec : 45.742 	 SendSec : 45696.703 	 SendDropSec : 0.000
Total Time : 6324.240 	 TPS : 66.005 	 RecvSec : 43.772 	 SendSec : 43727.901 	 SendDropSec : 0.000
Total Time : 6325.242 	 TPS : 158.714 	 RecvSec : 106.807 	 SendSec : 106700.395 	 SendDropSec : 0.000
Total Time : 6327.499 	 TPS : 104.547 	 RecvSec : 36.326 	 SendSec : 36289.467 	 SendDropSec : 0.000
Total Time : 6329.302 	 TPS : 77.101 	 RecvSec : 34.945 	 SendSec : 34909.949 	 SendDropSec : 0.000
Total Time : 6330.824 	 TPS : 90.005 	 RecvSec : 41.389 	 SendSec : 41347.784 	 SendDropSec : 0.000
Total Time : 6331.936 	 TPS : 136.778 	 RecvSec : 58.490 	 SendSec : 58432.008 	 SendDropSec : 0.000
Total Time : 6333.081 	 TPS : 136.253 	 RecvSec : 55.025 	 SendSec : 54970.326 	 SendDropSec : 0.000
Total Time : 6334.081 	 TPS : 211.976 	 RecvSec : 118.987 	 SendSec : 118867.806 	 SendDropSec : 0.000
Total Time : 6335.313 	 TPS : 51.925 	 RecvSec : 4.057 	 SendSec : 4052.595 	 SendDropSec : 0.000
Total Time : 6336.314 	 TPS : 280.944 	 RecvSec : 124.975 	 SendSec : 124849.905 	 SendDropSec : 0.000
Total Time : 6337.940 	 TPS : 4.918 	 RecvSec : 0.615 	 SendSec : 614.131 	 SendDropSec : 0.000
Total Time : 6339.799 	 TPS : 82.855 	 RecvSec : 33.895 	 SendSec : 33861.282 	 SendDropSec : 0.000
Total Time : 6340.949 	 TPS : 142.613 	 RecvSec : 56.523 	 SendSec : 56466.926 	 SendDropSec : 0.000
Total Time : 6342.654 	 TPS : 81.524 	 RecvSec : 35.777 	 SendSec : 35740.873 	 SendDropSec : 0.000
Total Time : 6344.579 	 TPS : 80.007 	 RecvSec : 32.730 	 SendSec : 32697.540 	 SendDropSec : 0.000
Total Time : 6345.643 	 TPS : 169.161 	 RecvSec : 61.086 	 SendSec : 61024.708 	 SendDropSec : 0.000
Total Time : 6347.330 	 TPS : 78.225 	 RecvSec : 36.150 	 SendSec : 36113.479 	 SendDropSec : 0.000
Total Time : 6348.331 	 TPS : 303.612 	 RecvSec : 124.841 	 SendSec : 124715.775 	 SendDropSec : 0.000
Total Time : 6349.361 	 TPS : 33.982 	 RecvSec : 2.913 	 SendSec : 2909.855 	 SendDropSec : 0.000
Total Time : 6350.816 	 TPS : 94.877 	 RecvSec : 41.938 	 SendSec : 41896.471 	 SendDropSec : 0.000
Total Time : 6352.521 	 TPS : 172.476 	 RecvSec : 73.918 	 SendSec : 73844.453 	 SendDropSec : 0.000
Total Time : 6353.529 	 TPS : 153.700 	 RecvSec : 62.472 	 SendSec : 62409.150 	 SendDropSec : 0.000
Total Time : 6354.818 	 TPS : 125.644 	 RecvSec : 48.861 	 SendSec : 48812.536 	 SendDropSec : 0.000
Total Time : 6355.900 	 TPS : 139.583 	 RecvSec : 58.237 	 SendSec : 58178.478 	 SendDropSec : 0.000
Total Time : 6356.951 	 TPS : 292.963 	 RecvSec : 119.848 	 SendSec : 119728.629 	 SendDropSec : 0.000
Total Time : 6357.954 	 TPS : 158.524 	 RecvSec : 63.808 	 SendSec : 63744.600 	 SendDropSec : 0.000
Total Time : 6360.372 	 TPS : 125.732 	 RecvSec : 51.699 	 SendSec : 51647.364 	 SendDropSec : 0.000
Total Time : 6361.403 	 TPS : 179.495 	 RecvSec : 63.066 	 SendSec : 63002.756 	 SendDropSec : 0.000
Total Time : 6362.416 	 TPS : 139.243 	 RecvSec : 62.215 	 SendSec : 62152.714 	 SendDropSec : 0.000
Total Time : 6363.416 	 TPS : 194.967 	 RecvSec : 104.982 	 SendSec : 104877.244 	 SendDropSec : 0.000
Total Time : 6364.482 	 TPS : 72.230 	 RecvSec : 17.823 	 SendSec : 17805.143 	 SendDropSec : 0.000
Total Time : 6365.486 	 TPS : 141.426 	 RecvSec : 62.745 	 SendSec : 62682.409 	 SendDropSec : 0.000
Total Time : 6367.034 	 TPS : 87.870 	 RecvSec : 40.704 	 SendSec : 40663.793 	 SendDropSec : 0.000
Total Time : 6368.149 	 TPS : 159.562 	 RecvSec : 58.267 	 SendSec : 58208.893 	 SendDropSec : 0.000
Total Time : 6369.659 	 TPS : 88.777 	 RecvSec : 40.414 	 SendSec : 40373.130 	 SendDropSec : 0.000
Total Time : 6370.724 	 TPS : 130.491 	 RecvSec : 59.144 	 SendSec : 59084.468 	 SendDropSec : 0.000
Total Time : 6371.995 	 TPS : 125.071 	 RecvSec : 49.557 	 SendSec : 49506.995 	 SendDropSec : 0.000
Total Time : 6373.508 	 TPS : 88.580 	 RecvSec : 41.646 	 SendSec : 41604.330 	 SendDropSec : 0.000
Total Time : 6374.796 	 TPS : 118.771 	 RecvSec : 48.906 	 SendSec : 48856.984 	 SendDropSec : 0.000
Total Time : 6376.070 	 TPS : 114.563 	 RecvSec : 49.435 	 SendSec : 49385.392 	 SendDropSec : 0.000
Total Time : 6377.434 	 TPS : 222.921 	 RecvSec : 92.395 	 SendSec : 92302.406 	 SendDropSec : 0.000
Total Time : 6379.272 	 TPS : 84.867 	 RecvSec : 34.273 	 SendSec : 34239.039 	 SendDropSec : 0.000
Total Time : 6380.971 	 TPS : 92.431 	 RecvSec : 37.090 	 SendSec : 37052.900 	 SendDropSec : 0.000
Total Time : 6382.724 	 TPS : 83.283 	 RecvSec : 35.937 	 SendSec : 35901.445 	 SendDropSec : 0.000
Total Time : 6384.088 	 TPS : 112.869 	 RecvSec : 46.174 	 SendSec : 46127.390 	 SendDropSec : 0.000
Total Time : 6385.898 	 TPS : 90.630 	 RecvSec : 34.815 	 SendSec : 34780.211 	 SendDropSec : 0.000
Total Time : 6387.804 	 TPS : 79.196 	 RecvSec : 33.042 	 SendSec : 33009.149 	 SendDropSec : 0.000
Total Time : 6389.228 	 TPS : 102.571 	 RecvSec : 44.260 	 SendSec : 44215.925 	 SendDropSec : 0.000
Total Time : 6390.228 	 TPS : 246.891 	 RecvSec : 107.952 	 SendSec : 107844.495 	 SendDropSec : 0.000
Total Time : 6391.279 	 TPS : 60.896 	 RecvSec : 17.127 	 SendSec : 17109.952 	 SendDropSec : 0.000
Total Time : 6392.734 	 TPS : 99.690 	 RecvSec : 43.314 	 SendSec : 43270.242 	 SendDropSec : 0.000
Total Time : 6394.455 	 TPS : 177.736 	 RecvSec : 73.185 	 SendSec : 73112.039 	 SendDropSec : 0.000
Total Time : 6395.456 	 TPS : 182.830 	 RecvSec : 87.918 	 SendSec : 87830.291 	 SendDropSec : 0.000
Total Time : 6396.800 	 TPS : 202.406 	 RecvSec : 75.158 	 SendSec : 75082.929 	 SendDropSec : 0.000
Total Time : 6397.801 	 TPS : 178.901 	 RecvSec : 63.965 	 SendSec : 63900.740 	 SendDropSec : 0.000
Total Time : 6399.666 	 TPS : 75.057 	 RecvSec : 33.239 	 SendSec : 33206.105 	 SendDropSec : 0.000
Total Time : 6400.666 	 TPS : 152.943 	 RecvSec : 63.976 	 SendSec : 63912.327 	 SendDropSec : 0.000
Total Time : 6402.535 	 TPS : 73.857 	 RecvSec : 33.182 	 SendSec : 33148.850 	 SendDropSec : 0.000
Total Time : 6404.300 	 TPS : 96.890 	 RecvSec : 35.696 	 SendSec : 35660.634 	 SendDropSec : 0.000
Total Time : 6405.594 	 TPS : 122.060 	 RecvSec : 48.669 	 SendSec : 48620.646 	 SendDropSec : 0.000
Total Time : 6406.609 	 TPS : 154.756 	 RecvSec : 62.099 	 SendSec : 62037.341 	 SendDropSec : 0.000
Total Time : 6407.773 	 TPS : 152.081 	 RecvSec : 55.849 	 SendSec : 55792.951 	 SendDropSec : 0.000
Total Time : 6408.932 	 TPS : 120.772 	 RecvSec : 52.622 	 SendSec : 52569.295 	 SendDropSec : 0.000
Total Time : 6410.527 	 TPS : 99.032 	 RecvSec : 39.488 	 SendSec : 39448.101 	 SendDropSec : 0.000
Total Time : 6411.683 	 TPS : 131.496 	 RecvSec : 54.502 	 SendSec : 54447.087 	 SendDropSec : 0.000
Total Time : 6413.845 	 TPS : 141.981 	 RecvSec : 58.272 	 SendSec : 58214.067 	 SendDropSec : 0.000
Total Time : 6414.846 	 TPS : 196.948 	 RecvSec : 87.977 	 SendSec : 87888.876 	 SendDropSec : 0.000
Total Time : 6416.018 	 TPS : 93.809 	 RecvSec : 32.407 	 SendSec : 32374.294 	 SendDropSec : 0.000
Total Time : 6417.570 	 TPS : 201.773 	 RecvSec : 81.225 	 SendSec : 81143.698 	 SendDropSec : 0.000
Total Time : 6418.570 	 TPS : 313.867 	 RecvSec : 124.947 	 SendSec : 124822.075 	 SendDropSec : 0.000
Total Time : 6419.666 	 TPS : 6.389 	 RecvSec : 0.913 	 SendSec : 911.808 	 SendDropSec : 0.000
Total Time : 6421.258 	 TPS : 103.012 	 RecvSec : 39.572 	 SendSec : 39531.956 	 SendDropSec : 0.000
Total Time : 6422.297 	 TPS : 169.386 	 RecvSec : 62.557 	 SendSec : 62494.929 	 SendDropSec : 0.000
Total Time : 6423.469 	 TPS : 132.222 	 RecvSec : 53.742 	 SendSec : 53688.285 	 SendDropSec : 0.000
Total Time : 6424.471 	 TPS : 287.454 	 RecvSec : 124.763 	 SendSec : 124638.163 	 SendDropSec : 0.000
Total Time : 6425.640 	 TPS : 143.678 	 RecvSec : 54.734 	 SendSec : 54679.667 	 SendDropSec : 0.000
Total Time : 6427.400 	 TPS : 69.888 	 RecvSec : 34.660 	 SendSec : 34625.048 	 SendDropSec : 0.000
Total Time : 6428.400 	 TPS : 205.980 	 RecvSec : 91.991 	 SendSec : 91899.297 	 SendDropSec : 0.000
Total Time : 6429.401 	 TPS : 118.862 	 RecvSec : 34.959 	 SendSec : 34924.390 	 SendDropSec : 0.000
Total Time : 6431.277 	 TPS : 77.309 	 RecvSec : 33.056 	 SendSec : 33023.045 	 SendDropSec : 0.000
Total Time : 6432.481 	 TPS : 126.259 	 RecvSec : 52.331 	 SendSec : 52278.501 	 SendDropSec : 0.000
Total Time : 6434.212 	 TPS : 88.393 	 RecvSec : 36.397 	 SendSec : 36360.758 	 SendDropSec : 0.000
Total Time : 6435.235 	 TPS : 157.319 	 RecvSec : 61.560 	 SendSec : 61498.128 	 SendDropSec : 0.000
Total Time : 6436.236 	 TPS : 258.886 	 RecvSec : 109.952 	 SendSec : 109841.834 	 SendDropSec : 0.000
Total Time : 6437.940 	 TPS : 134.328 	 RecvSec : 46.340 	 SendSec : 46293.790 	 SendDropSec : 0.000
Total Time : 6439.660 	 TPS : 90.700 	 RecvSec : 36.629 	 SendSec : 36592.177 	 SendDropSec : 0.000
Total Time : 6440.715 	 TPS : 140.306 	 RecvSec : 59.725 	 SendSec : 59664.945 	 SendDropSec : 0.000
Total Time : 6442.147 	 TPS : 115.947 	 RecvSec : 44.004 	 SendSec : 43959.963 	 SendDropSec : 0.000
Total Time : 6443.148 	 TPS : 153.810 	 RecvSec : 62.922 	 SendSec : 62859.507 	 SendDropSec : 0.000
Total Time : 6444.152 	 TPS : 155.348 	 RecvSec : 62.737 	 SendSec : 62673.826 	 SendDropSec : 0.000
Total Time : 6445.355 	 TPS : 124.691 	 RecvSec : 52.370 	 SendSec : 52317.843 	 SendDropSec : 0.000
Total Time : 6447.100 	 TPS : 87.095 	 RecvSec : 36.099 	 SendSec : 36062.574 	 SendDropSec : 0.000
Total Time : 6448.230 	 TPS : 154.019 	 RecvSec : 54.880 	 SendSec : 54825.295 	 SendDropSec : 0.000
Total Time : 6450.164 	 TPS : 92.048 	 RecvSec : 33.096 	 SendSec : 33062.756 	 SendDropSec : 0.000
Total Time : 6451.253 	 TPS : 190.963 	 RecvSec : 59.676 	 SendSec : 59616.132 	 SendDropSec : 0.000
Total Time : 6452.279 	 TPS : 128.703 	 RecvSec : 59.476 	 SendSec : 59416.731 	 SendDropSec : 0.000
Total Time : 6454.286 	 TPS : 164.380 	 RecvSec : 62.763 	 SendSec : 62700.534 	 SendDropSec : 0.000
Total Time : 6455.287 	 TPS : 252.842 	 RecvSec : 121.924 	 SendSec : 121801.764 	 SendDropSec : 0.000
Total Time : 6456.524 	 TPS : 42.832 	 RecvSec : 3.233 	 SendSec : 3229.392 	 SendDropSec : 0.000
Total Time : 6458.270 	 TPS : 105.987 	 RecvSec : 36.093 	 SendSec : 36056.854 	 SendDropSec : 0.000
Total Time : 6459.993 	 TPS : 92.297 	 RecvSec : 36.570 	 SendSec : 36533.881 	 SendDropSec : 0.000
Total Time : 6461.057 	 TPS : 173.828 	 RecvSec : 61.075 	 SendSec : 61013.572 	 SendDropSec : 0.000
Total Time : 6462.422 	 TPS : 227.779 	 RecvSec : 90.819 	 SendSec : 90727.727 	 SendDropSec : 0.000
Total Time : 6463.947 	 TPS : 104.951 	 RecvSec : 41.325 	 SendSec : 41283.228 	 SendDropSec : 0.000
Total Time : 6465.268 	 TPS : 139.224 	 RecvSec : 47.669 	 SendSec : 47621.458 	 SendDropSec : 0.000
Total Time : 6466.269 	 TPS : 254.803 	 RecvSec : 111.913 	 SendSec : 111801.443 	 SendDropSec : 0.000
Total Time : 6467.799 	 TPS : 45.101 	 RecvSec : 9.151 	 SendSec : 9141.779 	 SendDropSec : 0.000
Total Time : 6469.095 	 TPS : 129.615 	 RecvSec : 48.605 	 SendSec : 48556.846 	 SendDropSec : 0.000
Total Time : 6470.760 	 TPS : 98.487 	 RecvSec : 37.833 	 SendSec : 37795.564 	 SendDropSec : 0.000
Total Time : 6472.303 	 TPS : 116.677 	 RecvSec : 40.837 	 SendSec : 40796.214 	 SendDropSec : 0.000
Total Time : 6473.884 	 TPS : 108.139 	 RecvSec : 39.841 	 SendSec : 39800.684 	 SendDropSec : 0.000
Total Time : 6475.821 	 TPS : 96.024 	 RecvSec : 32.524 	 SendSec : 32491.766 	 SendDropSec : 0.000
Total Time : 6477.485 	 TPS : 95.583 	 RecvSec : 37.873 	 SendSec : 37834.769 	 SendDropSec : 0.000
Total Time : 6478.498 	 TPS : 338.669 	 RecvSec : 123.422 	 SendSec : 123298.262 	 SendDropSec : 0.000
Total Time : 6479.498 	 TPS : 122.995 	 RecvSec : 51.998 	 SendSec : 51946.094 	 SendDropSec : 0.000
Total Time : 6480.499 	 TPS : 79.907 	 RecvSec : 12.985 	 SendSec : 12971.971 	 SendDropSec : 0.000
Total Time : 6481.541 	 TPS : 183.332 	 RecvSec : 61.431 	 SendSec : 61369.108 	 SendDropSec : 0.000
Total Time : 6482.542 	 TPS : 165.783 	 RecvSec : 62.918 	 SendSec : 62854.736 	 SendDropSec : 0.000
Total Time : 6483.684 	 TPS : 147.967 	 RecvSec : 55.159 	 SendSec : 55104.057 	 SendDropSec : 0.000
Total Time : 6485.222 	 TPS : 95.595 	 RecvSec : 39.669 	 SendSec : 39629.183 	 SendDropSec : 0.000
Total Time : 6487.805 	 TPS : 137.805 	 RecvSec : 48.774 	 SendSec : 48724.954 	 SendDropSec : 0.000
Total Time : 6489.416 	 TPS : 109.897 	 RecvSec : 39.116 	 SendSec : 39076.846 	 SendDropSec : 0.000
Total Time : 6490.536 	 TPS : 159.846 	 RecvSec : 56.259 	 SendSec : 56202.281 	 SendDropSec : 0.000
Total Time : 6491.917 	 TPS : 128.899 	 RecvSec : 45.622 	 SendSec : 45576.012 	 SendDropSec : 0.000
Total Time : 6493.724 	 TPS : 91.849 	 RecvSec : 34.858 	 SendSec : 34823.628 	 SendDropSec : 0.000
Total Time : 6494.728 	 TPS : 194.291 	 RecvSec : 64.764 	 SendSec : 64698.927 	 SendDropSec : 0.000
Total Time : 6496.729 	 TPS : 154.377 	 RecvSec : 61.951 	 SendSec : 61888.622 	 SendDropSec : 0.000
Total Time : 6498.686 	 TPS : 87.367 	 RecvSec : 32.188 	 SendSec : 32155.535 	 SendDropSec : 0.000
Total Time : 6499.800 	 TPS : 307.018 	 RecvSec : 113.112 	 SendSec : 112998.864 	 SendDropSec : 0.000
Total Time : 6501.224 	 TPS : 126.415 	 RecvSec : 44.245 	 SendSec : 44200.926 	 SendDropSec : 0.000
Total Time : 6503.039 	 TPS : 100.294 	 RecvSec : 34.717 	 SendSec : 34682.501 	 SendDropSec : 0.000
Total Time : 6504.117 	 TPS : 170.661 	 RecvSec : 58.433 	 SendSec : 58374.382 	 SendDropSec : 0.000
Total Time : 6505.618 	 TPS : 107.235 	 RecvSec : 41.961 	 SendSec : 41919.426 	 SendDropSec : 0.000
Total Time : 6506.977 	 TPS : 136.867 	 RecvSec : 46.358 	 SendSec : 46311.807 	 SendDropSec : 0.000
Total Time : 6508.285 	 TPS : 133.117 	 RecvSec : 48.197 	 SendSec : 48149.252 	 SendDropSec : 0.000
Total Time : 6509.397 	 TPS : 181.593 	 RecvSec : 58.433 	 SendSec : 58374.988 	 SendDropSec : 0.000
Total Time : 6511.048 	 TPS : 208.338 	 RecvSec : 75.099 	 SendSec : 75023.497 	 SendDropSec : 0.000
Total Time : 6512.830 	 TPS : 101.594 	 RecvSec : 35.361 	 SendSec : 35326.030 	 SendDropSec : 0.000
Total Time : 6513.830 	 TPS : 251.978 	 RecvSec : 87.992 	 SendSec : 87904.387 	 SendDropSec : 0.000
Total Time : 6515.329 	 TPS : 88.719 	 RecvSec : 25.348 	 SendSec : 25322.822 	 SendDropSec : 0.000
Total Time : 6516.640 	 TPS : 141.094 	 RecvSec : 48.048 	 SendSec : 48000.084 	 SendDropSec : 0.000
Total Time : 6518.034 	 TPS : 130.539 	 RecvSec : 45.187 	 SendSec : 45141.376 	 SendDropSec : 0.000
Total Time : 6519.122 	 TPS : 158.179 	 RecvSec : 57.938 	 SendSec : 57879.623 	 SendDropSec : 0.000
Total Time : 6520.288 	 TPS : 172.388 	 RecvSec : 55.747 	 SendSec : 55691.703 	 SendDropSec : 0.000
Total Time : 6521.761 	 TPS : 222.684 	 RecvSec : 84.185 	 SendSec : 84101.094 	 SendDropSec : 0.000
Total Time : 6522.761 	 TPS : 193.961 	 RecvSec : 63.987 	 SendSec : 63922.998 	 SendDropSec : 0.000
Total Time : 6523.822 	 TPS : 177.146 	 RecvSec : 60.305 	 SendSec : 60244.739 	 SendDropSec : 0.000
Total Time : 6525.235 	 TPS : 228.544 	 RecvSec : 87.738 	 SendSec : 87650.559 	 SendDropSec : 0.000
Total Time : 6526.508 	 TPS : 145.417 	 RecvSec : 49.520 	 SendSec : 49470.948 	 SendDropSec : 0.000
Total Time : 6527.920 	 TPS : 132.422 	 RecvSec : 44.613 	 SendSec : 44568.130 	 SendDropSec : 0.000
Total Time : 6528.931 	 TPS : 169.144 	 RecvSec : 62.316 	 SendSec : 62253.857 	 SendDropSec : 0.000
Total Time : 6530.608 	 TPS : 110.308 	 RecvSec : 37.564 	 SendSec : 37526.709 	 SendDropSec : 0.000
Total Time : 6532.314 	 TPS : 98.486 	 RecvSec : 36.932 	 SendSec : 36895.409 	 SendDropSec : 0.000
Total Time : 6533.314 	 TPS : 293.932 	 RecvSec : 122.971 	 SendSec : 122848.475 	 SendDropSec : 0.000
Total Time : 6534.387 	 TPS : 46.610 	 RecvSec : 2.797 	 SendSec : 2793.789 	 SendDropSec : 0.000
Total Time : 6536.019 	 TPS : 115.812 	 RecvSec : 38.604 	 SendSec : 38565.402 	 SendDropSec : 0.000
Total Time : 6537.337 	 TPS : 141.875 	 RecvSec : 47.798 	 SendSec : 47749.828 	 SendDropSec : 0.000
Total Time : 6539.300 	 TPS : 188.929 	 RecvSec : 64.165 	 SendSec : 64100.547 	 SendDropSec : 0.000
Total Time : 6541.129 	 TPS : 106.063 	 RecvSec : 34.443 	 SendSec : 34408.594 	 SendDropSec : 0.000
Total Time : 6542.467 	 TPS : 137.550 	 RecvSec : 47.096 	 SendSec : 47048.989 	 SendDropSec : 0.000
Total Time : 6543.469 	 TPS : 235.656 	 RecvSec : 87.872 	 SendSec : 87783.836 	 SendDropSec : 0.000
Total Time : 6545.074 	 TPS : 78.484 	 RecvSec : 23.670 	 SendSec : 23646.143 	 SendDropSec : 0.000
Total Time : 6546.659 	 TPS : 117.974 	 RecvSec : 39.745 	 SendSec : 39705.612 	 SendDropSec : 0.000
Total Time : 6547.660 	 TPS : 247.848 	 RecvSec : 88.945 	 SendSec : 88856.424 	 SendDropSec : 0.000
Total Time : 6548.660 	 TPS : 259.861 	 RecvSec : 98.947 	 SendSec : 98847.988 	 SendDropSec : 0.000
Total Time : 6549.754 	 TPS : 32.007 	 RecvSec : 2.743 	 SendSec : 2740.675 	 SendDropSec : 0.000
Total Time : 6550.900 	 TPS : 150.922 	 RecvSec : 53.215 	 SendSec : 53161.954 	 SendDropSec : 0.000
Total Time : 6552.113 	 TPS : 286.135 	 RecvSec : 103.899 	 SendSec : 103795.349 	 SendDropSec : 0.000
Total Time : 6553.627 	 TPS : 111.588 	 RecvSec : 41.598 	 SendSec : 41556.147 	 SendDropSec : 0.000
Total Time : 6555.025 	 TPS : 120.926 	 RecvSec : 45.079 	 SendSec : 45033.770 	 SendDropSec : 0.000
Total Time : 6556.366 	 TPS : 124.552 	 RecvSec : 46.987 	 SendSec : 46939.775 	 SendDropSec : 0.000
Total Time : 6557.939 	 TPS : 102.326 	 RecvSec : 40.041 	 SendSec : 40000.577 	 SendDropSec : 0.000
Total Time : 6559.658 	 TPS : 94.246 	 RecvSec : 36.651 	 SendSec : 36614.576 	 SendDropSec : 0.000
Total Time : 6560.658 	 TPS : 270.899 	 RecvSec : 111.958 	 SendSec : 111846.348 	 SendDropSec : 0.000
Total Time : 6562.322 	 TPS : 49.274 	 RecvSec : 8.413 	 SendSec : 8404.259 	 SendDropSec : 0.000
Total Time : 6563.821 	 TPS : 111.423 	 RecvSec : 42.034 	 SendSec : 41991.862 	 SendDropSec : 0.000
Total Time : 6564.821 	 TPS : 352.926 	 RecvSec : 124.974 	 SendSec : 124848.682 	 SendDropSec : 0.000
Total Time : 6565.822 	 TPS : 13.988 	 RecvSec : 1.998 	 SendSec : 1996.332 	 SendDropSec : 0.000
Total Time : 6567.756 	 TPS : 176.893 	 RecvSec : 64.654 	 SendSec : 64589.215 	 SendDropSec : 0.000
Total Time : 6568.947 	 TPS : 141.868 	 RecvSec : 52.886 	 SendSec : 52832.832 	 SendDropSec : 0.000
Total Time : 6570.101 	 TPS : 168.054 	 RecvSec : 56.307 	 SendSec : 56250.375 	 SendDropSec : 0.000
Total Time : 6571.494 	 TPS : 246.255 	 RecvSec : 89.025 	 SendSec : 88935.948 	 SendDropSec : 0.000
Total Time : 6572.649 	 TPS : 142.918 	 RecvSec : 54.569 	 SendSec : 54514.093 	 SendDropSec : 0.000
Total Time : 6574.579 	 TPS : 85.977 	 RecvSec : 32.630 	 SendSec : 32597.336 	 SendDropSec : 0.000
Total Time : 6576.431 	 TPS : 100.984 	 RecvSec : 34.021 	 SendSec : 33987.209 	 SendDropSec : 0.000
Total Time : 6577.442 	 TPS : 300.854 	 RecvSec : 122.717 	 SendSec : 122594.046 	 SendDropSec : 0.000
Total Time : 6578.450 	 TPS : 217.219 	 RecvSec : 66.455 	 SendSec : 66388.752 	 SendDropSec : 0.000
Total Time : 6579.450 	 TPS : 204.916 	 RecvSec : 85.965 	 SendSec : 85878.695 	 SendDropSec : 0.000
Total Time : 6580.739 	 TPS : 99.330 	 RecvSec : 29.489 	 SendSec : 29459.230 	 SendDropSec : 0.000
Total Time : 6582.686 	 TPS : 96.029 	 RecvSec : 32.352 	 SendSec : 32319.676 	 SendDropSec : 0.000
Total Time : 6585.048 	 TPS : 155.364 	 RecvSec : 53.340 	 SendSec : 53286.816 	 SendDropSec : 0.000
Total Time : 6586.049 	 TPS : 294.853 	 RecvSec : 113.943 	 SendSec : 113829.233 	 SendDropSec : 0.000
Total Time : 6587.049 	 TPS : 147.974 	 RecvSec : 37.993 	 SendSec : 37955.221 	 SendDropSec : 0.000
Total Time : 6588.746 	 TPS : 63.633 	 RecvSec : 21.800 	 SendSec : 21778.267 	 SendDropSec : 0.000
Total Time : 6590.448 	 TPS : 107.570 	 RecvSec : 37.032 	 SendSec : 36995.263 	 SendDropSec : 0.000
Total Time : 6592.231 	 TPS : 97.586 	 RecvSec : 35.333 	 SendSec : 35297.649 	 SendDropSec : 0.000
Total Time : 6593.239 	 TPS : 154.769 	 RecvSec : 62.503 	 SendSec : 62440.331 	 SendDropSec : 0.000
Total Time : 6594.239 	 TPS : 149.904 	 RecvSec : 62.960 	 SendSec : 62896.595 	 SendDropSec : 0.000
Total Time : 6595.932 	 TPS : 98.623 	 RecvSec : 37.205 	 SendSec : 37167.995 	 SendDropSec : 0.000
Total Time : 6596.933 	 TPS : 232.875 	 RecvSec : 88.952 	 SendSec : 88863.263 	 SendDropSec : 0.000
Total Time : 6598.370 	 TPS : 75.167 	 RecvSec : 25.752 	 SendSec : 25725.967 	 SendDropSec : 0.000
Total Time : 6599.600 	 TPS : 139.768 	 RecvSec : 51.194 	 SendSec : 51143.058 	 SendDropSec : 0.000
Total Time : 6601.199 	 TPS : 110.749 	 RecvSec : 39.419 	 SendSec : 39379.794 	 SendDropSec : 0.000
Total Time : 6602.746 	 TPS : 124.089 	 RecvSec : 40.717 	 SendSec : 40676.048 	 SendDropSec : 0.000
Total Time : 6604.014 	 TPS : 145.882 	 RecvSec : 49.679 	 SendSec : 49629.026 	 SendDropSec : 0.000
Total Time : 6605.962 	 TPS : 87.789 	 RecvSec : 32.343 	 SendSec : 32311.091 	 SendDropSec : 0.000
Total Time : 6608.185 	 TPS : 161.505 	 RecvSec : 56.684 	 SendSec : 56627.690 	 SendDropSec : 0.000
Total Time : 6609.572 	 TPS : 123.981 	 RecvSec : 45.412 	 SendSec : 45366.301 	 SendDropSec : 0.000
Total Time : 6611.189 	 TPS : 116.921 	 RecvSec : 38.974 	 SendSec : 38934.591 	 SendDropSec : 0.000
Total Time : 6612.351 	 TPS : 171.198 	 RecvSec : 55.919 	 SendSec : 55863.153 	 SendDropSec : 0.000
Total Time : 6613.973 	 TPS : 98.033 	 RecvSec : 37.610 	 SendSec : 37572.572 	 SendDropSec : 0.000
Total Time : 6615.119 	 TPS : 180.539 	 RecvSec : 56.691 	 SendSec : 56634.362 	 SendDropSec : 0.000
Total Time : 6616.120 	 TPS : 329.835 	 RecvSec : 121.939 	 SendSec : 121817.238 	 SendDropSec : 0.000
Total Time : 6618.651 	 TPS : 87.698 	 RecvSec : 25.677 	 SendSec : 25651.583 	 SendDropSec : 0.000
Total Time : 6619.715 	 TPS : 167.393 	 RecvSec : 59.246 	 SendSec : 59186.499 	 SendDropSec : 0.000
Total Time : 6621.140 	 TPS : 119.267 	 RecvSec : 44.199 	 SendSec : 44154.842 	 SendDropSec : 0.000
Total Time : 6622.556 	 TPS : 122.897 	 RecvSec : 44.497 	 SendSec : 44452.839 	 SendDropSec : 0.000
Total Time : 6623.556 	 TPS : 174.931 	 RecvSec : 63.975 	 SendSec : 63910.679 	 SendDropSec : 0.000
Total Time : 6624.631 	 TPS : 178.607 	 RecvSec : 59.536 	 SendSec : 59476.284 	 SendDropSec : 0.000
Total Time : 6626.490 	 TPS : 172.671 	 RecvSec : 66.701 	 SendSec : 66634.682 	 SendDropSec : 0.000
Total Time : 6627.575 	 TPS : 177.948 	 RecvSec : 59.931 	 SendSec : 59870.903 	 SendDropSec : 0.000
Total Time : 6629.232 	 TPS : 92.324 	 RecvSec : 36.809 	 SendSec : 36772.147 	 SendDropSec : 0.000
Total Time : 6630.562 	 TPS : 141.360 	 RecvSec : 47.371 	 SendSec : 47323.248 	 SendDropSec : 0.000
Total Time : 6632.343 	 TPS : 104.975 	 RecvSec : 35.366 	 SendSec : 35330.682 	 SendDropSec : 0.000
Total Time : 6634.226 	 TPS : 88.700 	 RecvSec : 33.462 	 SendSec : 33428.269 	 SendDropSec : 0.000
Total Time : 6636.106 	 TPS : 98.959 	 RecvSec : 33.518 	 SendSec : 33484.824 	 SendDropSec : 0.000
Total Time : 6637.106 	 TPS : 347.903 	 RecvSec : 120.966 	 SendSec : 120845.477 	 SendDropSec : 0.000
Total Time : 6639.164 	 TPS : 100.111 	 RecvSec : 33.046 	 SendSec : 33013.212 	 SendDropSec : 0.000
Total Time : 6640.697 	 TPS : 112.181 	 RecvSec : 41.089 	 SendSec : 41048.307 	 SendDropSec : 0.000
Total Time : 6642.339 	 TPS : 110.849 	 RecvSec : 38.371 	 SendSec : 38332.539 	 SendDropSec : 0.000
Total Time : 6643.780 	 TPS : 269.881 	 RecvSec : 87.416 	 SendSec : 87329.052 	 SendDropSec : 0.000
Total Time : 6645.058 	 TPS : 144.821 	 RecvSec : 49.317 	 SendSec : 49268.114 	 SendDropSec : 0.000
Total Time : 6646.309 	 TPS : 151.878 	 RecvSec : 50.360 	 SendSec : 50309.147 	 SendDropSec : 0.000
Total Time : 6647.470 	 TPS : 154.130 	 RecvSec : 54.247 	 SendSec : 54192.494 	 SendDropSec : 0.000
Total Time : 6648.747 	 TPS : 258.425 	 RecvSec : 98.672 	 SendSec : 98572.857 	 SendDropSec : 0.000
Total Time : 6650.435 	 TPS : 106.655 	 RecvSec : 37.329 	 SendSec : 37292.031 	 SendDropSec : 0.000
Total Time : 6651.436 	 TPS : 226.795 	 RecvSec : 87.920 	 SendSec : 87832.494 	 SendDropSec : 0.000
Total Time : 6652.622 	 TPS : 108.728 	 RecvSec : 32.028 	 SendSec : 31996.235 	 SendDropSec : 0.000
Total Time : 6653.969 	 TPS : 129.904 	 RecvSec : 46.765 	 SendSec : 46718.659 	 SendDropSec : 0.000
Total Time : 6655.843 	 TPS : 199.100 	 RecvSec : 67.256 	 SendSec : 67188.927 	 SendDropSec : 0.000
Total Time : 6656.875 	 TPS : 172.402 	 RecvSec : 61.019 	 SendSec : 60957.526 	 SendDropSec : 0.000
Total Time : 6658.267 	 TPS : 121.370 	 RecvSec : 45.244 	 SendSec : 45199.254 	 SendDropSec : 0.000
Total Time : 6659.514 	 TPS : 144.402 	 RecvSec : 50.541 	 SendSec : 50490.104 	 SendDropSec : 0.000
Total Time : 6661.220 	 TPS : 179.349 	 RecvSec : 73.850 	 SendSec : 73775.810 	 SendDropSec : 0.000
Total Time : 6662.276 	 TPS : 194.175 	 RecvSec : 61.568 	 SendSec : 61506.248 	 SendDropSec : 0.000
Total Time : 6664.265 	 TPS : 157.378 	 RecvSec : 62.348 	 SendSec : 62285.394 	 SendDropSec : 0.000
Total Time : 6665.265 	 TPS : 243.917 	 RecvSec : 87.970 	 SendSec : 87882.015 	 SendDropSec : 0.000
Total Time : 6666.968 	 TPS : 167.901 	 RecvSec : 59.294 	 SendSec : 59234.424 	 SendDropSec : 0.000
Total Time : 6668.722 	 TPS : 102.064 	 RecvSec : 35.922 	 SendSec : 35885.963 	 SendDropSec : 0.000
Total Time : 6670.241 	 TPS : 111.965 	 RecvSec : 41.493 	 SendSec : 41451.318 	 SendDropSec : 0.000
Total Time : 6671.615 	 TPS : 133.866 	 RecvSec : 45.835 	 SendSec : 45788.834 	 SendDropSec : 0.000
Total Time : 6673.515 	 TPS : 87.372 	 RecvSec : 33.159 	 SendSec : 33126.140 	 SendDropSec : 0.000
Total Time : 6674.813 	 TPS : 121.725 	 RecvSec : 48.536 	 SendSec : 48487.386 	 SendDropSec : 0.000
Total Time : 6675.839 	 TPS : 194.956 	 RecvSec : 63.361 	 SendSec : 63297.407 	 SendDropSec : 0.000
Total Time : 6676.839 	 TPS : 268.923 	 RecvSec : 121.965 	 SendSec : 121842.934 	 SendDropSec : 0.000
Total Time : 6678.068 	 TPS : 26.858 	 RecvSec : 1.628 	 SendSec : 1626.102 	 SendDropSec : 0.000
Total Time : 6679.069 	 TPS : 187.804 	 RecvSec : 63.933 	 SendSec : 63869.289 	 SendDropSec : 0.000
Total Time : 6680.911 	 TPS : 87.415 	 RecvSec : 33.663 	 SendSec : 33629.073 	 SendDropSec : 0.000
Total Time : 6681.911 	 TPS : 251.966 	 RecvSec : 88.988 	 SendSec : 88899.176 	 SendDropSec : 0.000
Total Time : 6683.351 	 TPS : 77.792 	 RecvSec : 25.699 	 SendSec : 25673.512 	 SendDropSec : 0.000
Total Time : 6684.762 	 TPS : 126.154 	 RecvSec : 44.650 	 SendSec : 44605.481 	 SendDropSec : 0.000
Total Time : 6686.288 	 TPS : 116.594 	 RecvSec : 41.266 	 SendSec : 41225.100 	 SendDropSec : 0.000
Total Time : 6687.432 	 TPS : 180.067 	 RecvSec : 56.817 	 SendSec : 56760.376 	 SendDropSec : 0.000
Total Time : 6688.433 	 TPS : 175.841 	 RecvSec : 61.944 	 SendSec : 61881.935 	 SendDropSec : 0.000
Total Time : 6690.878 	 TPS : 143.171 	 RecvSec : 51.132 	 SendSec : 51081.341 	 SendDropSec : 0.000
Total Time : 6691.879 	 TPS : 181.758 	 RecvSec : 63.915 	 SendSec : 63850.849 	 SendDropSec : 0.000
Total Time : 6692.954 	 TPS : 155.327 	 RecvSec : 57.666 	 SendSec : 57608.754 	 SendDropSec : 0.000
Total Time : 6694.383 	 TPS : 128.107 	 RecvSec : 44.102 	 SendSec : 44058.297 	 SendDropSec : 0.000
Total Time : 6695.511 	 TPS : 167.455 	 RecvSec : 55.818 	 SendSec : 55762.502 	 SendDropSec : 0.000
Total Time : 6697.210 	 TPS : 105.981 	 RecvSec : 37.093 	 SendSec : 37056.362 	 SendDropSec : 0.000
Total Time : 6698.210 	 TPS : 220.949 	 RecvSec : 88.979 	 SendSec : 88890.404 	 SendDropSec : 0.000
Total Time : 6699.403 	 TPS : 88.028 	 RecvSec : 31.019 	 SendSec : 30988.384 	 SendDropSec : 0.000
Total Time : 6701.317 	 TPS : 176.066 	 RecvSec : 65.829 	 SendSec : 65762.939 	 SendDropSec : 0.000
Total Time : 6703.071 	 TPS : 103.206 	 RecvSec : 35.923 	 SendSec : 35886.594 	 SendDropSec : 0.000
Total Time : 6704.071 	 TPS : 267.795 	 RecvSec : 88.932 	 SendSec : 88842.902 	 SendDropSec : 0.000
Total Time : 6705.542 	 TPS : 78.212 	 RecvSec : 25.164 	 SendSec : 25138.666 	 SendDropSec : 0.000
Total Time : 6707.258 	 TPS : 103.727 	 RecvSec : 36.712 	 SendSec : 36675.498 	 SendDropSec : 0.000
Total Time : 6708.407 	 TPS : 160.978 	 RecvSec : 56.560 	 SendSec : 56503.232 	 SendDropSec : 0.000
Total Time : 6709.407 	 TPS : 229.923 	 RecvSec : 86.971 	 SendSec : 86883.989 	 SendDropSec : 0.000
Total Time : 6710.868 	 TPS : 84.891 	 RecvSec : 25.330 	 SendSec : 25305.008 	 SendDropSec : 0.000
Total Time : 6711.979 	 TPS : 174.591 	 RecvSec : 56.697 	 SendSec : 56640.451 	 SendDropSec : 0.000
Total Time : 6713.131 	 TPS : 176.314 	 RecvSec : 56.455 	 SendSec : 56398.892 	 SendDropSec : 0.000
Total Time : 6714.393 	 TPS : 121.951 	 RecvSec : 48.305 	 SendSec : 48256.773 	 SendDropSec : 0.000
Total Time : 6716.292 	 TPS : 98.505 	 RecvSec : 33.186 	 SendSec : 33153.069 	 SendDropSec : 0.000
Total Time : 6718.736 	 TPS : 146.879 	 RecvSec : 51.551 	 SendSec : 51499.249 	 SendDropSec : 0.000
Total Time : 6719.954 	 TPS : 152.733 	 RecvSec : 51.732 	 SendSec : 51680.268 	 SendDropSec : 0.000
Total Time : 6721.367 	 TPS : 117.455 	 RecvSec : 44.576 	 SendSec : 44531.764 	 SendDropSec : 0.000
Total Time : 6722.474 	 TPS : 169.857 	 RecvSec : 56.920 	 SendSec : 56863.208 	 SendDropSec : 0.000
Total Time : 6723.476 	 TPS : 211.630 	 RecvSec : 66.883 	 SendSec : 66816.179 	 SendDropSec : 0.000
Total Time : 6724.599 	 TPS : 135.285 	 RecvSec : 52.512 	 SendSec : 52459.573 	 SendDropSec : 0.000
Total Time : 6726.091 	 TPS : 126.051 	 RecvSec : 42.240 	 SendSec : 42198.212 	 SendDropSec : 0.000
Total Time : 6727.285 	 TPS : 153.221 	 RecvSec : 52.748 	 SendSec : 52695.538 	 SendDropSec : 0.000
Total Time : 6728.388 	 TPS : 184.096 	 RecvSec : 58.947 	 SendSec : 58888.201 	 SendDropSec : 0.000
Total Time : 6729.552 	 TPS : 140.827 	 RecvSec : 52.381 	 SendSec : 52328.480 	 SendDropSec : 0.000
Total Time : 6730.774 	 TPS : 146.566 	 RecvSec : 51.585 	 SendSec : 51533.084 	 SendDropSec : 0.000
Total Time : 6731.774 	 TPS : 368.855 	 RecvSec : 124.951 	 SendSec : 124825.794 	 SendDropSec : 0.000
Total Time : 6733.201 	 TPS : 5.606 	 RecvSec : 0.701 	 SendSec : 700.012 	 SendDropSec : 0.000
Total Time : 6734.264 	 TPS : 161.879 	 RecvSec : 59.293 	 SendSec : 59233.731 	 SendDropSec : 0.000
Total Time : 6735.264 	 TPS : 365.863 	 RecvSec : 124.953 	 SendSec : 124828.214 	 SendDropSec : 0.000
Total Time : 6736.509 	 TPS : 155.859 	 RecvSec : 51.417 	 SendSec : 51366.050 	 SendDropSec : 0.000
Total Time : 6737.567 	 TPS : 193.750 	 RecvSec : 61.433 	 SendSec : 61371.466 	 SendDropSec : 0.000
Total Time : 6739.267 	 TPS : 92.947 	 RecvSec : 35.885 	 SendSec : 35848.681 	 SendDropSec : 0.000
Total Time : 6740.673 	 TPS : 123.714 	 RecvSec : 44.793 	 SendSec : 44748.343 	 SendDropSec : 0.000
Total Time : 6741.813 	 TPS : 151.753 	 RecvSec : 55.263 	 SendSec : 55207.333 	 SendDropSec : 0.000
Total Time : 6742.813 	 TPS : 347.922 	 RecvSec : 124.972 	 SendSec : 124847.022 	 SendDropSec : 0.000
Total Time : 6743.825 	 TPS : 32.629 	 RecvSec : 2.966 	 SendSec : 2963.269 	 SendDropSec : 0.000
Total Time : 6745.612 	 TPS : 81.131 	 RecvSec : 34.131 	 SendSec : 34097.045 	 SendDropSec : 0.000
Total Time : 6748.043 	 TPS : 149.298 	 RecvSec : 51.823 	 SendSec : 51770.708 	 SendDropSec : 0.000
Total Time : 6749.359 	 TPS : 139.807 	 RecvSec : 47.869 	 SendSec : 47820.958 	 SendDropSec : 0.000
Total Time : 6751.002 	 TPS : 224.048 	 RecvSec : 76.712 	 SendSec : 76635.267 	 SendDropSec : 0.000
Total Time : 6752.483 	 TPS : 126.981 	 RecvSec : 42.552 	 SendSec : 42509.725 	 SendDropSec : 0.000
Total Time : 6753.483 	 TPS : 322.991 	 RecvSec : 122.997 	 SendSec : 122873.547 	 SendDropSec : 0.000
Total Time : 6754.483 	 TPS : 88.966 	 RecvSec : 27.989 	 SendSec : 27961.218 	 SendDropSec : 0.000
Total Time : 6755.967 	 TPS : 79.528 	 RecvSec : 25.611 	 SendSec : 25584.961 	 SendDropSec : 0.000
Total Time : 6756.982 	 TPS : 193.943 	 RecvSec : 63.991 	 SendSec : 63927.289 	 SendDropSec : 0.000
Total Time : 6758.424 	 TPS : 216.447 	 RecvSec : 86.024 	 SendSec : 85937.684 	 SendDropSec : 0.000
Total Time : 6759.424 	 TPS : 188.950 	 RecvSec : 63.983 	 SendSec : 63919.061 	 SendDropSec : 0.000
Total Time : 6760.852 	 TPS : 109.998 	 RecvSec : 43.439 	 SendSec : 43395.164 	 SendDropSec : 0.000
Total Time : 6762.015 	 TPS : 157.236 	 RecvSec : 54.130 	 SendSec : 54076.212 	 SendDropSec : 0.000
Total Time : 6763.016 	 TPS : 270.930 	 RecvSec : 121.968 	 SendSec : 121846.490 	 SendDropSec : 0.000
Total Time : 6764.016 	 TPS : 67.947 	 RecvSec : 17.986 	 SendSec : 17967.881 	 SendDropSec : 0.000
Total Time : 6766.012 	 TPS : 149.307 	 RecvSec : 56.115 	 SendSec : 56059.224 	 SendDropSec : 0.000
Total Time : 6767.326 	 TPS : 133.955 	 RecvSec : 47.950 	 SendSec : 47901.726 	 SendDropSec : 0.000
Total Time : 6768.470 	 TPS : 323.358 	 RecvSec : 110.116 	 SendSec : 110006.229 	 SendDropSec : 0.000
Total Time : 6770.461 	 TPS : 92.439 	 RecvSec : 31.650 	 SendSec : 31618.721 	 SendDropSec : 0.000
Total Time : 6772.179 	 TPS : 100.680 	 RecvSec : 36.664 	 SendSec : 36627.282 	 SendDropSec : 0.000
Total Time : 6773.180 	 TPS : 259.841 	 RecvSec : 101.938 	 SendSec : 101835.687 	 SendDropSec : 0.000
Total Time : 6774.181 	 TPS : 106.877 	 RecvSec : 27.968 	 SendSec : 27939.724 	 SendDropSec : 0.000
Total Time : 6775.921 	 TPS : 85.652 	 RecvSec : 33.916 	 SendSec : 33881.892 	 SendDropSec : 0.000
Total Time : 6777.592 	 TPS : 99.928 	 RecvSec : 37.698 	 SendSec : 37659.876 	 SendDropSec : 0.000
Total Time : 6779.261 	 TPS : 100.631 	 RecvSec : 37.736 	 SendSec : 37698.718 	 SendDropSec : 0.000
Total Time : 6781.114 	 TPS : 90.692 	 RecvSec : 34.010 	 SendSec : 33975.631 	 SendDropSec : 0.000
Total Time : 6783.058 	 TPS : 88.443 	 RecvSec : 32.395 	 SendSec : 32362.260 	 SendDropSec : 0.000
Total Time : 6784.091 	 TPS : 168.493 	 RecvSec : 61.006 	 SendSec : 60944.977 	 SendDropSec : 0.000
Total Time : 6785.471 	 TPS : 137.716 	 RecvSec : 45.664 	 SendSec : 45618.078 	 SendDropSec : 0.000
Total Time : 6786.471 	 TPS : 342.762 	 RecvSec : 124.913 	 SendSec : 124788.509 	 SendDropSec : 0.000
Total Time : 6787.929 	 TPS : 9.608 	 RecvSec : 0.686 	 SendSec : 685.629 	 SendDropSec : 0.000
Total Time : 6788.949 	 TPS : 173.375 	 RecvSec : 61.710 	 SendSec : 61648.038 	 SendDropSec : 0.000
Total Time : 6790.919 	 TPS : 181.275 	 RecvSec : 63.979 	 SendSec : 63915.330 	 SendDropSec : 0.000
Total Time : 6792.043 	 TPS : 177.870 	 RecvSec : 57.808 	 SendSec : 57749.984 	 SendDropSec : 0.000
Total Time : 6793.164 	 TPS : 156.969 	 RecvSec : 56.188 	 SendSec : 56131.569 	 SendDropSec : 0.000
Total Time : 6795.269 	 TPS : 158.722 	 RecvSec : 58.927 	 SendSec : 58867.817 	 SendDropSec : 0.000
Total Time : 6797.314 	 TPS : 169.669 	 RecvSec : 61.609 	 SendSec : 61547.464 	 SendDropSec : 0.000
Total Time : 6798.332 	 TPS : 178.761 	 RecvSec : 61.879 	 SendSec : 61817.006 	 SendDropSec : 0.000
Total Time : 6799.911 	 TPS : 114.008 	 RecvSec : 39.903 	 SendSec : 39862.841 	 SendDropSec : 0.000
Total Time : 6801.860 	 TPS : 90.806 	 RecvSec : 32.321 	 SendSec : 32288.441 	 SendDropSec : 0.000
Total Time : 6803.405 	 TPS : 112.633 	 RecvSec : 40.781 	 SendSec : 40740.276 	 SendDropSec : 0.000
Total Time : 6804.451 	 TPS : 166.315 	 RecvSec : 60.217 	 SendSec : 60157.265 	 SendDropSec : 0.000
Total Time : 6806.221 	 TPS : 99.983 	 RecvSec : 35.587 	 SendSec : 35551.443 	 SendDropSec : 0.000
Total Time : 6808.459 	 TPS : 146.141 	 RecvSec : 56.311 	 SendSec : 56255.023 	 SendDropSec : 0.000
Total Time : 6810.963 	 TPS : 135.395 	 RecvSec : 50.324 	 SendSec : 50273.472 	 SendDropSec : 0.000
Total Time : 6811.990 	 TPS : 181.121 	 RecvSec : 63.295 	 SendSec : 63231.672 	 SendDropSec : 0.000
Total Time : 6813.532 	 TPS : 106.351 	 RecvSec : 39.557 	 SendSec : 39517.825 	 SendDropSec : 0.000
Total Time : 6815.432 	 TPS : 92.107 	 RecvSec : 33.158 	 SendSec : 33125.330 	 SendDropSec : 0.000
Total Time : 6816.433 	 TPS : 307.666 	 RecvSec : 121.868 	 SendSec : 121745.638 	 SendDropSec : 0.000
Total Time : 6817.601 	 TPS : 27.405 	 RecvSec : 3.426 	 SendSec : 3422.231 	 SendDropSec : 0.000
Total Time : 6819.077 	 TPS : 119.879 	 RecvSec : 42.669 	 SendSec : 42626.260 	 SendDropSec : 0.000
Total Time : 6820.949 	 TPS : 87.070 	 RecvSec : 33.653 	 SendSec : 33619.275 	 SendDropSec : 0.000
Total Time : 6822.334 	 TPS : 110.487 	 RecvSec : 45.495 	 SendSec : 45449.166 	 SendDropSec : 0.000
Total Time : 6824.254 	 TPS : 81.749 	 RecvSec : 32.804 	 SendSec : 32771.126 	 SendDropSec : 0.000
Total Time : 6825.916 	 TPS : 101.125 	 RecvSec : 37.922 	 SendSec : 37883.964 	 SendDropSec : 0.000
Total Time : 6827.387 	 TPS : 115.506 	 RecvSec : 42.805 	 SendSec : 42762.436 	 SendDropSec : 0.000
Total Time : 6828.623 	 TPS : 138.453 	 RecvSec : 51.009 	 SendSec : 50957.808 	 SendDropSec : 0.000
Total Time : 6830.164 	 TPS : 96.660 	 RecvSec : 40.870 	 SendSec : 40828.652 	 SendDropSec : 0.000
Total Time : 6831.721 	 TPS : 114.324 	 RecvSec : 40.463 	 SendSec : 40422.617 	 SendDropSec : 0.000
Total Time : 6833.718 	 TPS : 80.613 	 RecvSec : 31.544 	 SendSec : 31512.798 	 SendDropSec : 0.000
Total Time : 6834.718 	 TPS : 264.967 	 RecvSec : 113.986 	 SendSec : 113871.960 	 SendDropSec : 0.000
Total Time : 6836.231 	 TPS : 39.659 	 RecvSec : 7.932 	 SendSec : 7923.805 	 SendDropSec : 0.000
Total Time : 6837.268 	 TPS : 157.246 	 RecvSec : 59.811 	 SendSec : 59751.651 	 SendDropSec : 0.000
Total Time : 6838.684 	 TPS : 119.293 	 RecvSec : 45.176 	 SendSec : 45130.994 	 SendDropSec : 0.000
Total Time : 6840.676 	 TPS : 79.319 	 RecvSec : 31.627 	 SendSec : 31595.581 	 SendDropSec : 0.000
Total Time : 6841.867 	 TPS : 131.883 	 RecvSec : 52.921 	 SendSec : 52868.403 	 SendDropSec : 0.000
Total Time : 6843.363 	 TPS : 121.015 	 RecvSec : 42.121 	 SendSec : 42079.244 	 SendDropSec : 0.000
Total Time : 6844.431 	 TPS : 160.952 	 RecvSec : 58.953 	 SendSec : 58894.262 	 SendDropSec : 0.000
Total Time : 6845.858 	 TPS : 119.161 	 RecvSec : 44.160 	 SendSec : 44115.668 	 SendDropSec : 0.000
Total Time : 6846.949 	 TPS : 144.842 	 RecvSec : 57.754 	 SendSec : 57695.878 	 SendDropSec : 0.000
Total Time : 6847.984 	 TPS : 173.811 	 RecvSec : 60.834 	 SendSec : 60772.960 	 SendDropSec : 0.000
Total Time : 6849.229 	 TPS : 146.236 	 RecvSec : 50.620 	 SendSec : 50569.610 	 SendDropSec : 0.000
Total Time : 6850.741 	 TPS : 124.966 	 RecvSec : 41.655 	 SendSec : 41613.617 	 SendDropSec : 0.000
Total Time : 6851.742 	 TPS : 186.874 	 RecvSec : 77.948 	 SendSec : 77869.609 	 SendDropSec : 0.000
Total Time : 6853.040 	 TPS : 222.666 	 RecvSec : 85.522 	 SendSec : 85436.692 	 SendDropSec : 0.000
Total Time : 6854.784 	 TPS : 94.017 	 RecvSec : 36.116 	 SendSec : 36080.056 	 SendDropSec : 0.000
Total Time : 6856.297 	 TPS : 119.643 	 RecvSec : 41.644 	 SendSec : 41602.127 	 SendDropSec : 0.000
Total Time : 6857.356 	 TPS : 176.579 	 RecvSec : 61.378 	 SendSec : 61316.487 	 SendDropSec : 0.000
Total Time : 6858.415 	 TPS : 145.385 	 RecvSec : 57.587 	 SendSec : 57529.904 	 SendDropSec : 0.000
Total Time : 6859.415 	 TPS : 287.992 	 RecvSec : 118.997 	 SendSec : 118877.612 	 SendDropSec : 0.000
Total Time : 6861.595 	 TPS : 106.423 	 RecvSec : 32.110 	 SendSec : 32078.174 	 SendDropSec : 0.000
Total Time : 6862.909 	 TPS : 133.936 	 RecvSec : 47.943 	 SendSec : 47894.906 	 SendDropSec : 0.000
Total Time : 6864.064 	 TPS : 154.974 	 RecvSec : 54.544 	 SendSec : 54489.220 	 SendDropSec : 0.000
Total Time : 6865.065 	 TPS : 247.969 	 RecvSec : 88.989 	 SendSec : 88900.021 	 SendDropSec : 0.000
Total Time : 6866.180 	 TPS : 241.979 	 RecvSec : 89.622 	 SendSec : 89532.118 	 SendDropSec : 0.000
Total Time : 6867.540 	 TPS : 127.221 	 RecvSec : 46.329 	 SendSec : 46282.743 	 SendDropSec : 0.000
Total Time : 6868.541 	 TPS : 223.727 	 RecvSec : 85.895 	 SendSec : 85809.210 	 SendDropSec : 0.000
Total Time : 6869.542 	 TPS : 125.893 	 RecvSec : 40.965 	 SendSec : 40924.341 	 SendDropSec : 0.000
Total Time : 6870.543 	 TPS : 290.853 	 RecvSec : 119.939 	 SendSec : 119819.467 	 SendDropSec : 0.000
Total Time : 6871.679 	 TPS : 205.054 	 RecvSec : 59.844 	 SendSec : 59784.202 	 SendDropSec : 0.000
Total Time : 6873.491 	 TPS : 204.222 	 RecvSec : 69.546 	 SendSec : 69476.346 	 SendDropSec : 0.000
Total Time : 6875.265 	 TPS : 100.863 	 RecvSec : 35.499 	 SendSec : 35463.890 	 SendDropSec : 0.000
Total Time : 6876.948 	 TPS : 94.511 	 RecvSec : 37.448 	 SendSec : 37410.384 	 SendDropSec : 0.000
Total Time : 6877.948 	 TPS : 177.936 	 RecvSec : 63.977 	 SendSec : 63913.157 	 SendDropSec : 0.000
Total Time : 6879.873 	 TPS : 81.585 	 RecvSec : 32.218 	 SendSec : 32186.061 	 SendDropSec : 0.000
Total Time : 6881.494 	 TPS : 112.869 	 RecvSec : 38.856 	 SendSec : 38817.578 	 SendDropSec : 0.000
Total Time : 6883.451 	 TPS : 87.361 	 RecvSec : 32.186 	 SendSec : 32153.334 	 SendDropSec : 0.000
Total Time : 6884.725 	 TPS : 142.150 	 RecvSec : 49.478 	 SendSec : 49428.032 	 SendDropSec : 0.000
Total Time : 6886.521 	 TPS : 91.305 	 RecvSec : 35.075 	 SendSec : 35039.592 	 SendDropSec : 0.000
Total Time : 6887.882 	 TPS : 132.210 	 RecvSec : 46.273 	 SendSec : 46227.141 	 SendDropSec : 0.000
Total Time : 6889.139 	 TPS : 129.699 	 RecvSec : 50.129 	 SendSec : 50078.945 	 SendDropSec : 0.000
Total Time : 6890.690 	 TPS : 112.197 	 RecvSec : 40.623 	 SendSec : 40582.607 	 SendDropSec : 0.000
Total Time : 6891.815 	 TPS : 163.598 	 RecvSec : 57.793 	 SendSec : 57735.057 	 SendDropSec : 0.000
Total Time : 6893.401 	 TPS : 95.821 	 RecvSec : 38.455 	 SendSec : 38416.217 	 SendDropSec : 0.000
Total Time : 6894.401 	 TPS : 197.919 	 RecvSec : 77.968 	 SendSec : 77890.127 	 SendDropSec : 0.000
Total Time : 6895.402 	 TPS : 144.916 	 RecvSec : 56.967 	 SendSec : 56910.021 	 SendDropSec : 0.000
Total Time : 6897.169 	 TPS : 74.709 	 RecvSec : 30.563 	 SendSec : 30532.383 	 SendDropSec : 0.000
Total Time : 6898.330 	 TPS : 175.620 	 RecvSec : 55.957 	 SendSec : 55901.367 	 SendDropSec : 0.000
Total Time : 6899.630 	 TPS : 106.156 	 RecvSec : 46.924 	 SendSec : 46877.207 	 SendDropSec : 0.000
Total Time : 6901.240 	 TPS : 98.743 	 RecvSec : 39.125 	 SendSec : 39085.507 	 SendDropSec : 0.000
Total Time : 6903.230 	 TPS : 86.445 	 RecvSec : 31.663 	 SendSec : 31631.270 	 SendDropSec : 0.000
Total Time : 6904.676 	 TPS : 127.228 	 RecvSec : 43.562 	 SendSec : 43518.131 	 SendDropSec : 0.000
Total Time : 6905.677 	 TPS : 203.922 	 RecvSec : 81.969 	 SendSec : 81886.719 	 SendDropSec : 0.000
Total Time : 6906.700 	 TPS : 110.405 	 RecvSec : 42.989 	 SendSec : 42946.474 	 SendDropSec : 0.000
Total Time : 6908.124 	 TPS : 115.202 	 RecvSec : 44.255 	 SendSec : 44210.340 	 SendDropSec : 0.000
Total Time : 6910.101 	 TPS : 82.449 	 RecvSec : 31.867 	 SendSec : 31835.105 	 SendDropSec : 0.000
Total Time : 6911.164 	 TPS : 143.855 	 RecvSec : 59.234 	 SendSec : 59175.175 	 SendDropSec : 0.000
Total Time : 6912.696 	 TPS : 106.451 	 RecvSec : 41.144 	 SendSec : 41102.683 	 SendDropSec : 0.000
Total Time : 6914.284 	 TPS : 100.764 	 RecvSec : 39.676 	 SendSec : 39635.957 	 SendDropSec : 0.000
Total Time : 6916.307 	 TPS : 174.924 	 RecvSec : 62.261 	 SendSec : 62198.978 	 SendDropSec : 0.000
Total Time : 6917.315 	 TPS : 302.557 	 RecvSec : 122.015 	 SendSec : 121892.716 	 SendDropSec : 0.000
Total Time : 6918.340 	 TPS : 32.205 	 RecvSec : 2.928 	 SendSec : 2924.788 	 SendDropSec : 0.000
Total Time : 6919.438 	 TPS : 184.037 	 RecvSec : 59.220 	 SendSec : 59160.578 	 SendDropSec : 0.000
Total Time : 6921.391 	 TPS : 157.707 	 RecvSec : 63.492 	 SendSec : 63428.890 	 SendDropSec : 0.000
Total Time : 6922.464 	 TPS : 151.807 	 RecvSec : 58.674 	 SendSec : 58615.103 	 SendDropSec : 0.000
Total Time : 6924.338 	 TPS : 93.401 	 RecvSec : 33.624 	 SendSec : 33590.845 	 SendDropSec : 0.000
Total Time : 6925.898 	 TPS : 111.525 	 RecvSec : 40.380 	 SendSec : 40339.519 	 SendDropSec : 0.000
Total Time : 6927.392 	 TPS : 121.134 	 RecvSec : 42.163 	 SendSec : 42120.602 	 SendDropSec : 0.000
Total Time : 6928.452 	 TPS : 145.318 	 RecvSec : 61.335 	 SendSec : 61274.140 	 SendDropSec : 0.000
Total Time : 6929.726 	 TPS : 105.949 	 RecvSec : 47.873 	 SendSec : 47825.422 	 SendDropSec : 0.000
Total Time : 6931.230 	 TPS : 73.833 	 RecvSec : 41.905 	 SendSec : 41863.230 	 SendDropSec : 0.000
Total Time : 6933.196 	 TPS : 83.893 	 RecvSec : 32.032 	 SendSec : 31999.653 	 SendDropSec : 0.000
Total Time : 6934.197 	 TPS : 190.933 	 RecvSec : 65.977 	 SendSec : 65911.017 	 SendDropSec : 0.000
Total Time : 6935.389 	 TPS : 128.296 	 RecvSec : 50.312 	 SendSec : 50261.732 	 SendDropSec : 0.000
Total Time : 6937.069 	 TPS : 82.771 	 RecvSec : 37.515 	 SendSec : 37477.328 	 SendDropSec : 0.000
Total Time : 6939.231 	 TPS : 145.714 	 RecvSec : 58.286 	 SendSec : 58227.310 	 SendDropSec : 0.000
Total Time : 6940.231 	 TPS : 158.963 	 RecvSec : 63.985 	 SendSec : 63921.298 	 SendDropSec : 0.000
Total Time : 6941.594 	 TPS : 115.177 	 RecvSec : 45.484 	 SendSec : 45438.363 	 SendDropSec : 0.000
Total Time : 6943.435 	 TPS : 90.686 	 RecvSec : 34.211 	 SendSec : 34176.541 	 SendDropSec : 0.000
Total Time : 6945.177 	 TPS : 91.280 	 RecvSec : 36.168 	 SendSec : 36131.450 	 SendDropSec : 0.000
Total Time : 6946.177 	 TPS : 283.971 	 RecvSec : 121.987 	 SendSec : 121865.387 	 SendDropSec : 0.000
Total Time : 6947.275 	 TPS : 34.614 	 RecvSec : 3.644 	 SendSec : 3639.960 	 SendDropSec : 0.000
Total Time : 6948.725 	 TPS : 113.797 	 RecvSec : 43.450 	 SendSec : 43406.300 	 SendDropSec : 0.000
Total Time : 6949.863 	 TPS : 155.604 	 RecvSec : 57.143 	 SendSec : 57085.559 	 SendDropSec : 0.000
Total Time : 6950.863 	 TPS : 228.980 	 RecvSec : 89.992 	 SendSec : 89902.259 	 SendDropSec : 0.000
Total Time : 6952.865 	 TPS : 124.354 	 RecvSec : 48.443 	 SendSec : 48394.549 	 SendDropSec : 0.000
Total Time : 6953.865 	 TPS : 197.976 	 RecvSec : 71.991 	 SendSec : 71919.211 	 SendDropSec : 0.000
Total Time : 6954.866 	 TPS : 243.855 	 RecvSec : 99.941 	 SendSec : 99840.834 	 SendDropSec : 0.000
Total Time : 6956.008 	 TPS : 39.388 	 RecvSec : 14.880 	 SendSec : 14865.049 	 SendDropSec : 0.000
Total Time : 6957.663 	 TPS : 206.064 	 RecvSec : 76.141 	 SendSec : 76064.786 	 SendDropSec : 0.000
Total Time : 6959.182 	 TPS : 109.933 	 RecvSec : 41.472 	 SendSec : 41430.199 	 SendDropSec : 0.000
Total Time : 6960.958 	 TPS : 190.311 	 RecvSec : 70.944 	 SendSec : 70873.288 	 SendDropSec : 0.000
Total Time : 6962.400 	 TPS : 117.947 	 RecvSec : 43.710 	 SendSec : 43665.932 	 SendDropSec : 0.000
Total Time : 6964.173 	 TPS : 89.638 	 RecvSec : 35.517 	 SendSec : 35481.380 	 SendDropSec : 0.000
Total Time : 6966.172 	 TPS : 75.564 	 RecvSec : 31.527 	 SendSec : 31495.165 	 SendDropSec : 0.000
Total Time : 6968.073 	 TPS : 175.168 	 RecvSec : 66.280 	 SendSec : 66213.415 	 SendDropSec : 0.000
Total Time : 6969.903 	 TPS : 85.229 	 RecvSec : 34.419 	 SendSec : 34384.870 	 SendDropSec : 0.000
Total Time : 6970.910 	 TPS : 248.364 	 RecvSec : 89.411 	 SendSec : 89321.700 	 SendDropSec : 0.000
Total Time : 6972.438 	 TPS : 54.310 	 RecvSec : 23.556 	 SendSec : 23532.725 	 SendDropSec : 0.000
Total Time : 6973.688 	 TPS : 138.392 	 RecvSec : 50.397 	 SendSec : 50346.773 	 SendDropSec : 0.000
Total Time : 6974.727 	 TPS : 164.655 	 RecvSec : 60.663 	 SendSec : 60601.865 	 SendDropSec : 0.000
Total Time : 6975.733 	 TPS : 220.618 	 RecvSec : 89.440 	 SendSec : 89350.354 	 SendDropSec : 0.000
Total Time : 6977.180 	 TPS : 53.906 	 RecvSec : 24.880 	 SendSec : 24854.848 	 SendDropSec : 0.000
Total Time : 6978.468 	 TPS : 123.467 	 RecvSec : 48.921 	 SendSec : 48871.932 	 SendDropSec : 0.000
Total Time : 6979.505 	 TPS : 158.094 	 RecvSec : 62.659 	 SendSec : 62596.393 	 SendDropSec : 0.000
Total Time : 6981.553 	 TPS : 149.390 	 RecvSec : 60.537 	 SendSec : 60476.510 	 SendDropSec : 0.000
Total Time : 6982.844 	 TPS : 120.830 	 RecvSec : 48.797 	 SendSec : 48747.738 	 SendDropSec : 0.000
Total Time : 6984.216 	 TPS : 135.596 	 RecvSec : 45.928 	 SendSec : 45881.779 	 SendDropSec : 0.000
Total Time : 6986.209 	 TPS : 83.278 	 RecvSec : 31.605 	 SendSec : 31573.860 	 SendDropSec : 0.000
Total Time : 6987.368 	 TPS : 158.866 	 RecvSec : 56.121 	 SendSec : 56064.943 	 SendDropSec : 0.000
Total Time : 6989.063 	 TPS : 84.349 	 RecvSec : 35.981 	 SendSec : 35945.032 	 SendDropSec : 0.000
Total Time : 6990.980 	 TPS : 90.744 	 RecvSec : 32.855 	 SendSec : 32822.562 	 SendDropSec : 0.000
Total Time : 6992.499 	 TPS : 102.055 	 RecvSec : 41.480 	 SendSec : 41438.911 	 SendDropSec : 0.000
Total Time : 6994.303 	 TPS : 83.709 	 RecvSec : 34.925 	 SendSec : 34889.874 	 SendDropSec : 0.000
Total Time : 6995.470 	 TPS : 128.504 	 RecvSec : 53.972 	 SendSec : 53917.909 	 SendDropSec : 0.000
Total Time : 6997.644 	 TPS : 148.613 	 RecvSec : 57.973 	 SendSec : 57914.911 	 SendDropSec : 0.000
Total Time : 6998.903 	 TPS : 131.085 	 RecvSec : 50.051 	 SendSec : 50000.469 	 SendDropSec : 0.000
Total Time : 7000.097 	 TPS : 143.203 	 RecvSec : 52.759 	 SendSec : 52706.372 	 SendDropSec : 0.000
Total Time : 7001.284 	 TPS : 141.524 	 RecvSec : 53.071 	 SendSec : 53018.299 	 SendDropSec : 0.000
Total Time : 7002.403 	 TPS : 149.166 	 RecvSec : 56.272 	 SendSec : 56215.850 	 SendDropSec : 0.000
Total Time : 7004.072 	 TPS : 98.288 	 RecvSec : 37.757 	 SendSec : 37719.046 	 SendDropSec : 0.000
Total Time : 7005.319 	 TPS : 121.123 	 RecvSec : 50.535 	 SendSec : 50484.167 	 SendDropSec : 0.000
Total Time : 7006.320 	 TPS : 202.771 	 RecvSec : 65.926 	 SendSec : 65859.658 	 SendDropSec : 0.000
Total Time : 7007.670 	 TPS : 108.887 	 RecvSec : 44.444 	 SendSec : 44399.424 	 SendDropSec : 0.000
Total Time : 7008.671 	 TPS : 231.769 	 RecvSec : 87.913 	 SendSec : 87824.588 	 SendDropSec : 0.000
Total Time : 7009.736 	 TPS : 104.223 	 RecvSec : 37.558 	 SendSec : 37520.165 	 SendDropSec : 0.000
Total Time : 7010.885 	 TPS : 132.303 	 RecvSec : 53.095 	 SendSec : 53042.292 	 SendDropSec : 0.000
Total Time : 7012.096 	 TPS : 138.635 	 RecvSec : 51.988 	 SendSec : 51936.115 	 SendDropSec : 0.000
Total Time : 7013.096 	 TPS : 271.971 	 RecvSec : 105.989 	 SendSec : 105882.639 	 SendDropSec : 0.000
Total Time : 7014.859 	 TPS : 131.633 	 RecvSec : 47.093 	 SendSec : 47045.587 	 SendDropSec : 0.000
Total Time : 7016.105 	 TPS : 124.385 	 RecvSec : 50.556 	 SendSec : 50505.865 	 SendDropSec : 0.000
Total Time : 7017.173 	 TPS : 138.614 	 RecvSec : 59.005 	 SendSec : 58945.731 	 SendDropSec : 0.000
Total Time : 7018.777 	 TPS : 100.367 	 RecvSec : 39.274 	 SendSec : 39234.613 	 SendDropSec : 0.000
Total Time : 7020.094 	 TPS : 111.638 	 RecvSec : 47.845 	 SendSec : 47797.065 	 SendDropSec : 0.000
Total Time : 7021.790 	 TPS : 93.707 	 RecvSec : 37.129 	 SendSec : 37092.093 	 SendDropSec : 0.000
Total Time : 7023.144 	 TPS : 121.937 	 RecvSec : 46.558 	 SendSec : 46511.136 	 SendDropSec : 0.000
Total Time : 7024.622 	 TPS : 119.046 	 RecvSec : 42.613 	 SendSec : 42570.280 	 SendDropSec : 0.000
Total Time : 7026.085 	 TPS : 116.192 	 RecvSec : 43.059 	 SendSec : 43016.316 	 SendDropSec : 0.000
Total Time : 7027.208 	 TPS : 164.759 	 RecvSec : 57.888 	 SendSec : 57830.278 	 SendDropSec : 0.000
Total Time : 7028.210 	 TPS : 180.720 	 RecvSec : 63.901 	 SendSec : 63837.186 	 SendDropSec : 0.000
Total Time : 7029.210 	 TPS : 225.931 	 RecvSec : 100.969 	 SendSec : 100868.286 	 SendDropSec : 0.000
Total Time : 7030.212 	 TPS : 69.856 	 RecvSec : 21.955 	 SendSec : 21932.667 	 SendDropSec : 0.000
Total Time : 7032.204 	 TPS : 88.836 	 RecvSec : 31.620 	 SendSec : 31587.909 	 SendDropSec : 0.000
Total Time : 7033.264 	 TPS : 187.822 	 RecvSec : 61.349 	 SendSec : 61287.551 	 SendDropSec : 0.000
Total Time : 7034.736 	 TPS : 106.629 	 RecvSec : 41.429 	 SendSec : 41387.769 	 SendDropSec : 0.000
Total Time : 7035.737 	 TPS : 331.823 	 RecvSec : 123.934 	 SendSec : 123809.787 	 SendDropSec : 0.000
Total Time : 7036.738 	 TPS : 197.797 	 RecvSec : 65.932 	 SendSec : 65866.546 	 SendDropSec : 0.000
Total Time : 7037.975 	 TPS : 123.655 	 RecvSec : 50.109 	 SendSec : 50058.425 	 SendDropSec : 0.000
Total Time : 7039.570 	 TPS : 104.065 	 RecvSec : 39.495 	 SendSec : 39455.107 	 SendDropSec : 0.000
Total Time : 7041.754 	 TPS : 145.653 	 RecvSec : 57.712 	 SendSec : 57653.799 	 SendDropSec : 0.000
Total Time : 7043.585 	 TPS : 182.955 	 RecvSec : 68.813 	 SendSec : 68744.238 	 SendDropSec : 0.000
Total Time : 7045.091 	 TPS : 217.780 	 RecvSec : 83.659 	 SendSec : 83575.774 	 SendDropSec : 0.000
Total Time : 7047.198 	 TPS : 169.380 	 RecvSec : 59.781 	 SendSec : 59721.386 	 SendDropSec : 0.000
Total Time : 7048.243 	 TPS : 166.490 	 RecvSec : 62.195 	 SendSec : 62132.442 	 SendDropSec : 0.000
Total Time : 7049.264 	 TPS : 163.711 	 RecvSec : 61.759 	 SendSec : 61697.661 	 SendDropSec : 0.000
Total Time : 7050.324 	 TPS : 159.301 	 RecvSec : 59.384 	 SendSec : 59325.031 	 SendDropSec : 0.000
Total Time : 7051.839 	 TPS : 208.659 	 RecvSec : 81.879 	 SendSec : 81796.782 	 SendDropSec : 0.000
Total Time : 7052.845 	 TPS : 173.953 	 RecvSec : 64.611 	 SendSec : 64546.520 	 SendDropSec : 0.000
Total Time : 7054.387 	 TPS : 200.436 	 RecvSec : 80.434 	 SendSec : 80353.333 	 SendDropSec : 0.000
Total Time : 7055.689 	 TPS : 125.883 	 RecvSec : 48.357 	 SendSec : 48309.016 	 SendDropSec : 0.000
Total Time : 7056.690 	 TPS : 178.817 	 RecvSec : 62.935 	 SendSec : 62872.524 	 SendDropSec : 0.000
Total Time : 7057.755 	 TPS : 171.870 	 RecvSec : 59.169 	 SendSec : 59109.345 	 SendDropSec : 0.000
Total Time : 7059.695 	 TPS : 88.649 	 RecvSec : 32.470 	 SendSec : 32437.643 	 SendDropSec : 0.000
Total Time : 7062.016 	 TPS : 143.056 	 RecvSec : 54.292 	 SendSec : 54237.944 	 SendDropSec : 0.000
Total Time : 7063.067 	 TPS : 176.055 	 RecvSec : 59.954 	 SendSec : 59893.944 	 SendDropSec : 0.000
Total Time : 7064.778 	 TPS : 98.179 	 RecvSec : 36.817 	 SendSec : 36780.263 	 SendDropSec : 0.000
Total Time : 7066.238 	 TPS : 229.545 	 RecvSec : 86.336 	 SendSec : 86250.094 	 SendDropSec : 0.000
Total Time : 7067.344 	 TPS : 158.190 	 RecvSec : 56.948 	 SendSec : 56891.417 	 SendDropSec : 0.000
Total Time : 7068.515 	 TPS : 153.643 	 RecvSec : 53.775 	 SendSec : 53721.418 	 SendDropSec : 0.000
Total Time : 7069.605 	 TPS : 161.584 	 RecvSec : 57.840 	 SendSec : 57781.843 	 SendDropSec : 0.000
Total Time : 7070.829 	 TPS : 138.816 	 RecvSec : 51.444 	 SendSec : 51392.275 	 SendDropSec : 0.000
Total Time : 7073.245 	 TPS : 147.802 	 RecvSec : 52.165 	 SendSec : 52113.224 	 SendDropSec : 0.000
Total Time : 7074.534 	 TPS : 130.312 	 RecvSec : 48.867 	 SendSec : 48818.276 	 SendDropSec : 0.000
Total Time : 7075.535 	 TPS : 171.809 	 RecvSec : 63.929 	 SendSec : 63865.167 	 SendDropSec : 0.000
Total Time : 7076.550 	 TPS : 320.045 	 RecvSec : 120.140 	 SendSec : 120019.947 	 SendDropSec : 0.000
Total Time : 7077.710 	 TPS : 15.518 	 RecvSec : 2.586 	 SendSec : 2583.719 	 SendDropSec : 0.000
Total Time : 7078.803 	 TPS : 154.662 	 RecvSec : 57.655 	 SendSec : 57597.225 	 SendDropSec : 0.000
Total Time : 7080.590 	 TPS : 101.851 	 RecvSec : 35.256 	 SendSec : 35220.988 	 SendDropSec : 0.000
Total Time : 7082.273 	 TPS : 105.745 	 RecvSec : 37.427 	 SendSec : 37389.179 	 SendDropSec : 0.000
Total Time : 7084.547 	 TPS : 162.300 	 RecvSec : 55.420 	 SendSec : 55364.163 	 SendDropSec : 0.000
Total Time : 7085.629 	 TPS : 182.046 	 RecvSec : 60.066 	 SendSec : 60006.016 	 SendDropSec : 0.000
Total Time : 7087.852 	 TPS : 145.284 	 RecvSec : 55.775 	 SendSec : 55718.728 	 SendDropSec : 0.000
Total Time : 7089.810 	 TPS : 96.020 	 RecvSec : 32.177 	 SendSec : 32144.653 	 SendDropSec : 0.000
Total Time : 7090.811 	 TPS : 194.802 	 RecvSec : 64.934 	 SendSec : 64869.184 	 SendDropSec : 0.000
Total Time : 7091.992 	 TPS : 293.062 	 RecvSec : 105.028 	 SendSec : 104923.109 	 SendDropSec : 0.000
Total Time : 7093.743 	 TPS : 111.893 	 RecvSec : 35.965 	 SendSec : 35929.499 	 SendDropSec : 0.000
Total Time : 7094.834 	 TPS : 183.323 	 RecvSec : 59.580 	 SendSec : 59520.312 	 SendDropSec : 0.000
Total Time : 7095.835 	 TPS : 299.860 	 RecvSec : 114.946 	 SendSec : 114831.523 	 SendDropSec : 0.000
Total Time : 7096.835 	 TPS : 176.991 	 RecvSec : 49.997 	 SendSec : 49947.423 	 SendDropSec : 0.000
Total Time : 7098.073 	 TPS : 54.942 	 RecvSec : 17.775 	 SendSec : 17757.594 	 SendDropSec : 0.000
Total Time : 7099.396 	 TPS : 142.044 	 RecvSec : 47.600 	 SendSec : 47552.325 	 SendDropSec : 0.000
Total Time : 7100.855 	 TPS : 127.490 	 RecvSec : 43.182 	 SendSec : 43138.757 	 SendDropSec : 0.000
Total Time : 7102.956 	 TPS : 186.100 	 RecvSec : 59.971 	 SendSec : 59910.752 	 SendDropSec : 0.000
Total Time : 7104.917 	 TPS : 98.929 	 RecvSec : 32.127 	 SendSec : 32094.377 	 SendDropSec : 0.000
Total Time : 7106.568 	 TPS : 102.346 	 RecvSec : 38.153 	 SendSec : 38114.461 	 SendDropSec : 0.000
Total Time : 7107.571 	 TPS : 199.490 	 RecvSec : 65.832 	 SendSec : 65765.778 	 SendDropSec : 0.000
Total Time : 7109.126 	 TPS : 99.698 	 RecvSec : 38.593 	 SendSec : 38554.134 	 SendDropSec : 0.000
Total Time : 7110.281 	 TPS : 181.839 	 RecvSec : 56.284 	 SendSec : 56227.225 	 SendDropSec : 0.000
Total Time : 7111.862 	 TPS : 110.684 	 RecvSec : 38.581 	 SendSec : 38542.759 	 SendDropSec : 0.000
Total Time : 7112.975 	 TPS : 170.669 	 RecvSec : 58.387 	 SendSec : 58328.467 	 SendDropSec : 0.000
Total Time : 7114.530 	 TPS : 114.481 	 RecvSec : 39.232 	 SendSec : 39193.125 	 SendDropSec : 0.000
Total Time : 7115.600 	 TPS : 175.681 	 RecvSec : 58.872 	 SendSec : 58812.849 	 SendDropSec : 0.000
Total Time : 7117.370 	 TPS : 98.312 	 RecvSec : 35.596 	 SendSec : 35560.132 	 SendDropSec : 0.000
Total Time : 7118.370 	 TPS : 244.944 	 RecvSec : 85.981 	 SendSec : 85894.528 	 SendDropSec : 0.000
Total Time : 7119.582 	 TPS : 104.756 	 RecvSec : 32.994 	 SendSec : 32961.129 	 SendDropSec : 0.000
Total Time : 7120.583 	 TPS : 262.936 	 RecvSec : 86.979 	 SendSec : 86891.729 	 SendDropSec : 0.000
Total Time : 7121.676 	 TPS : 318.306 	 RecvSec : 95.126 	 SendSec : 95030.865 	 SendDropSec : 0.000
Total Time : 7123.221 	 TPS : 99.007 	 RecvSec : 39.474 	 SendSec : 39434.076 	 SendDropSec : 0.000
Total Time : 7125.049 	 TPS : 102.877 	 RecvSec : 34.475 	 SendSec : 34440.221 	 SendDropSec : 0.000
Total Time : 7126.242 	 TPS : 165.931 	 RecvSec : 52.796 	 SendSec : 52743.302 	 SendDropSec : 0.000
Total Time : 7127.388 	 TPS : 171.832 	 RecvSec : 56.696 	 SendSec : 56639.203 	 SendDropSec : 0.000
Total Time : 7129.164 	 TPS : 95.176 	 RecvSec : 34.353 	 SendSec : 34319.008 	 SendDropSec : 0.000
Total Time : 7130.195 	 TPS : 183.315 	 RecvSec : 61.105 	 SendSec : 61044.048 	 SendDropSec : 0.000
Total Time : 7131.284 	 TPS : 165.352 	 RecvSec : 57.873 	 SendSec : 57815.458 	 SendDropSec : 0.000
Total Time : 7133.653 	 TPS : 155.732 	 RecvSec : 53.177 	 SendSec : 53123.503 	 SendDropSec : 0.000
Total Time : 7135.342 	 TPS : 117.257 	 RecvSec : 37.309 	 SendSec : 37271.625 	 SendDropSec : 0.000
Total Time : 7137.250 	 TPS : 101.139 	 RecvSec : 33.014 	 SendSec : 32981.199 	 SendDropSec : 0.000
Total Time : 7138.361 	 TPS : 214.155 	 RecvSec : 58.488 	 SendSec : 58429.101 	 SendDropSec : 0.000
Total Time : 7139.774 	 TPS : 239.974 	 RecvSec : 87.778 	 SendSec : 87690.151 	 SendDropSec : 0.000
Total Time : 7140.891 	 TPS : 179.893 	 RecvSec : 56.384 	 SendSec : 56328.002 	 SendDropSec : 0.000
Total Time : 7142.569 	 TPS : 228.321 	 RecvSec : 75.114 	 SendSec : 75038.451 	 SendDropSec : 0.000
Total Time : 7144.164 	 TPS : 119.761 	 RecvSec : 39.502 	 SendSec : 39462.702 	 SendDropSec : 0.000
Total Time : 7145.820 	 TPS : 104.452 	 RecvSec : 38.038 	 SendSec : 37999.485 	 SendDropSec : 0.000
Total Time : 7147.799 	 TPS : 95.986 	 RecvSec : 31.827 	 SendSec : 31795.091 	 SendDropSec : 0.000
Total Time : 7149.355 	 TPS : 111.823 	 RecvSec : 40.488 	 SendSec : 40447.106 	 SendDropSec : 0.000
Total Time : 7150.356 	 TPS : 216.761 	 RecvSec : 65.927 	 SendSec : 65861.513 	 SendDropSec : 0.000
Total Time : 7151.550 	 TPS : 278.126 	 RecvSec : 103.041 	 SendSec : 102937.786 	 SendDropSec : 0.000
Total Time : 7153.141 	 TPS : 116.321 	 RecvSec : 39.612 	 SendSec : 39572.444 	 SendDropSec : 0.000
Total Time : 7154.141 	 TPS : 264.938 	 RecvSec : 88.979 	 SendSec : 88890.093 	 SendDropSec : 0.000
Total Time : 7155.251 	 TPS : 264.787 	 RecvSec : 91.865 	 SendSec : 91773.088 	 SendDropSec : 0.000
Total Time : 7157.275 	 TPS : 181.828 	 RecvSec : 61.268 	 SendSec : 61206.926 	 SendDropSec : 0.000
Total Time : 7159.258 	 TPS : 199.205 	 RecvSec : 63.544 	 SendSec : 63480.200 	 SendDropSec : 0.000
Total Time : 7160.943 	 TPS : 115.111 	 RecvSec : 37.381 	 SendSec : 37343.915 	 SendDropSec : 0.000
Total Time : 7162.486 	 TPS : 121.175 	 RecvSec : 40.824 	 SendSec : 40782.898 	 SendDropSec : 0.000
Total Time : 7163.925 	 TPS : 113.295 	 RecvSec : 43.789 	 SendSec : 43745.019 	 SendDropSec : 0.000
Total Time : 7164.926 	 TPS : 348.766 	 RecvSec : 121.918 	 SendSec : 121796.336 	 SendDropSec : 0.000
Total Time : 7165.928 	 TPS : 42.910 	 RecvSec : 4.990 	 SendSec : 4984.531 	 SendDropSec : 0.000
Total Time : 7166.928 	 TPS : 226.944 	 RecvSec : 84.979 	 SendSec : 84894.201 	 SendDropSec : 0.000
Total Time : 7167.935 	 TPS : 127.168 	 RecvSec : 39.740 	 SendSec : 39700.218 	 SendDropSec : 0.000
Total Time : 7169.690 	 TPS : 107.656 	 RecvSec : 35.885 	 SendSec : 35849.290 	 SendDropSec : 0.000
Total Time : 7171.601 	 TPS : 105.730 	 RecvSec : 32.975 	 SendSec : 32942.285 	 SendDropSec : 0.000
Total Time : 7172.962 	 TPS : 152.849 	 RecvSec : 46.296 	 SendSec : 46249.409 	 SendDropSec : 0.000
Total Time : 7174.688 	 TPS : 111.197 	 RecvSec : 36.487 	 SendSec : 36450.063 	 SendDropSec : 0.000
Total Time : 7176.299 	 TPS : 122.897 	 RecvSec : 39.103 	 SendSec : 39064.345 	 SendDropSec : 0.000
Total Time : 7178.030 	 TPS : 106.336 	 RecvSec : 36.409 	 SendSec : 36372.204 	 SendDropSec : 0.000
Total Time : 7179.030 	 TPS : 325.979 	 RecvSec : 106.993 	 SendSec : 106886.245 	 SendDropSec : 0.000
Total Time : 7180.122 	 TPS : 228.812 	 RecvSec : 75.050 	 SendSec : 74975.179 	 SendDropSec : 0.000
Total Time : 7181.793 	 TPS : 111.338 	 RecvSec : 37.711 	 SendSec : 37673.485 	 SendDropSec : 0.000
Total Time : 7183.500 	 TPS : 111.297 	 RecvSec : 36.904 	 SendSec : 36866.697 	 SendDropSec : 0.000
Total Time : 7185.295 	 TPS : 101.977 	 RecvSec : 35.107 	 SendSec : 35071.899 	 SendDropSec : 0.000
Total Time : 7187.210 	 TPS : 95.045 	 RecvSec : 32.900 	 SendSec : 32867.301 	 SendDropSec : 0.000
Total Time : 7188.719 	 TPS : 115.247 	 RecvSec : 41.727 	 SendSec : 41685.684 	 SendDropSec : 0.000
Total Time : 7190.189 	 TPS : 127.916 	 RecvSec : 42.866 	 SendSec : 42822.681 	 SendDropSec : 0.000
Total Time : 7191.972 	 TPS : 107.672 	 RecvSec : 35.330 	 SendSec : 35294.486 	 SendDropSec : 0.000
Total Time : 7193.631 	 TPS : 110.949 	 RecvSec : 37.988 	 SendSec : 37949.878 	 SendDropSec : 0.000
Total Time : 7195.536 	 TPS : 93.436 	 RecvSec : 33.070 	 SendSec : 33036.977 	 SendDropSec : 0.000
Total Time : 7196.676 	 TPS : 186.773 	 RecvSec : 56.996 	 SendSec : 56939.474 	 SendDropSec : 0.000
Total Time : 7198.223 	 TPS : 108.606 	 RecvSec : 39.434 	 SendSec : 39394.917 	 SendDropSec : 0.000
Total Time : 7199.362 	 TPS : 172.967 	 RecvSec : 55.314 	 SendSec : 55259.019 	 SendDropSec : 0.000
Total Time : 7201.199 	 TPS : 96.369 	 RecvSec : 34.301 	 SendSec : 34266.441 	 SendDropSec : 0.000
Total Time : 7202.760 	 TPS : 104.398 	 RecvSec : 40.350 	 SendSec : 40309.861 	 SendDropSec : 0.000
Total Time : 7203.764 	 TPS : 187.183 	 RecvSec : 62.726 	 SendSec : 62663.368 	 SendDropSec : 0.000
Total Time : 7205.335 	 TPS : 118.399 	 RecvSec : 40.103 	 SendSec : 40062.680 	 SendDropSec : 0.000
Total Time : 7206.336 	 TPS : 249.885 	 RecvSec : 85.960 	 SendSec : 85874.352 	 SendDropSec : 0.000
Total Time : 7207.398 	 TPS : 112.080 	 RecvSec : 37.674 	 SendSec : 37636.290 	 SendDropSec : 0.000
Total Time : 7208.828 	 TPS : 125.812 	 RecvSec : 44.034 	 SendSec : 43990.142 	 SendDropSec : 0.000
Total Time : 7210.494 	 TPS : 110.438 	 RecvSec : 37.813 	 SendSec : 37775.180 	 SendDropSec : 0.000
Total Time : 7211.652 	 TPS : 162.429 	 RecvSec : 56.159 	 SendSec : 56102.953 	 SendDropSec : 0.000
Total Time : 7212.768 	 TPS : 142.469 	 RecvSec : 54.658 	 SendSec : 54603.244 	 SendDropSec : 0.000
Total Time : 7213.768 	 TPS : 319.867 	 RecvSec : 104.956 	 SendSec : 104851.277 	 SendDropSec : 0.000
Total Time : 7215.368 	 TPS : 166.903 	 RecvSec : 52.509 	 SendSec : 52456.227 	 SendDropSec : 0.000
Total Time : 7216.776 	 TPS : 272.795 	 RecvSec : 89.511 	 SendSec : 89421.484 	 SendDropSec : 0.000
Total Time : 7218.802 	 TPS : 178.128 	 RecvSec : 62.172 	 SendSec : 62109.975 	 SendDropSec : 0.000
Total Time : 7220.346 	 TPS : 121.771 	 RecvSec : 40.806 	 SendSec : 40765.490 	 SendDropSec : 0.000
Total Time : 7222.111 	 TPS : 104.819 	 RecvSec : 35.695 	 SendSec : 35659.561 	 SendDropSec : 0.000
Total Time : 7224.089 	 TPS : 100.585 	 RecvSec : 31.843 	 SendSec : 31811.559 	 SendDropSec : 0.000
Total Time : 7225.757 	 TPS : 235.631 	 RecvSec : 74.946 	 SendSec : 74871.450 	 SendDropSec : 0.000
Total Time : 7226.758 	 TPS : 395.857 	 RecvSec : 125.954 	 SendSec : 125828.513 	 SendDropSec : 0.000
Total Time : 7228.405 	 TPS : 6.071 	 RecvSec : 0.607 	 SendSec : 606.476 	 SendDropSec : 0.000
Total Time : 7229.405 	 TPS : 253.877 	 RecvSec : 85.958 	 SendSec : 85872.541 	 SendDropSec : 0.000
Total Time : 7230.406 	 TPS : 270.868 	 RecvSec : 93.954 	 SendSec : 93860.102 	 SendDropSec : 0.000
Total Time : 7231.520 	 TPS : 64.652 	 RecvSec : 9.877 	 SendSec : 9867.573 	 SendDropSec : 0.000
Total Time : 7232.795 	 TPS : 138.033 	 RecvSec : 47.841 	 SendSec : 47793.109 	 SendDropSec : 0.000
Total Time : 7233.873 	 TPS : 209.648 	 RecvSec : 60.297 	 SendSec : 60236.789 	 SendDropSec : 0.000
Total Time : 7235.014 	 TPS : 316.170 	 RecvSec : 108.601 	 SendSec : 108492.691 	 SendDropSec : 0.000
Total Time : 7236.348 	 TPS : 128.213 	 RecvSec : 47.236 	 SendSec : 47189.193 	 SendDropSec : 0.000
Total Time : 7237.348 	 TPS : 298.993 	 RecvSec : 88.998 	 SendSec : 88908.964 	 SendDropSec : 0.000
Total Time : 7238.369 	 TPS : 108.712 	 RecvSec : 36.237 	 SendSec : 36201.019 	 SendDropSec : 0.000
Total Time : 7240.365 	 TPS : 87.199 	 RecvSec : 31.572 	 SendSec : 31540.494 	 SendDropSec : 0.000
Total Time : 7241.668 	 TPS : 150.320 	 RecvSec : 48.317 	 SendSec : 48268.968 	 SendDropSec : 0.000
Total Time : 7243.139 	 TPS : 130.538 	 RecvSec : 42.833 	 SendSec : 42789.925 	 SendDropSec : 0.000
Total Time : 7244.142 	 TPS : 216.474 	 RecvSec : 65.840 	 SendSec : 65774.267 	 SendDropSec : 0.000
Total Time : 7245.870 	 TPS : 92.605 	 RecvSec : 34.727 	 SendSec : 34692.104 	 SendDropSec : 0.000
Total Time : 7246.907 	 TPS : 188.027 	 RecvSec : 60.747 	 SendSec : 60686.549 	 SendDropSec : 0.000
Total Time : 7247.942 	 TPS : 181.562 	 RecvSec : 60.843 	 SendSec : 60781.799 	 SendDropSec : 0.000
Total Time : 7249.372 	 TPS : 135.010 	 RecvSec : 44.071 	 SendSec : 44026.509 	 SendDropSec : 0.000
Total Time : 7250.864 	 TPS : 129.335 	 RecvSec : 42.218 	 SendSec : 42176.008 	 SendDropSec : 0.000
Total Time : 7252.537 	 TPS : 118.364 	 RecvSec : 37.661 	 SendSec : 37623.454 	 SendDropSec : 0.000
Total Time : 7253.810 	 TPS : 165.661 	 RecvSec : 49.463 	 SendSec : 49413.386 	 SendDropSec : 0.000
Total Time : 7255.131 	 TPS : 155.988 	 RecvSec : 47.705 	 SendSec : 47657.226 	 SendDropSec : 0.000
Total Time : 7256.723 	 TPS : 106.784 	 RecvSec : 39.573 	 SendSec : 39533.505 	 SendDropSec : 0.000
Total Time : 7257.752 	 TPS : 203.065 	 RecvSec : 61.211 	 SendSec : 61149.871 	 SendDropSec : 0.000
Total Time : 7258.753 	 TPS : 269.836 	 RecvSec : 86.947 	 SendSec : 86860.111 	 SendDropSec : 0.000
Total Time : 7260.359 	 TPS : 79.693 	 RecvSec : 24.282 	 SendSec : 24257.301 	 SendDropSec : 0.000
Total Time : 7261.505 	 TPS : 169.275 	 RecvSec : 54.971 	 SendSec : 54915.848 	 SendDropSec : 0.000
Total Time : 7262.505 	 TPS : 233.997 	 RecvSec : 73.999 	 SendSec : 73924.995 	 SendDropSec : 0.000
Total Time : 7263.505 	 TPS : 172.997 	 RecvSec : 54.999 	 SendSec : 54944.126 	 SendDropSec : 0.000
Total Time : 7264.983 	 TPS : 108.925 	 RecvSec : 40.593 	 SendSec : 40552.461 	 SendDropSec : 0.000
Total Time : 7266.644 	 TPS : 102.351 	 RecvSec : 37.930 	 SendSec : 37892.275 	 SendDropSec : 0.000
Total Time : 7268.630 	 TPS : 100.687 	 RecvSec : 31.716 	 SendSec : 31684.729 	 SendDropSec : 0.000
Total Time : 7269.701 	 TPS : 187.720 	 RecvSec : 60.706 	 SendSec : 60644.907 	 SendDropSec : 0.000
Total Time : 7271.426 	 TPS : 86.374 	 RecvSec : 35.361 	 SendSec : 35325.939 	 SendDropSec : 0.000
Total Time : 7272.632 	 TPS : 130.980 	 RecvSec : 52.226 	 SendSec : 52173.796 	 SendDropSec : 0.000
Total Time : 7274.325 	 TPS : 113.436 	 RecvSec : 37.221 	 SendSec : 37183.818 	 SendDropSec : 0.000
Total Time : 7275.408 	 TPS : 201.331 	 RecvSec : 60.030 	 SendSec : 59969.967 	 SendDropSec : 0.000
Total Time : 7276.408 	 TPS : 168.961 	 RecvSec : 61.986 	 SendSec : 61923.875 	 SendDropSec : 0.000
Total Time : 7277.865 	 TPS : 121.528 	 RecvSec : 42.569 	 SendSec : 42526.630 	 SendDropSec : 0.000
Total Time : 7279.578 	 TPS : 114.420 	 RecvSec : 36.778 	 SendSec : 36741.190 	 SendDropSec : 0.000
Total Time : 7281.572 	 TPS : 91.264 	 RecvSec : 31.591 	 SendSec : 31559.681 	 SendDropSec : 0.000
Total Time : 7283.138 	 TPS : 123.262 	 RecvSec : 40.236 	 SendSec : 40195.682 	 SendDropSec : 0.000
Total Time : 7284.431 	 TPS : 137.624 	 RecvSec : 48.710 	 SendSec : 48661.042 	 SendDropSec : 0.000
Total Time : 7285.431 	 TPS : 325.911 	 RecvSec : 116.968 	 SendSec : 116851.158 	 SendDropSec : 0.000
Total Time : 7286.638 	 TPS : 38.119 	 RecvSec : 7.458 	 SendSec : 7450.646 	 SendDropSec : 0.000
Total Time : 7287.672 	 TPS : 189.514 	 RecvSec : 60.915 	 SendSec : 60854.251 	 SendDropSec : 0.000
Total Time : 7288.777 	 TPS : 170.134 	 RecvSec : 57.013 	 SendSec : 56956.144 	 SendDropSec : 0.000
Total Time : 7290.218 	 TPS : 116.636 	 RecvSec : 43.738 	 SendSec : 43694.650 	 SendDropSec : 0.000
Total Time : 7291.449 	 TPS : 155.922 	 RecvSec : 51.162 	 SendSec : 51110.783 	 SendDropSec : 0.000
Total Time : 7292.581 	 TPS : 185.441 	 RecvSec : 55.632 	 SendSec : 55576.754 	 SendDropSec : 0.000
Total Time : 7293.582 	 TPS : 247.841 	 RecvSec : 67.956 	 SendSec : 67888.395 	 SendDropSec : 0.000
Total Time : 7294.832 	 TPS : 112.830 	 RecvSec : 46.412 	 SendSec : 46365.800 	 SendDropSec : 0.000
Total Time : 7296.051 	 TPS : 146.742 	 RecvSec : 51.647 	 SendSec : 51594.882 	 SendDropSec : 0.000
Total Time : 7298.026 	 TPS : 103.327 	 RecvSec : 31.910 	 SendSec : 31877.895 	 SendDropSec : 0.000
Total Time : 7299.724 	 TPS : 109.552 	 RecvSec : 37.106 	 SendSec : 37069.231 	 SendDropSec : 0.000
Total Time : 7301.206 	 TPS : 127.473 	 RecvSec : 42.491 	 SendSec : 42448.638 	 SendDropSec : 0.000
Total Time : 7303.197 	 TPS : 97.961 	 RecvSec : 31.649 	 SendSec : 31617.167 	 SendDropSec : 0.000
Total Time : 7304.879 	 TPS : 117.716 	 RecvSec : 37.455 	 SendSec : 37417.775 	 SendDropSec : 0.000
Total Time : 7306.280 	 TPS : 130.586 	 RecvSec : 44.956 	 SendSec : 44910.753 	 SendDropSec : 0.000
Total Time : 7307.283 	 TPS : 188.524 	 RecvSec : 63.839 	 SendSec : 63774.866 	 SendDropSec : 0.000
Total Time : 7308.507 	 TPS : 141.335 	 RecvSec : 50.652 	 SendSec : 50601.031 	 SendDropSec : 0.000
Total Time : 7311.061 	 TPS : 141.359 	 RecvSec : 49.338 	 SendSec : 49289.127 	 SendDropSec : 0.000
Total Time : 7312.822 	 TPS : 115.791 	 RecvSec : 35.759 	 SendSec : 35723.134 	 SendDropSec : 0.000
Total Time : 7314.313 	 TPS : 130.137 	 RecvSec : 42.261 	 SendSec : 42218.834 	 SendDropSec : 0.000
Total Time : 7316.432 	 TPS : 167.530 	 RecvSec : 59.461 	 SendSec : 59401.957 	 SendDropSec : 0.000
Total Time : 7318.287 	 TPS : 97.579 	 RecvSec : 33.964 	 SendSec : 33930.093 	 SendDropSec : 0.000
Total Time : 7319.807 	 TPS : 242.790 	 RecvSec : 82.904 	 SendSec : 82820.892 	 SendDropSec : 0.000
Total Time : 7321.431 	 TPS : 117.022 	 RecvSec : 38.802 	 SendSec : 38763.087 	 SendDropSec : 0.000
Total Time : 7323.191 	 TPS : 102.797 	 RecvSec : 35.780 	 SendSec : 35744.397 	 SendDropSec : 0.000
Total Time : 7324.543 	 TPS : 140.569 	 RecvSec : 46.610 	 SendSec : 46563.069 	 SendDropSec : 0.000
Total Time : 7325.717 	 TPS : 158.417 	 RecvSec : 53.657 	 SendSec : 53603.714 	 SendDropSec : 0.000
Total Time : 7326.769 	 TPS : 183.391 	 RecvSec : 61.764 	 SendSec : 61702.153 	 SendDropSec : 0.000
Total Time : 7327.923 	 TPS : 167.338 	 RecvSec : 54.623 	 SendSec : 54568.727 	 SendDropSec : 0.000
Total Time : 7329.177 	 TPS : 120.389 	 RecvSec : 48.634 	 SendSec : 48585.423 	 SendDropSec : 0.000
Total Time : 7330.653 	 TPS : 133.438 	 RecvSec : 42.673 	 SendSec : 42630.383 	 SendDropSec : 0.000
Total Time : 7332.315 	 TPS : 111.947 	 RecvSec : 37.917 	 SendSec : 37879.504 	 SendDropSec : 0.000
Total Time : 7334.263 	 TPS : 93.404 	 RecvSec : 32.332 	 SendSec : 32299.722 	 SendDropSec : 0.000
Total Time : 7335.899 	 TPS : 112.521 	 RecvSec : 38.526 	 SendSec : 38487.644 	 SendDropSec : 0.000
Total Time : 7336.899 	 TPS : 204.840 	 RecvSec : 63.950 	 SendSec : 63886.226 	 SendDropSec : 0.000
Total Time : 7338.278 	 TPS : 121.876 	 RecvSec : 44.978 	 SendSec : 44932.979 	 SendDropSec : 0.000
Total Time : 7339.540 	 TPS : 155.243 	 RecvSec : 49.900 	 SendSec : 49849.624 	 SendDropSec : 0.000
Total Time : 7340.789 	 TPS : 146.624 	 RecvSec : 50.477 	 SendSec : 50426.672 	 SendDropSec : 0.000
Total Time : 7341.877 	 TPS : 182.821 	 RecvSec : 57.878 	 SendSec : 57820.217 	 SendDropSec : 0.000
Total Time : 7343.459 	 TPS : 240.216 	 RecvSec : 79.651 	 SendSec : 79571.054 	 SendDropSec : 0.000
Total Time : 7345.062 	 TPS : 116.005 	 RecvSec : 39.292 	 SendSec : 39252.645 	 SendDropSec : 0.000
Total Time : 7346.063 	 TPS : 307.912 	 RecvSec : 92.973 	 SendSec : 92880.520 	 SendDropSec : 0.000
Total Time : 7348.218 	 TPS : 128.035 	 RecvSec : 44.534 	 SendSec : 44489.453 	 SendDropSec : 0.000
Total Time : 7349.682 	 TPS : 129.124 	 RecvSec : 43.041 	 SendSec : 42998.363 	 SendDropSec : 0.000
Total Time : 7351.185 	 TPS : 119.125 	 RecvSec : 41.927 	 SendSec : 41884.869 	 SendDropSec : 0.000
Total Time : 7352.186 	 TPS : 229.670 	 RecvSec : 65.905 	 SendSec : 65839.422 	 SendDropSec : 0.000
Total Time : 7353.315 	 TPS : 155.029 	 RecvSec : 53.153 	 SendSec : 53099.692 	 SendDropSec : 0.000
Total Time : 7354.705 	 TPS : 143.165 	 RecvSec : 45.324 	 SendSec : 45278.375 	 SendDropSec : 0.000
Total Time : 7355.706 	 TPS : 192.811 	 RecvSec : 63.937 	 SendSec : 63873.525 	 SendDropSec : 0.000
Total Time : 7356.708 	 TPS : 199.663 	 RecvSec : 62.894 	 SendSec : 62830.948 	 SendDropSec : 0.000
Total Time : 7358.593 	 TPS : 92.301 	 RecvSec : 32.889 	 SendSec : 32855.905 	 SendDropSec : 0.000
Total Time : 7359.642 	 TPS : 167.778 	 RecvSec : 60.057 	 SendSec : 59996.837 	 SendDropSec : 0.000
Total Time : 7361.413 	 TPS : 102.725 	 RecvSec : 35.559 	 SendSec : 35523.063 	 SendDropSec : 0.000
Total Time : 7362.414 	 TPS : 204.832 	 RecvSec : 65.946 	 SendSec : 65879.814 	 SendDropSec : 0.000
Total Time : 7363.507 	 TPS : 156.449 	 RecvSec : 54.894 	 SendSec : 54839.419 	 SendDropSec : 0.000
Total Time : 7364.511 	 TPS : 366.492 	 RecvSec : 117.516 	 SendSec : 117398.904 	 SendDropSec : 0.000
Total Time : 7366.426 	 TPS : 121.722 	 RecvSec : 37.091 	 SendSec : 37054.029 	 SendDropSec : 0.000
Total Time : 7367.864 	 TPS : 130.035 	 RecvSec : 43.809 	 SendSec : 43764.868 	 SendDropSec : 0.000
Total Time : 7368.966 	 TPS : 183.203 	 RecvSec : 58.952 	 SendSec : 58892.580 	 SendDropSec : 0.000
Total Time : 7371.140 	 TPS : 157.317 	 RecvSec : 57.039 	 SendSec : 56982.018 	 SendDropSec : 0.000
Total Time : 7372.655 	 TPS : 117.485 	 RecvSec : 41.582 	 SendSec : 41540.043 	 SendDropSec : 0.000
Total Time : 7374.397 	 TPS : 107.366 	 RecvSec : 36.171 	 SendSec : 36135.312 	 SendDropSec : 0.000
Total Time : 7375.397 	 TPS : 298.855 	 RecvSec : 104.949 	 SendSec : 104843.983 	 SendDropSec : 0.000
Total Time : 7376.542 	 TPS : 220.241 	 RecvSec : 73.414 	 SendSec : 73340.178 	 SendDropSec : 0.000
Total Time : 7378.411 	 TPS : 203.326 	 RecvSec : 67.419 	 SendSec : 67351.331 	 SendDropSec : 0.000
Total Time : 7379.679 	 TPS : 156.091 	 RecvSec : 49.665 	 SendSec : 49615.513 	 SendDropSec : 0.000
Total Time : 7381.049 	 TPS : 137.201 	 RecvSec : 45.977 	 SendSec : 45931.071 	 SendDropSec : 0.000
Total Time : 7382.049 	 TPS : 359.951 	 RecvSec : 124.983 	 SendSec : 124857.919 	 SendDropSec : 0.000
Total Time : 7383.215 	 TPS : 10.292 	 RecvSec : 0.858 	 SendSec : 856.808 	 SendDropSec : 0.000
Total Time : 7384.949 	 TPS : 222.636 	 RecvSec : 72.674 	 SendSec : 72601.154 	 SendDropSec : 0.000
Total Time : 7386.317 	 TPS : 134.555 	 RecvSec : 46.070 	 SendSec : 46024.403 	 SendDropSec : 0.000
Total Time : 7388.056 	 TPS : 106.924 	 RecvSec : 36.216 	 SendSec : 36179.978 	 SendDropSec : 0.000
Total Time : 7389.219 	 TPS : 149.705 	 RecvSec : 55.924 	 SendSec : 55868.306 	 SendDropSec : 0.000
Total Time : 7391.038 	 TPS : 191.839 	 RecvSec : 68.161 	 SendSec : 68092.548 	 SendDropSec : 0.000
Total Time : 7392.272 	 TPS : 140.939 	 RecvSec : 51.030 	 SendSec : 50978.681 	 SendDropSec : 0.000
Total Time : 7393.388 	 TPS : 188.299 	 RecvSec : 58.283 	 SendSec : 58224.796 	 SendDropSec : 0.000
Total Time : 7394.388 	 TPS : 270.824 	 RecvSec : 94.938 	 SendSec : 94843.276 	 SendDropSec : 0.000
Total Time : 7395.619 	 TPS : 73.961 	 RecvSec : 23.570 	 SendSec : 23546.399 	 SendDropSec : 0.000
Total Time : 7397.167 	 TPS : 127.915 	 RecvSec : 40.700 	 SendSec : 40659.438 	 SendDropSec : 0.000
Total Time : 7398.167 	 TPS : 368.862 	 RecvSec : 122.954 	 SendSec : 122830.951 	 SendDropSec : 0.000
Total Time : 7399.167 	 TPS : 120.933 	 RecvSec : 28.984 	 SendSec : 28954.991 	 SendDropSec : 0.000
Total Time : 7400.595 	 TPS : 65.828 	 RecvSec : 25.911 	 SendSec : 25885.143 	 SendDropSec : 0.000
Total Time : 7401.785 	 TPS : 163.136 	 RecvSec : 52.977 	 SendSec : 52924.157 	 SendDropSec : 0.000
Total Time : 7403.067 	 TPS : 148.118 	 RecvSec : 49.113 	 SendSec : 49063.776 	 SendDropSec : 0.000
Total Time : 7404.523 	 TPS : 125.054 	 RecvSec : 43.288 	 SendSec : 43244.578 	 SendDropSec : 0.000
Total Time : 7405.523 	 TPS : 306.906 	 RecvSec : 103.968 	 SendSec : 103864.249 	 SendDropSec : 0.000
Total Time : 7406.770 	 TPS : 214.958 	 RecvSec : 68.177 	 SendSec : 68108.674 	 SendDropSec : 0.000
Total Time : 7407.770 	 TPS : 283.826 	 RecvSec : 93.942 	 SendSec : 93848.537 	 SendDropSec : 0.000
Total Time : 7409.110 	 TPS : 60.468 	 RecvSec : 23.889 	 SendSec : 23864.761 	 SendDropSec : 0.000
Total Time : 7410.191 	 TPS : 194.281 	 RecvSec : 60.135 	 SendSec : 60074.582 	 SendDropSec : 0.000
Total Time : 7411.446 	 TPS : 139.437 	 RecvSec : 48.604 	 SendSec : 48555.119 	 SendDropSec : 0.000
Total Time : 7412.863 	 TPS : 141.180 	 RecvSec : 44.472 	 SendSec : 44427.268 	 SendDropSec : 0.000
Total Time : 7413.984 	 TPS : 182.745 	 RecvSec : 57.944 	 SendSec : 57885.594 	 SendDropSec : 0.000
Total Time : 7415.573 	 TPS : 111.401 	 RecvSec : 38.392 	 SendSec : 38353.972 	 SendDropSec : 0.000
Total Time : 7417.395 	 TPS : 222.875 	 RecvSec : 69.168 	 SendSec : 69098.879 	 SendDropSec : 0.000
Total Time : 7418.943 	 TPS : 120.165 	 RecvSec : 40.701 	 SendSec : 40660.362 	 SendDropSec : 0.000
Total Time : 7420.212 	 TPS : 148.071 	 RecvSec : 49.620 	 SendSec : 49569.897 	 SendDropSec : 0.000
Total Time : 7421.213 	 TPS : 252.766 	 RecvSec : 85.921 	 SendSec : 85834.654 	 SendDropSec : 0.000
Total Time : 7422.240 	 TPS : 131.526 	 RecvSec : 38.971 	 SendSec : 38931.739 	 SendDropSec : 0.000
Total Time : 7423.866 	 TPS : 116.799 	 RecvSec : 38.728 	 SendSec : 38689.203 	 SendDropSec : 0.000
Total Time : 7425.578 	 TPS : 115.664 	 RecvSec : 36.802 	 SendSec : 36765.372 	 SendDropSec : 0.000
Total Time : 7427.372 	 TPS : 110.932 	 RecvSec : 35.119 	 SendSec : 35084.050 	 SendDropSec : 0.000
Total Time : 7428.501 	 TPS : 177.210 	 RecvSec : 57.593 	 SendSec : 57535.819 	 SendDropSec : 0.000
Total Time : 7430.481 	 TPS : 188.321 	 RecvSec : 62.605 	 SendSec : 62542.615 	 SendDropSec : 0.000
Total Time : 7431.483 	 TPS : 208.700 	 RecvSec : 65.905 	 SendSec : 65839.487 	 SendDropSec : 0.000
Total Time : 7432.483 	 TPS : 179.923 	 RecvSec : 61.974 	 SendSec : 61911.675 	 SendDropSec : 0.000
Total Time : 7433.970 	 TPS : 233.402 	 RecvSec : 83.406 	 SendSec : 83322.650 	 SendDropSec : 0.000
Total Time : 7434.970 	 TPS : 239.918 	 RecvSec : 85.970 	 SendSec : 85884.490 	 SendDropSec : 0.000
Total Time : 7436.740 	 TPS : 197.749 	 RecvSec : 58.195 	 SendSec : 58136.529 	 SendDropSec : 0.000
Total Time : 7437.741 	 TPS : 220.765 	 RecvSec : 63.932 	 SendSec : 63867.993 	 SendDropSec : 0.000
Total Time : 7439.396 	 TPS : 103.329 	 RecvSec : 37.464 	 SendSec : 37426.752 	 SendDropSec : 0.000
Total Time : 7440.857 	 TPS : 141.050 	 RecvSec : 43.137 	 SendSec : 43093.529 	 SendDropSec : 0.000
Total Time : 7442.138 	 TPS : 150.585 	 RecvSec : 49.155 	 SendSec : 49105.552 	 SendDropSec : 0.000
Total Time : 7444.035 	 TPS : 100.166 	 RecvSec : 33.213 	 SendSec : 33179.877 	 SendDropSec : 0.000
Total Time : 7445.163 	 TPS : 187.917 	 RecvSec : 57.616 	 SendSec : 57558.396 	 SendDropSec : 0.000
Total Time : 7446.914 	 TPS : 209.622 	 RecvSec : 70.826 	 SendSec : 70755.133 	 SendDropSec : 0.000
Total Time : 7448.410 	 TPS : 130.331 	 RecvSec : 42.107 	 SendSec : 42064.887 	 SendDropSec : 0.000
Total Time : 7449.756 	 TPS : 150.098 	 RecvSec : 46.813 	 SendSec : 46765.875 	 SendDropSec : 0.000
Total Time : 7450.882 	 TPS : 172.248 	 RecvSec : 55.936 	 SendSec : 55880.430 	 SendDropSec : 0.000
Total Time : 7452.134 	 TPS : 160.566 	 RecvSec : 50.327 	 SendSec : 50276.438 	 SendDropSec : 0.000
Total Time : 7453.900 	 TPS : 110.976 	 RecvSec : 35.671 	 SendSec : 35635.312 	 SendDropSec : 0.000
Total Time : 7455.777 	 TPS : 99.090 	 RecvSec : 33.563 	 SendSec : 33529.280 	 SendDropSec : 0.000
Total Time : 7456.808 	 TPS : 181.414 	 RecvSec : 61.118 	 SendSec : 61057.000 	 SendDropSec : 0.000
Total Time : 7457.881 	 TPS : 185.474 	 RecvSec : 60.582 	 SendSec : 60521.387 	 SendDropSec : 0.000
Total Time : 7458.908 	 TPS : 180.091 	 RecvSec : 61.328 	 SendSec : 61267.014 	 SendDropSec : 0.000
Total Time : 7461.025 	 TPS : 170.118 	 RecvSec : 58.596 	 SendSec : 58537.672 	 SendDropSec : 0.000
Total Time : 7462.673 	 TPS : 119.545 	 RecvSec : 38.230 	 SendSec : 38191.911 	 SendDropSec : 0.000
Total Time : 7464.328 	 TPS : 109.358 	 RecvSec : 38.064 	 SendSec : 38025.848 	 SendDropSec : 0.000
Total Time : 7465.971 	 TPS : 127.202 	 RecvSec : 38.343 	 SendSec : 38304.823 	 SendDropSec : 0.000
Total Time : 7467.029 	 TPS : 202.269 	 RecvSec : 61.437 	 SendSec : 61375.515 	 SendDropSec : 0.000
Total Time : 7468.386 	 TPS : 265.235 	 RecvSec : 91.359 	 SendSec : 91267.332 	 SendDropSec : 0.000
Total Time : 7469.432 	 TPS : 177.784 	 RecvSec : 60.217 	 SendSec : 60157.041 	 SendDropSec : 0.000
Total Time : 7470.450 	 TPS : 185.643 	 RecvSec : 61.881 	 SendSec : 61819.070 	 SendDropSec : 0.000
Total Time : 7471.501 	 TPS : 165.658 	 RecvSec : 59.980 	 SendSec : 59919.690 	 SendDropSec : 0.000
Total Time : 7472.650 	 TPS : 193.125 	 RecvSec : 56.546 	 SendSec : 56489.071 	 SendDropSec : 0.000
Total Time : 7473.698 	 TPS : 163.119 	 RecvSec : 58.189 	 SendSec : 58130.395 	 SendDropSec : 0.000
Total Time : 7474.974 	 TPS : 143.450 	 RecvSec : 49.384 	 SendSec : 49334.981 	 SendDropSec : 0.000
Total Time : 7476.820 	 TPS : 99.117 	 RecvSec : 34.122 	 SendSec : 34088.023 	 SendDropSec : 0.000
Total Time : 7477.883 	 TPS : 183.460 	 RecvSec : 59.272 	 SendSec : 59212.431 	 SendDropSec : 0.000
Total Time : 7479.315 	 TPS : 133.456 	 RecvSec : 44.020 	 SendSec : 43975.561 	 SendDropSec : 0.000
Total Time : 7480.908 	 TPS : 123.666 	 RecvSec : 39.548 	 SendSec : 39508.509 	 SendDropSec : 0.000
Total Time : 7482.838 	 TPS : 90.156 	 RecvSec : 32.643 	 SendSec : 32610.133 	 SendDropSec : 0.000
Total Time : 7484.797 	 TPS : 107.195 	 RecvSec : 32.158 	 SendSec : 32126.259 	 SendDropSec : 0.000
Total Time : 7485.913 	 TPS : 199.730 	 RecvSec : 58.217 	 SendSec : 58158.953 	 SendDropSec : 0.000
Total Time : 7487.293 	 TPS : 123.158 	 RecvSec : 44.192 	 SendSec : 44147.972 	 SendDropSec : 0.000
Total Time : 7489.014 	 TPS : 112.772 	 RecvSec : 36.622 	 SendSec : 36585.147 	 SendDropSec : 0.000
Total Time : 7490.141 	 TPS : 163.253 	 RecvSec : 55.897 	 SendSec : 55840.623 	 SendDropSec : 0.000
Total Time : 7491.919 	 TPS : 106.830 	 RecvSec : 35.423 	 SendSec : 35387.282 	 SendDropSec : 0.000
Total Time : 7493.202 	 TPS : 144.241 	 RecvSec : 49.120 	 SendSec : 49070.857 	 SendDropSec : 0.000
Total Time : 7495.160 	 TPS : 93.471 	 RecvSec : 32.179 	 SendSec : 32146.341 	 SendDropSec : 0.000
Total Time : 7497.139 	 TPS : 95.479 	 RecvSec : 31.826 	 SendSec : 31794.650 	 SendDropSec : 0.000
Total Time : 7498.696 	 TPS : 125.909 	 RecvSec : 40.471 	 SendSec : 40430.163 	 SendDropSec : 0.000
Total Time : 7499.740 	 TPS : 188.763 	 RecvSec : 62.282 	 SendSec : 62219.767 	 SendDropSec : 0.000
Total Time : 7500.804 	 TPS : 177.581 	 RecvSec : 59.194 	 SendSec : 59134.426 	 SendDropSec : 0.000
Total Time : 7501.871 	 TPS : 336.317 	 RecvSec : 116.165 	 SendSec : 116048.940 	 SendDropSec : 0.000
Total Time : 7503.365 	 TPS : 126.552 	 RecvSec : 42.184 	 SendSec : 42141.955 	 SendDropSec : 0.000
Total Time : 7505.250 	 TPS : 105.013 	 RecvSec : 33.413 	 SendSec : 33379.951 	 SendDropSec : 0.000
Total Time : 7506.944 	 TPS : 118.670 	 RecvSec : 37.195 	 SendSec : 37157.922 	 SendDropSec : 0.000
Total Time : 7508.126 	 TPS : 157.367 	 RecvSec : 53.302 	 SendSec : 53248.454 	 SendDropSec : 0.000
Total Time : 7509.717 	 TPS : 111.857 	 RecvSec : 39.590 	 SendSec : 39550.229 	 SendDropSec : 0.000
Total Time : 7511.226 	 TPS : 114.037 	 RecvSec : 41.770 	 SendSec : 41727.741 	 SendDropSec : 0.000
Total Time : 7512.320 	 TPS : 205.561 	 RecvSec : 59.384 	 SendSec : 59324.894 	 SendDropSec : 0.000
Total Time : 7513.481 	 TPS : 144.764 	 RecvSec : 52.563 	 SendSec : 52510.697 	 SendDropSec : 0.000
Total Time : 7515.078 	 TPS : 110.158 	 RecvSec : 39.431 	 SendSec : 39392.062 	 SendDropSec : 0.000
Total Time : 7517.015 	 TPS : 91.407 	 RecvSec : 32.535 	 SendSec : 32502.230 	 SendDropSec : 0.000
Total Time : 7518.888 	 TPS : 103.582 	 RecvSec : 33.637 	 SendSec : 33603.676 	 SendDropSec : 0.000
Total Time : 7519.888 	 TPS : 358.815 	 RecvSec : 121.937 	 SendSec : 121815.241 	 SendDropSec : 0.000
Total Time : 7521.660 	 TPS : 130.342 	 RecvSec : 37.805 	 SendSec : 37766.932 	 SendDropSec : 0.000
Total Time : 7523.483 	 TPS : 97.105 	 RecvSec : 34.563 	 SendSec : 34528.362 	 SendDropSec : 0.000
Total Time : 7524.568 	 TPS : 185.357 	 RecvSec : 59.941 	 SendSec : 59881.278 	 SendDropSec : 0.000
Total Time : 7526.253 	 TPS : 107.975 	 RecvSec : 36.189 	 SendSec : 36153.306 	 SendDropSec : 0.000
Total Time : 7527.283 	 TPS : 175.783 	 RecvSec : 61.184 	 SendSec : 61123.081 	 SendDropSec : 0.000
Total Time : 7528.974 	 TPS : 109.971 	 RecvSec : 37.248 	 SendSec : 37211.130 	 SendDropSec : 0.000
Total Time : 7530.457 	 TPS : 117.332 	 RecvSec : 42.482 	 SendSec : 42439.799 	 SendDropSec : 0.000
Total Time : 7531.714 	 TPS : 159.869 	 RecvSec : 50.108 	 SendSec : 50058.130 	 SendDropSec : 0.000
Total Time : 7533.245 	 TPS : 102.584 	 RecvSec : 41.164 	 SendSec : 41123.084 	 SendDropSec : 0.000
Total Time : 7534.946 	 TPS : 93.444 	 RecvSec : 37.025 	 SendSec : 36987.934 	 SendDropSec : 0.000
Total Time : 7536.133 	 TPS : 157.571 	 RecvSec : 53.085 	 SendSec : 53032.265 	 SendDropSec : 0.000
Total Time : 7537.637 	 TPS : 135.643 	 RecvSec : 41.890 	 SendSec : 41847.812 	 SendDropSec : 0.000
Total Time : 7539.758 	 TPS : 178.187 	 RecvSec : 59.396 	 SendSec : 59336.270 	 SendDropSec : 0.000
Total Time : 7541.581 	 TPS : 105.343 	 RecvSec : 34.566 	 SendSec : 34531.223 	 SendDropSec : 0.000
Total Time : 7542.582 	 TPS : 190.905 	 RecvSec : 63.968 	 SendSec : 63904.112 	 SendDropSec : 0.000
Total Time : 7544.252 	 TPS : 97.010 	 RecvSec : 37.127 	 SendSec : 37089.978 	 SendDropSec : 0.000
Total Time : 7545.912 	 TPS : 47.586 	 RecvSec : 37.948 	 SendSec : 37910.233 	 SendDropSec : 0.000
Total Time : 7547.399 	 TPS : 128.430 	 RecvSec : 42.362 	 SendSec : 42319.211 	 SendDropSec : 0.000
Total Time : 7549.106 	 TPS : 95.496 	 RecvSec : 36.910 	 SendSec : 36872.706 	 SendDropSec : 0.000
Total Time : 7550.238 	 TPS : 111.310 	 RecvSec : 57.422 	 SendSec : 57364.169 	 SendDropSec : 0.000
Total Time : 7551.311 	 TPS : 74.522 	 RecvSec : 56.823 	 SendSec : 56765.853 	 SendDropSec : 0.000
Total Time : 7553.309 	 TPS : 60.071 	 RecvSec : 31.537 	 SendSec : 31505.959 	 SendDropSec : 0.000
Total Time : 7554.817 	 TPS : 114.734 	 RecvSec : 41.782 	 SendSec : 41739.895 	 SendDropSec : 0.000
Total Time : 7556.221 	 TPS : 116.062 	 RecvSec : 44.858 	 SendSec : 44813.584 	 SendDropSec : 0.000
Total Time : 7557.383 	 TPS : 162.614 	 RecvSec : 54.205 	 SendSec : 54150.357 	 SendDropSec : 0.000
Total Time : 7558.504 	 TPS : 168.666 	 RecvSec : 56.222 	 SendSec : 56165.687 	 SendDropSec : 0.000
Total Time : 7559.838 	 TPS : 128.969 	 RecvSec : 47.239 	 SendSec : 47191.358 	 SendDropSec : 0.000
Total Time : 7561.694 	 TPS : 101.271 	 RecvSec : 33.937 	 SendSec : 33902.618 	 SendDropSec : 0.000
Total Time : 7563.694 	 TPS : 77.497 	 RecvSec : 31.499 	 SendSec : 31467.462 	 SendDropSec : 0.000
Total Time : 7565.388 	 TPS : 96.207 	 RecvSec : 37.184 	 SendSec : 37146.981 	 SendDropSec : 0.000
Total Time : 7567.062 	 TPS : 126.038 	 RecvSec : 37.632 	 SendSec : 37594.704 	 SendDropSec : 0.000
Total Time : 7569.060 	 TPS : 94.613 	 RecvSec : 31.538 	 SendSec : 31506.099 	 SendDropSec : 0.000
Total Time : 7570.060 	 TPS : 262.900 	 RecvSec : 85.967 	 SendSec : 85881.288 	 SendDropSec : 0.000
Total Time : 7571.293 	 TPS : 257.981 	 RecvSec : 83.560 	 SendSec : 83476.244 	 SendDropSec : 0.000
Total Time : 7572.972 	 TPS : 123.272 	 RecvSec : 37.518 	 SendSec : 37480.180 	 SendDropSec : 0.000
Total Time : 7574.193 	 TPS : 141.761 	 RecvSec : 51.624 	 SendSec : 51572.339 	 SendDropSec : 0.000
Total Time : 7575.230 	 TPS : 210.120 	 RecvSec : 62.651 	 SendSec : 62587.946 	 SendDropSec : 0.000
Total Time : 7576.879 	 TPS : 114.651 	 RecvSec : 37.004 	 SendSec : 36966.613 	 SendDropSec : 0.000
Total Time : 7578.817 	 TPS : 103.692 	 RecvSec : 32.501 	 SendSec : 32468.013 	 SendDropSec : 0.000
Total Time : 7580.480 	 TPS : 126.291 	 RecvSec : 37.887 	 SendSec : 37849.350 	 SendDropSec : 0.000
Total Time : 7581.849 	 TPS : 138.085 	 RecvSec : 46.028 	 SendSec : 45982.143 	 SendDropSec : 0.000
Total Time : 7583.373 	 TPS : 119.382 	 RecvSec : 41.324 	 SendSec : 41283.123 	 SendDropSec : 0.000
Total Time : 7585.301 	 TPS : 72.099 	 RecvSec : 32.678 	 SendSec : 32645.149 	 SendDropSec : 0.000
Total Time : 7586.832 	 TPS : 128.658 	 RecvSec : 41.144 	 SendSec : 41103.234 	 SendDropSec : 0.000
Total Time : 7588.382 	 TPS : 116.132 	 RecvSec : 40.646 	 SendSec : 40605.632 	 SendDropSec : 0.000
Total Time : 7590.259 	 TPS : 109.788 	 RecvSec : 33.576 	 SendSec : 33542.444 	 SendDropSec : 0.000
Total Time : 7591.436 	 TPS : 304.094 	 RecvSec : 107.028 	 SendSec : 106920.538 	 SendDropSec : 0.000
Total Time : 7592.915 	 TPS : 123.757 	 RecvSec : 42.605 	 SendSec : 42562.331 	 SendDropSec : 0.000
Total Time : 7594.472 	 TPS : 125.203 	 RecvSec : 40.450 	 SendSec : 40409.640 	 SendDropSec : 0.000
Total Time : 7595.807 	 TPS : 136.371 	 RecvSec : 47.205 	 SendSec : 47158.038 	 SendDropSec : 0.000
Total Time : 7597.569 	 TPS : 93.047 	 RecvSec : 35.744 	 SendSec : 35707.860 	 SendDropSec : 0.000
Total Time : 7599.332 	 TPS : 108.933 	 RecvSec : 35.743 	 SendSec : 35707.755 	 SendDropSec : 0.000
Total Time : 7601.323 	 TPS : 184.312 	 RecvSec : 63.279 	 SendSec : 63215.626 	 SendDropSec : 0.000
Total Time : 7602.741 	 TPS : 130.416 	 RecvSec : 44.412 	 SendSec : 44367.617 	 SendDropSec : 0.000
Total Time : 7604.049 	 TPS : 155.955 	 RecvSec : 48.163 	 SendSec : 48114.416 	 SendDropSec : 0.000
Total Time : 7605.162 	 TPS : 169.040 	 RecvSec : 56.646 	 SendSec : 56589.665 	 SendDropSec : 0.000
Total Time : 7607.316 	 TPS : 171.279 	 RecvSec : 58.485 	 SendSec : 58426.918 	 SendDropSec : 0.000
Total Time : 7608.912 	 TPS : 116.545 	 RecvSec : 39.475 	 SendSec : 39435.540 	 SendDropSec : 0.000
Total Time : 7609.912 	 TPS : 253.967 	 RecvSec : 85.989 	 SendSec : 85902.884 	 SendDropSec : 0.000
Total Time : 7610.912 	 TPS : 171.969 	 RecvSec : 54.990 	 SendSec : 54935.090 	 SendDropSec : 0.000
Total Time : 7612.392 	 TPS : 100.015 	 RecvSec : 32.437 	 SendSec : 32404.742 	 SendDropSec : 0.000
Total Time : 7613.755 	 TPS : 143.088 	 RecvSec : 46.228 	 SendSec : 46182.230 	 SendDropSec : 0.000
Total Time : 7615.143 	 TPS : 131.860 	 RecvSec : 45.394 	 SendSec : 45348.897 	 SendDropSec : 0.000
Total Time : 7617.256 	 TPS : 174.115 	 RecvSec : 59.615 	 SendSec : 59555.727 	 SendDropSec : 0.000
Total Time : 7618.915 	 TPS : 119.400 	 RecvSec : 37.991 	 SendSec : 37952.794 	 SendDropSec : 0.000
Total Time : 7619.915 	 TPS : 201.847 	 RecvSec : 63.952 	 SendSec : 63887.688 	 SendDropSec : 0.000
Total Time : 7621.155 	 TPS : 144.353 	 RecvSec : 49.999 	 SendSec : 49949.335 	 SendDropSec : 0.000
Total Time : 7622.527 	 TPS : 144.366 	 RecvSec : 45.935 	 SendSec : 45888.647 	 SendDropSec : 0.000
Total Time : 7623.528 	 TPS : 199.807 	 RecvSec : 63.938 	 SendSec : 63874.189 	 SendDropSec : 0.000
Total Time : 7624.718 	 TPS : 166.292 	 RecvSec : 52.071 	 SendSec : 52019.250 	 SendDropSec : 0.000
Total Time : 7626.583 	 TPS : 112.649 	 RecvSec : 33.795 	 SendSec : 33761.040 	 SendDropSec : 0.000
Total Time : 7627.584 	 TPS : 251.737 	 RecvSec : 70.926 	 SendSec : 70854.928 	 SendDropSec : 0.000
Total Time : 7629.280 	 TPS : 99.025 	 RecvSec : 32.419 	 SendSec : 32386.521 	 SendDropSec : 0.000
Total Time : 7630.282 	 TPS : 261.657 	 RecvSec : 70.907 	 SendSec : 70836.197 	 SendDropSec : 0.000
Total Time : 7631.844 	 TPS : 101.154 	 RecvSec : 35.212 	 SendSec : 35176.779 	 SendDropSec : 0.000
Total Time : 7633.500 	 TPS : 114.132 	 RecvSec : 38.044 	 SendSec : 38006.052 	 SendDropSec : 0.000
Total Time : 7634.500 	 TPS : 265.757 	 RecvSec : 85.921 	 SendSec : 85835.512 	 SendDropSec : 0.000
Total Time : 7636.248 	 TPS : 72.086 	 RecvSec : 22.884 	 SendSec : 22861.433 	 SendDropSec : 0.000
Total Time : 7637.248 	 TPS : 377.948 	 RecvSec : 124.983 	 SendSec : 124857.894 	 SendDropSec : 0.000
Total Time : 7639.606 	 TPS : 99.671 	 RecvSec : 27.145 	 SendSec : 27117.379 	 SendDropSec : 0.000
Total Time : 7641.362 	 TPS : 115.604 	 RecvSec : 35.877 	 SendSec : 35841.277 	 SendDropSec : 0.000
Total Time : 7642.578 	 TPS : 338.853 	 RecvSec : 103.630 	 SendSec : 103526.066 	 SendDropSec : 0.000
Total Time : 7643.595 	 TPS : 222.315 	 RecvSec : 63.940 	 SendSec : 63876.075 	 SendDropSec : 0.000
Total Time : 7644.647 	 TPS : 151.050 	 RecvSec : 57.950 	 SendSec : 57892.054 	 SendDropSec : 0.000
Total Time : 7646.646 	 TPS : 97.059 	 RecvSec : 31.519 	 SendSec : 31487.485 	 SendDropSec : 0.000
Total Time : 7648.183 	 TPS : 134.030 	 RecvSec : 40.990 	 SendSec : 40948.902 	 SendDropSec : 0.000
Total Time : 7649.976 	 TPS : 109.296 	 RecvSec : 35.131 	 SendSec : 35095.573 	 SendDropSec : 0.000
Total Time : 7651.738 	 TPS : 116.906 	 RecvSec : 35.753 	 SendSec : 35717.089 	 SendDropSec : 0.000
Total Time : 7653.125 	 TPS : 134.148 	 RecvSec : 45.437 	 SendSec : 45391.776 	 SendDropSec : 0.000
Total Time : 7654.127 	 TPS : 326.465 	 RecvSec : 113.813 	 SendSec : 113699.646 	 SendDropSec : 0.000
Total Time : 7655.747 	 TPS : 48.129 	 RecvSec : 7.404 	 SendSec : 7397.070 	 SendDropSec : 0.000
Total Time : 7656.753 	 TPS : 196.921 	 RecvSec : 62.657 	 SendSec : 62594.147 	 SendDropSec : 0.000
Total Time : 7658.110 	 TPS : 149.520 	 RecvSec : 46.403 	 SendSec : 46356.315 	 SendDropSec : 0.000
Total Time : 7659.111 	 TPS : 290.859 	 RecvSec : 87.957 	 SendSec : 87869.269 	 SendDropSec : 0.000
Total Time : 7660.543 	 TPS : 81.029 	 RecvSec : 26.544 	 SendSec : 26517.339 	 SendDropSec : 0.000
Total Time : 7661.546 	 TPS : 167.384 	 RecvSec : 62.769 	 SendSec : 62706.179 	 SendDropSec : 0.000
Total Time : 7662.581 	 TPS : 204.956 	 RecvSec : 60.907 	 SendSec : 60845.950 	 SendDropSec : 0.000
Total Time : 7663.729 	 TPS : 193.316 	 RecvSec : 56.601 	 SendSec : 56544.882 	 SendDropSec : 0.000
Total Time : 7665.395 	 TPS : 104.417 	 RecvSec : 36.606 	 SendSec : 36569.326 	 SendDropSec : 0.000
Total Time : 7666.920 	 TPS : 123.277 	 RecvSec : 41.311 	 SendSec : 41269.717 	 SendDropSec : 0.000
Total Time : 7667.922 	 TPS : 217.733 	 RecvSec : 63.922 	 SendSec : 63857.596 	 SendDropSec : 0.000
Total Time : 7669.683 	 TPS : 106.731 	 RecvSec : 35.199 	 SendSec : 35163.411 	 SendDropSec : 0.000
Total Time : 7671.515 	 TPS : 110.291 	 RecvSec : 34.398 	 SendSec : 34363.406 	 SendDropSec : 0.000
Total Time : 7673.932 	 TPS : 171.241 	 RecvSec : 52.117 	 SendSec : 52064.830 	 SendDropSec : 0.000
Total Time : 7675.876 	 TPS : 99.818 	 RecvSec : 32.415 	 SendSec : 32382.716 	 SendDropSec : 0.000
Total Time : 7677.373 	 TPS : 142.259 	 RecvSec : 42.077 	 SendSec : 42034.520 	 SendDropSec : 0.000
Total Time : 7678.424 	 TPS : 217.971 	 RecvSec : 61.870 	 SendSec : 61807.680 	 SendDropSec : 0.000
Total Time : 7679.848 	 TPS : 130.589 	 RecvSec : 42.828 	 SendSec : 42784.795 	 SendDropSec : 0.000
Total Time : 7681.609 	 TPS : 110.130 	 RecvSec : 35.764 	 SendSec : 35728.070 	 SendDropSec : 0.000
Total Time : 7682.974 	 TPS : 162.702 	 RecvSec : 46.172 	 SendSec : 46126.112 	 SendDropSec : 0.000
Total Time : 7684.942 	 TPS : 103.125 	 RecvSec : 32.004 	 SendSec : 31972.242 	 SendDropSec : 0.000
Total Time : 7686.047 	 TPS : 175.553 	 RecvSec : 57.010 	 SendSec : 56952.546 	 SendDropSec : 0.000
Total Time : 7687.750 	 TPS : 117.486 	 RecvSec : 37.008 	 SendSec : 36971.114 	 SendDropSec : 0.000
Total Time : 7688.867 	 TPS : 182.650 	 RecvSec : 56.407 	 SendSec : 56350.202 	 SendDropSec : 0.000
Total Time : 7689.867 	 TPS : 375.853 	 RecvSec : 118.954 	 SendSec : 118834.666 	 SendDropSec : 0.000
Total Time : 7691.038 	 TPS : 32.448 	 RecvSec : 5.977 	 SendSec : 5971.332 	 SendDropSec : 0.000
Total Time : 7692.235 	 TPS : 174.679 	 RecvSec : 52.654 	 SendSec : 52601.759 	 SendDropSec : 0.000
Total Time : 7693.883 	 TPS : 234.219 	 RecvSec : 76.455 	 SendSec : 76378.459 	 SendDropSec : 0.000
Total Time : 7695.860 	 TPS : 105.218 	 RecvSec : 31.869 	 SendSec : 31837.091 	 SendDropSec : 0.000
Total Time : 7696.917 	 TPS : 223.254 	 RecvSec : 61.489 	 SendSec : 61427.868 	 SendDropSec : 0.000
Total Time : 7697.996 	 TPS : 188.156 	 RecvSec : 56.540 	 SendSec : 56482.984 	 SendDropSec : 0.000
Total Time : 7699.099 	 TPS : 186.605 	 RecvSec : 57.068 	 SendSec : 57011.328 	 SendDropSec : 0.000
Total Time : 7700.962 	 TPS : 89.656 	 RecvSec : 33.822 	 SendSec : 33788.606 	 SendDropSec : 0.000
Total Time : 7702.172 	 TPS : 156.206 	 RecvSec : 52.069 	 SendSec : 52016.487 	 SendDropSec : 0.000
Total Time : 7703.380 	 TPS : 338.684 	 RecvSec : 104.338 	 SendSec : 104233.508 	 SendDropSec : 0.000
Total Time : 7704.608 	 TPS : 150.657 	 RecvSec : 51.305 	 SendSec : 51253.620 	 SendDropSec : 0.000
Total Time : 7705.901 	 TPS : 327.063 	 RecvSec : 97.423 	 SendSec : 97325.727 	 SendDropSec : 0.000
Total Time : 7706.901 	 TPS : 374.845 	 RecvSec : 124.948 	 SendSec : 124823.236 	 SendDropSec : 0.000
Total Time : 7707.902 	 TPS : 152.964 	 RecvSec : 52.987 	 SendSec : 52934.428 	 SendDropSec : 0.000
Total Time : 7710.519 	 TPS : 102.790 	 RecvSec : 28.277 	 SendSec : 28248.654 	 SendDropSec : 0.000
Total Time : 7711.519 	 TPS : 356.745 	 RecvSec : 116.917 	 SendSec : 116799.663 	 SendDropSec : 0.000
Total Time : 7712.667 	 TPS : 45.302 	 RecvSec : 7.841 	 SendSec : 7832.862 	 SendDropSec : 0.000
Total Time : 7713.874 	 TPS : 168.244 	 RecvSec : 52.214 	 SendSec : 52161.533 	 SendDropSec : 0.000
Total Time : 7715.025 	 TPS : 196.339 	 RecvSec : 56.469 	 SendSec : 56412.705 	 SendDropSec : 0.000
Total Time : 7716.684 	 TPS : 110.262 	 RecvSec : 36.754 	 SendSec : 36717.131 	 SendDropSec : 0.000
Total Time : 7718.044 	 TPS : 160.296 	 RecvSec : 46.324 	 SendSec : 46277.863 	 SendDropSec : 0.000
Total Time : 7719.906 	 TPS : 97.248 	 RecvSec : 33.849 	 SendSec : 33814.979 	 SendDropSec : 0.000
Total Time : 7721.865 	 TPS : 100.048 	 RecvSec : 32.158 	 SendSec : 32126.174 	 SendDropSec : 0.000
Total Time : 7722.980 	 TPS : 174.783 	 RecvSec : 56.468 	 SendSec : 56411.771 	 SendDropSec : 0.000
Total Time : 7724.777 	 TPS : 115.223 	 RecvSec : 35.068 	 SendSec : 35032.790 	 SendDropSec : 0.000
Total Time : 7725.857 	 TPS : 221.263 	 RecvSec : 60.176 	 SendSec : 60115.832 	 SendDropSec : 0.000
Total Time : 7726.988 	 TPS : 165.372 	 RecvSec : 53.945 	 SendSec : 53890.910 	 SendDropSec : 0.000
Total Time : 7728.171 	 TPS : 164.031 	 RecvSec : 53.268 	 SendSec : 53214.683 	 SendDropSec : 0.000
Total Time : 7729.553 	 TPS : 145.379 	 RecvSec : 45.567 	 SendSec : 45520.972 	 SendDropSec : 0.000
Total Time : 7730.925 	 TPS : 153.779 	 RecvSec : 45.915 	 SendSec : 45869.019 	 SendDropSec : 0.000
Total Time : 7731.988 	 TPS : 215.521 	 RecvSec : 61.174 	 SendSec : 61112.815 	 SendDropSec : 0.000
Total Time : 7733.409 	 TPS : 135.080 	 RecvSec : 42.916 	 SendSec : 42872.985 	 SendDropSec : 0.000
Total Time : 7734.710 	 TPS : 156.047 	 RecvSec : 48.429 	 SendSec : 48380.089 	 SendDropSec : 0.000
Total Time : 7736.369 	 TPS : 112.742 	 RecvSec : 37.983 	 SendSec : 37944.577 	 SendDropSec : 0.000
Total Time : 7737.986 	 TPS : 126.150 	 RecvSec : 38.958 	 SendSec : 38919.178 	 SendDropSec : 0.000
Total Time : 7739.809 	 TPS : 108.063 	 RecvSec : 34.558 	 SendSec : 34523.538 	 SendDropSec : 0.000
Total Time : 7741.139 	 TPS : 158.591 	 RecvSec : 47.352 	 SendSec : 47304.489 	 SendDropSec : 0.000
Total Time : 7742.543 	 TPS : 158.830 	 RecvSec : 44.871 	 SendSec : 44826.403 	 SendDropSec : 0.000
Total Time : 7743.604 	 TPS : 187.679 	 RecvSec : 59.416 	 SendSec : 59356.581 	 SendDropSec : 0.000
Total Time : 7744.680 	 TPS : 205.346 	 RecvSec : 60.396 	 SendSec : 60335.616 	 SendDropSec : 0.000
Total Time : 7745.710 	 TPS : 184.427 	 RecvSec : 59.211 	 SendSec : 59151.426 	 SendDropSec : 0.000
Total Time : 7746.710 	 TPS : 335.999 	 RecvSec : 113.000 	 SendSec : 112886.774 	 SendDropSec : 0.000
Total Time : 7748.622 	 TPS : 135.475 	 RecvSec : 39.753 	 SendSec : 39713.421 	 SendDropSec : 0.000
Total Time : 7749.622 	 TPS : 222.990 	 RecvSec : 63.997 	 SendSec : 63933.129 	 SendDropSec : 0.000
Total Time : 7751.153 	 TPS : 137.151 	 RecvSec : 40.492 	 SendSec : 40451.670 	 SendDropSec : 0.000
Total Time : 7752.881 	 TPS : 112.885 	 RecvSec : 36.471 	 SendSec : 36434.220 	 SendDropSec : 0.000
Total Time : 7753.936 	 TPS : 200.831 	 RecvSec : 61.576 	 SendSec : 61513.945 	 SendDropSec : 0.000
Total Time : 7755.121 	 TPS : 339.344 	 RecvSec : 104.673 	 SendSec : 104568.503 	 SendDropSec : 0.000
Total Time : 7756.901 	 TPS : 116.860 	 RecvSec : 35.395 	 SendSec : 35359.599 	 SendDropSec : 0.000
Total Time : 7758.221 	 TPS : 147.740 	 RecvSec : 47.731 	 SendSec : 47683.642 	 SendDropSec : 0.000
Total Time : 7759.814 	 TPS : 131.759 	 RecvSec : 39.528 	 SendSec : 39488.113 	 SendDropSec : 0.000
Total Time : 7761.588 	 TPS : 122.376 	 RecvSec : 35.529 	 SendSec : 35493.102 	 SendDropSec : 0.000
Total Time : 7762.637 	 TPS : 192.470 	 RecvSec : 60.028 	 SendSec : 59967.591 	 SendDropSec : 0.000
Total Time : 7764.599 	 TPS : 98.368 	 RecvSec : 32.110 	 SendSec : 32077.571 	 SendDropSec : 0.000
Total Time : 7766.550 	 TPS : 105.608 	 RecvSec : 32.298 	 SendSec : 32265.353 	 SendDropSec : 0.000
Total Time : 7768.490 	 TPS : 112.903 	 RecvSec : 32.479 	 SendSec : 32446.499 	 SendDropSec : 0.000
Total Time : 7769.613 	 TPS : 191.327 	 RecvSec : 57.843 	 SendSec : 57785.259 	 SendDropSec : 0.000
Total Time : 7771.377 	 TPS : 102.047 	 RecvSec : 34.582 	 SendSec : 34547.877 	 SendDropSec : 0.000
Total Time : 7773.061 	 TPS : 128.851 	 RecvSec : 37.408 	 SendSec : 37370.915 	 SendDropSec : 0.000
Total Time : 7774.062 	 TPS : 199.904 	 RecvSec : 63.969 	 SendSec : 63905.428 	 SendDropSec : 0.000
Total Time : 7775.240 	 TPS : 176.479 	 RecvSec : 52.604 	 SendSec : 52551.793 	 SendDropSec : 0.000
Total Time : 7776.497 	 TPS : 153.619 	 RecvSec : 50.145 	 SendSec : 50094.989 	 SendDropSec : 0.000
Total Time : 7778.184 	 TPS : 129.188 	 RecvSec : 37.334 	 SendSec : 37296.758 	 SendDropSec : 0.000
Total Time : 7780.168 	 TPS : 106.334 	 RecvSec : 31.749 	 SendSec : 31717.132 	 SendDropSec : 0.000
Total Time : 7781.735 	 TPS : 126.355 	 RecvSec : 40.204 	 SendSec : 40163.708 	 SendDropSec : 0.000
Total Time : 7783.188 	 TPS : 136.989 	 RecvSec : 43.368 	 SendSec : 43325.127 	 SendDropSec : 0.000
Total Time : 7785.135 	 TPS : 107.347 	 RecvSec : 32.358 	 SendSec : 32325.705 	 SendDropSec : 0.000
Total Time : 7786.190 	 TPS : 219.977 	 RecvSec : 61.631 	 SendSec : 61569.792 	 SendDropSec : 0.000
Total Time : 7787.261 	 TPS : 169.895 	 RecvSec : 56.943 	 SendSec : 56885.923 	 SendDropSec : 0.000
Total Time : 7788.261 	 TPS : 295.886 	 RecvSec : 87.966 	 SendSec : 87878.290 	 SendDropSec : 0.000
Total Time : 7789.394 	 TPS : 105.961 	 RecvSec : 35.320 	 SendSec : 35285.111 	 SendDropSec : 0.000
Total Time : 7790.395 	 TPS : 284.571 	 RecvSec : 83.873 	 SendSec : 83789.620 	 SendDropSec : 0.000
Total Time : 7791.396 	 TPS : 283.967 	 RecvSec : 91.989 	 SendSec : 91897.450 	 SendDropSec : 0.000
Total Time : 7793.273 	 TPS : 144.884 	 RecvSec : 39.417 	 SendSec : 39377.637 	 SendDropSec : 0.000
Total Time : 7794.979 	 TPS : 121.921 	 RecvSec : 36.928 	 SendSec : 36890.973 	 SendDropSec : 0.000
Total Time : 7796.533 	 TPS : 129.995 	 RecvSec : 40.543 	 SendSec : 40502.531 	 SendDropSec : 0.000
Total Time : 7798.234 	 TPS : 127.525 	 RecvSec : 37.023 	 SendSec : 36986.467 	 SendDropSec : 0.000
Total Time : 7799.443 	 TPS : 163.775 	 RecvSec : 52.110 	 SendSec : 52058.153 	 SendDropSec : 0.000
Total Time : 7801.224 	 TPS : 108.419 	 RecvSec : 35.391 	 SendSec : 35355.259 	 SendDropSec : 0.000
Total Time : 7803.665 	 TPS : 170.012 	 RecvSec : 51.618 	 SendSec : 51566.360 	 SendDropSec : 0.000
Total Time : 7805.622 	 TPS : 102.678 	 RecvSec : 32.183 	 SendSec : 32150.392 	 SendDropSec : 0.000
Total Time : 7806.898 	 TPS : 170.851 	 RecvSec : 49.374 	 SendSec : 49324.955 	 SendDropSec : 0.000
Total Time : 7808.849 	 TPS : 108.690 	 RecvSec : 32.299 	 SendSec : 32267.089 	 SendDropSec : 0.000
Total Time : 7810.472 	 TPS : 135.480 	 RecvSec : 38.797 	 SendSec : 38757.873 	 SendDropSec : 0.000
Total Time : 7811.473 	 TPS : 307.823 	 RecvSec : 90.948 	 SendSec : 90856.766 	 SendDropSec : 0.000
Total Time : 7812.689 	 TPS : 88.793 	 RecvSec : 28.775 	 SendSec : 28746.592 	 SendDropSec : 0.000
Total Time : 7815.058 	 TPS : 188.701 	 RecvSec : 53.191 	 SendSec : 53137.829 	 SendDropSec : 0.000
Total Time : 7816.793 	 TPS : 251.910 	 RecvSec : 72.633 	 SendSec : 72560.520 	 SendDropSec : 0.000
Total Time : 7818.274 	 TPS : 144.475 	 RecvSec : 42.532 	 SendSec : 42489.863 	 SendDropSec : 0.000
Total Time : 7819.437 	 TPS : 203.873 	 RecvSec : 55.915 	 SendSec : 55858.732 	 SendDropSec : 0.000
Total Time : 7820.437 	 TPS : 210.927 	 RecvSec : 60.979 	 SendSec : 60917.983 	 SendDropSec : 0.000
Total Time : 7821.497 	 TPS : 188.613 	 RecvSec : 59.413 	 SendSec : 59353.648 	 SendDropSec : 0.000
Total Time : 7822.647 	 TPS : 369.587 	 RecvSec : 109.572 	 SendSec : 109462.191 	 SendDropSec : 0.000
Total Time : 7824.619 	 TPS : 107.031 	 RecvSec : 31.957 	 SendSec : 31925.021 	 SendDropSec : 0.000
Total Time : 7827.110 	 TPS : 175.801 	 RecvSec : 50.573 	 SendSec : 50522.324 	 SendDropSec : 0.000
Total Time : 7828.113 	 TPS : 217.294 	 RecvSec : 63.793 	 SendSec : 63728.856 	 SendDropSec : 0.000
Total Time : 7829.115 	 TPS : 197.604 	 RecvSec : 61.876 	 SendSec : 61814.180 	 SendDropSec : 0.000
Total Time : 7831.011 	 TPS : 117.133 	 RecvSec : 33.240 	 SendSec : 33207.164 	 SendDropSec : 0.000
Total Time : 7832.136 	 TPS : 200.021 	 RecvSec : 55.117 	 SendSec : 55061.697 	 SendDropSec : 0.000
Total Time : 7833.380 	 TPS : 105.265 	 RecvSec : 9.643 	 SendSec : 9632.938 	 SendDropSec : 0.000
Total Time : 7834.381 	 TPS : 219.735 	 RecvSec : 117.858 	 SendSec : 117740.100 	 SendDropSec : 0.000
Total Time : 7835.659 	 TPS : 320.146 	 RecvSec : 96.279 	 SendSec : 96182.349 	 SendDropSec : 0.000
Total Time : 7837.288 	 TPS : 138.699 	 RecvSec : 38.664 	 SendSec : 38625.114 	 SendDropSec : 0.000
Total Time : 7838.818 	 TPS : 148.392 	 RecvSec : 41.184 	 SendSec : 41142.388 	 SendDropSec : 0.000
Total Time : 7839.907 	 TPS : 213.982 	 RecvSec : 57.858 	 SendSec : 57800.044 	 SendDropSec : 0.000
Total Time : 7841.671 	 TPS : 122.982 	 RecvSec : 35.705 	 SendSec : 35668.870 	 SendDropSec : 0.000
Total Time : 7842.735 	 TPS : 208.791 	 RecvSec : 59.251 	 SendSec : 59192.222 	 SendDropSec : 0.000
Total Time : 7844.137 	 TPS : 159.012 	 RecvSec : 44.923 	 SendSec : 44877.881 	 SendDropSec : 0.000
Total Time : 7845.554 	 TPS : 141.871 	 RecvSec : 44.467 	 SendSec : 44422.529 	 SendDropSec : 0.000
Total Time : 7847.285 	 TPS : 243.120 	 RecvSec : 72.763 	 SendSec : 72690.016 	 SendDropSec : 0.000
Total Time : 7848.920 	 TPS : 129.068 	 RecvSec : 38.537 	 SendSec : 38498.299 	 SendDropSec : 0.000
Total Time : 7850.779 	 TPS : 117.270 	 RecvSec : 33.890 	 SendSec : 33855.929 	 SendDropSec : 0.000
Total Time : 7852.011 	 TPS : 160.755 	 RecvSec : 51.149 	 SendSec : 51098.317 	 SendDropSec : 0.000
Total Time : 7853.374 	 TPS : 171.690 	 RecvSec : 46.224 	 SendSec : 46178.049 	 SendDropSec : 0.000
Total Time : 7854.604 	 TPS : 347.111 	 RecvSec : 102.426 	 SendSec : 102323.683 	 SendDropSec : 0.000
Total Time : 7856.356 	 TPS : 120.999 	 RecvSec : 35.957 	 SendSec : 35921.217 	 SendDropSec : 0.000
Total Time : 7858.203 	 TPS : 112.059 	 RecvSec : 34.105 	 SendSec : 34070.695 	 SendDropSec : 0.000
Total Time : 7860.104 	 TPS : 108.904 	 RecvSec : 33.145 	 SendSec : 33111.680 	 SendDropSec : 0.000
Total Time : 7861.105 	 TPS : 249.779 	 RecvSec : 66.941 	 SendSec : 66873.736 	 SendDropSec : 0.000
Total Time : 7862.804 	 TPS : 104.184 	 RecvSec : 34.728 	 SendSec : 34693.137 	 SendDropSec : 0.000
Total Time : 7864.628 	 TPS : 113.496 	 RecvSec : 34.542 	 SendSec : 34507.825 	 SendDropSec : 0.000
Total Time : 7866.245 	 TPS : 135.402 	 RecvSec : 38.951 	 SendSec : 38912.353 	 SendDropSec : 0.000
Total Time : 7867.911 	 TPS : 120.631 	 RecvSec : 37.810 	 SendSec : 37771.985 	 SendDropSec : 0.000
Total Time : 7869.444 	 TPS : 139.008 	 RecvSec : 41.115 	 SendSec : 41073.804 	 SendDropSec : 0.000
Total Time : 7870.444 	 TPS : 210.811 	 RecvSec : 64.942 	 SendSec : 64876.987 	 SendDropSec : 0.000
Total Time : 7871.445 	 TPS : 437.820 	 RecvSec : 123.949 	 SendSec : 123825.219 	 SendDropSec : 0.000
Total Time : 7873.141 	 TPS : 116.164 	 RecvSec : 37.149 	 SendSec : 37111.859 	 SendDropSec : 0.000
Total Time : 7874.141 	 TPS : 275.950 	 RecvSec : 66.988 	 SendSec : 66920.948 	 SendDropSec : 0.000
Total Time : 7875.280 	 TPS : 159.838 	 RecvSec : 51.816 	 SendSec : 51763.840 	 SendDropSec : 0.000
Total Time : 7877.151 	 TPS : 117.054 	 RecvSec : 33.673 	 SendSec : 33639.361 	 SendDropSec : 0.000
Total Time : 7878.615 	 TPS : 141.318 	 RecvSec : 43.010 	 SendSec : 42966.844 	 SendDropSec : 0.000
Total Time : 7880.009 	 TPS : 158.539 	 RecvSec : 45.194 	 SendSec : 45149.232 	 SendDropSec : 0.000
Total Time : 7881.261 	 TPS : 183.698 	 RecvSec : 50.317 	 SendSec : 50266.837 	 SendDropSec : 0.000
Total Time : 7882.867 	 TPS : 128.321 	 RecvSec : 39.244 	 SendSec : 39204.681 	 SendDropSec : 0.000
Total Time : 7884.723 	 TPS : 117.948 	 RecvSec : 33.930 	 SendSec : 33896.432 	 SendDropSec : 0.000
Total Time : 7885.880 	 TPS : 175.509 	 RecvSec : 54.468 	 SendSec : 54413.750 	 SendDropSec : 0.000
Total Time : 7887.184 	 TPS : 158.776 	 RecvSec : 48.323 	 SendSec : 48274.873 	 SendDropSec : 0.000
Total Time : 7889.168 	 TPS : 114.420 	 RecvSec : 31.755 	 SendSec : 31723.495 	 SendDropSec : 0.000
Total Time : 7890.985 	 TPS : 121.059 	 RecvSec : 34.667 	 SendSec : 34632.229 	 SendDropSec : 0.000
Total Time : 7891.997 	 TPS : 244.183 	 RecvSec : 64.259 	 SendSec : 64194.523 	 SendDropSec : 0.000
Total Time : 7893.579 	 TPS : 257.873 	 RecvSec : 78.373 	 SendSec : 78294.663 	 SendDropSec : 0.000
Total Time : 7894.588 	 TPS : 198.221 	 RecvSec : 62.440 	 SendSec : 62377.103 	 SendDropSec : 0.000
Total Time : 7895.792 	 TPS : 178.576 	 RecvSec : 52.327 	 SendSec : 52274.636 	 SendDropSec : 0.000
Total Time : 7896.869 	 TPS : 182.800 	 RecvSec : 58.459 	 SendSec : 58400.561 	 SendDropSec : 0.000
Total Time : 7897.937 	 TPS : 217.240 	 RecvSec : 60.865 	 SendSec : 60803.813 	 SendDropSec : 0.000
Total Time : 7899.439 	 TPS : 132.555 	 RecvSec : 40.632 	 SendSec : 40591.754 	 SendDropSec : 0.000
Total Time : 7901.304 	 TPS : 120.108 	 RecvSec : 33.780 	 SendSec : 33746.686 	 SendDropSec : 0.000
Total Time : 7902.332 	 TPS : 238.290 	 RecvSec : 63.220 	 SendSec : 63156.654 	 SendDropSec : 0.000
Total Time : 7903.787 	 TPS : 146.379 	 RecvSec : 41.921 	 SendSec : 41878.897 	 SendDropSec : 0.000
Total Time : 7905.414 	 TPS : 137.090 	 RecvSec : 38.729 	 SendSec : 38690.728 	 SendDropSec : 0.000
Total Time : 7906.641 	 TPS : 174.298 	 RecvSec : 51.312 	 SendSec : 51260.725 	 SendDropSec : 0.000
Total Time : 7907.648 	 TPS : 408.350 	 RecvSec : 123.200 	 SendSec : 123077.290 	 SendDropSec : 0.000
Total Time : 7908.747 	 TPS : 172.844 	 RecvSec : 59.131 	 SendSec : 59071.864 	 SendDropSec : 0.000
Total Time : 7910.236 	 TPS : 280.809 	 RecvSec : 84.646 	 SendSec : 84561.105 	 SendDropSec : 0.000
Total Time : 7911.977 	 TPS : 121.743 	 RecvSec : 36.178 	 SendSec : 36142.081 	 SendDropSec : 0.000
Total Time : 7912.978 	 TPS : 195.706 	 RecvSec : 63.904 	 SendSec : 63840.131 	 SendDropSec : 0.000
Total Time : 7913.980 	 TPS : 219.762 	 RecvSec : 62.932 	 SendSec : 62868.775 	 SendDropSec : 0.000
Total Time : 7916.309 	 TPS : 175.998 	 RecvSec : 53.658 	 SendSec : 53604.417 	 SendDropSec : 0.000
Total Time : 7917.926 	 TPS : 114.430 	 RecvSec : 38.968 	 SendSec : 38929.108 	 SendDropSec : 0.000
Total Time : 7918.926 	 TPS : 315.853 	 RecvSec : 111.948 	 SendSec : 111835.952 	 SendDropSec : 0.000
Total Time : 7921.229 	 TPS : 120.303 	 RecvSec : 33.442 	 SendSec : 33408.221 	 SendDropSec : 0.000
Total Time : 7922.323 	 TPS : 196.578 	 RecvSec : 59.431 	 SendSec : 59371.119 	 SendDropSec : 0.000
Total Time : 7923.908 	 TPS : 120.463 	 RecvSec : 38.473 	 SendSec : 38434.072 	 SendDropSec : 0.000
Total Time : 7925.555 	 TPS : 124.471 	 RecvSec : 38.252 	 SendSec : 38213.808 	 SendDropSec : 0.000
Total Time : 7926.555 	 TPS : 260.999 	 RecvSec : 73.000 	 SendSec : 72926.752 	 SendDropSec : 0.000
Total Time : 7927.607 	 TPS : 157.842 	 RecvSec : 52.297 	 SendSec : 52244.776 	 SendDropSec : 0.000
Total Time : 7929.149 	 TPS : 115.382 	 RecvSec : 39.541 	 SendSec : 39501.639 	 SendDropSec : 0.000
Total Time : 7930.830 	 TPS : 114.810 	 RecvSec : 37.477 	 SendSec : 37439.207 	 SendDropSec : 0.000
Total Time : 7932.493 	 TPS : 117.903 	 RecvSec : 37.897 	 SendSec : 37859.370 	 SendDropSec : 0.000
Total Time : 7933.493 	 TPS : 385.964 	 RecvSec : 120.989 	 SendSec : 120867.856 	 SendDropSec : 0.000
Total Time : 7934.621 	 TPS : 49.659 	 RecvSec : 6.207 	 SendSec : 6201.229 	 SendDropSec : 0.000
Total Time : 7935.621 	 TPS : 350.777 	 RecvSec : 111.929 	 SendSec : 111817.052 	 SendDropSec : 0.000
Total Time : 7937.071 	 TPS : 39.326 	 RecvSec : 8.279 	 SendSec : 8270.885 	 SendDropSec : 0.000
Total Time : 7938.637 	 TPS : 119.362 	 RecvSec : 40.213 	 SendSec : 40172.763 	 SendDropSec : 0.000
Total Time : 7940.848 	 TPS : 180.076 	 RecvSec : 57.009 	 SendSec : 56951.850 	 SendDropSec : 0.000
Total Time : 7942.344 	 TPS : 134.976 	 RecvSec : 42.097 	 SendSec : 42054.450 	 SendDropSec : 0.000
Total Time : 7944.109 	 TPS : 125.809 	 RecvSec : 35.703 	 SendSec : 35666.968 	 SendDropSec : 0.000
Total Time : 7945.479 	 TPS : 142.323 	 RecvSec : 45.981 	 SendSec : 45935.302 	 SendDropSec : 0.000
Total Time : 7946.481 	 TPS : 180.652 	 RecvSec : 62.879 	 SendSec : 62815.866 	 SendDropSec : 0.000
Total Time : 7947.481 	 TPS : 346.812 	 RecvSec : 111.939 	 SendSec : 111827.524 	 SendDropSec : 0.000
Total Time : 7948.482 	 TPS : 242.916 	 RecvSec : 73.975 	 SendSec : 73900.549 	 SendDropSec : 0.000
Total Time : 7949.487 	 TPS : 52.720 	 RecvSec : 4.974 	 SendSec : 4968.645 	 SendDropSec : 0.000
Total Time : 7950.598 	 TPS : 329.541 	 RecvSec : 109.847 	 SendSec : 109737.282 	 SendDropSec : 0.000
Total Time : 7951.701 	 TPS : 188.553 	 RecvSec : 58.923 	 SendSec : 58863.880 	 SendDropSec : 0.000
Total Time : 7953.230 	 TPS : 126.884 	 RecvSec : 41.205 	 SendSec : 41163.398 	 SendDropSec : 0.000
Total Time : 7954.941 	 TPS : 113.375 	 RecvSec : 36.818 	 SendSec : 36780.863 	 SendDropSec : 0.000
Total Time : 7956.218 	 TPS : 164.358 	 RecvSec : 49.307 	 SendSec : 49257.996 	 SendDropSec : 0.000
Total Time : 7957.962 	 TPS : 106.121 	 RecvSec : 36.139 	 SendSec : 36102.533 	 SendDropSec : 0.000
Total Time : 7960.102 	 TPS : 175.721 	 RecvSec : 58.885 	 SendSec : 58826.287 	 SendDropSec : 0.000
Total Time : 7961.175 	 TPS : 202.992 	 RecvSec : 60.525 	 SendSec : 60464.733 	 SendDropSec : 0.000
Total Time : 7962.655 	 TPS : 127.051 	 RecvSec : 41.224 	 SendSec : 41182.850 	 SendDropSec : 0.000
Total Time : 7963.655 	 TPS : 382.946 	 RecvSec : 122.983 	 SendSec : 122859.750 	 SendDropSec : 0.000
Total Time : 7964.656 	 TPS : 169.945 	 RecvSec : 53.982 	 SendSec : 53928.462 	 SendDropSec : 0.000
Total Time : 7965.661 	 TPS : 167.075 	 RecvSec : 37.791 	 SendSec : 37752.999 	 SendDropSec : 0.000
Total Time : 7967.325 	 TPS : 55.890 	 RecvSec : 22.236 	 SendSec : 22213.528 	 SendDropSec : 0.000
Total Time : 7968.327 	 TPS : 232.513 	 RecvSec : 63.866 	 SendSec : 63802.245 	 SendDropSec : 0.000
Total Time : 7970.300 	 TPS : 89.723 	 RecvSec : 31.428 	 SendSec : 31396.845 	 SendDropSec : 0.000
Total Time : 7971.598 	 TPS : 154.847 	 RecvSec : 48.534 	 SendSec : 48485.589 	 SendDropSec : 0.000
Total Time : 7972.639 	 TPS : 190.230 	 RecvSec : 60.528 	 SendSec : 60467.304 	 SendDropSec : 0.000
Total Time : 7973.740 	 TPS : 193.493 	 RecvSec : 57.230 	 SendSec : 57173.141 	 SendDropSec : 0.000
Total Time : 7974.740 	 TPS : 424.664 	 RecvSec : 124.901 	 SendSec : 124776.152 	 SendDropSec : 0.000
Total Time : 7976.336 	 TPS : 1.253 	 RecvSec : 0.627 	 SendSec : 625.969 	 SendDropSec : 0.000
Total Time : 7977.626 	 TPS : 148.055 	 RecvSec : 48.835 	 SendSec : 48785.921 	 SendDropSec : 0.000
Total Time : 7979.469 	 TPS : 114.004 	 RecvSec : 34.201 	 SendSec : 34166.868 	 SendDropSec : 0.000
Total Time : 7980.623 	 TPS : 196.599 	 RecvSec : 56.295 	 SendSec : 56238.673 	 SendDropSec : 0.000
Total Time : 7982.300 	 TPS : 103.201 	 RecvSec : 36.389 	 SendSec : 36352.341 	 SendDropSec : 0.000
Total Time : 7983.824 	 TPS : 142.988 	 RecvSec : 41.322 	 SendSec : 41280.789 	 SendDropSec : 0.000
Total Time : 7985.186 	 TPS : 146.172 	 RecvSec : 46.276 	 SendSec : 46229.389 	 SendDropSec : 0.000
Total Time : 7987.171 	 TPS : 114.313 	 RecvSec : 31.726 	 SendSec : 31693.880 	 SendDropSec : 0.000
Total Time : 7988.204 	 TPS : 180.179 	 RecvSec : 61.028 	 SendSec : 60967.323 	 SendDropSec : 0.000
Total Time : 7989.881 	 TPS : 114.497 	 RecvSec : 37.569 	 SendSec : 37531.800 	 SendDropSec : 0.000
Total Time : 7991.559 	 TPS : 107.231 	 RecvSec : 37.531 	 SendSec : 37493.307 	 SendDropSec : 0.000
Total Time : 7992.732 	 TPS : 165.394 	 RecvSec : 53.710 	 SendSec : 53656.644 	 SendDropSec : 0.000
Total Time : 7994.432 	 TPS : 125.914 	 RecvSec : 37.068 	 SendSec : 37030.996 	 SendDropSec : 0.000
Total Time : 7995.684 	 TPS : 167.640 	 RecvSec : 50.292 	 SendSec : 50241.801 	 SendDropSec : 0.000
Total Time : 7997.327 	 TPS : 110.788 	 RecvSec : 38.350 	 SendSec : 38311.186 	 SendDropSec : 0.000
Total Time : 7998.418 	 TPS : 186.123 	 RecvSec : 59.596 	 SendSec : 59536.471 	 SendDropSec : 0.000
Total Time : 7999.851 	 TPS : 252.540 	 RecvSec : 86.505 	 SendSec : 86418.878 	 SendDropSec : 0.000
Total Time : 8002.142 	 TPS : 184.222 	 RecvSec : 55.005 	 SendSec : 54949.562 	 SendDropSec : 0.000
Total Time : 8003.142 	 TPS : 373.902 	 RecvSec : 123.967 	 SendSec : 123843.528 	 SendDropSec : 0.000
Total Time : 8004.961 	 TPS : 111.614 	 RecvSec : 35.738 	 SendSec : 35702.684 	 SendDropSec : 0.000
Total Time : 8006.151 	 TPS : 184.031 	 RecvSec : 52.940 	 SendSec : 52887.511 	 SendDropSec : 0.000
Total Time : 8007.561 	 TPS : 144.669 	 RecvSec : 44.677 	 SendSec : 44632.625 	 SendDropSec : 0.000
Total Time : 8009.403 	 TPS : 114.526 	 RecvSec : 34.195 	 SendSec : 34160.642 	 SendDropSec : 0.000
Total Time : 8010.722 	 TPS : 156.944 	 RecvSec : 47.765 	 SendSec : 47717.669 	 SendDropSec : 0.000
Total Time : 8011.801 	 TPS : 212.330 	 RecvSec : 58.414 	 SendSec : 58355.509 	 SendDropSec : 0.000
Total Time : 8012.872 	 TPS : 199.781 	 RecvSec : 58.814 	 SendSec : 58755.193 	 SendDropSec : 0.000
Total Time : 8014.520 	 TPS : 122.551 	 RecvSec : 38.221 	 SendSec : 38183.238 	 SendDropSec : 0.000
Total Time : 8015.578 	 TPS : 210.844 	 RecvSec : 61.457 	 SendSec : 61395.245 	 SendDropSec : 0.000
Total Time : 8017.037 	 TPS : 119.278 	 RecvSec : 41.816 	 SendSec : 41774.111 	 SendDropSec : 0.000
Total Time : 8018.472 	 TPS : 144.273 	 RecvSec : 43.909 	 SendSec : 43865.121 	 SendDropSec : 0.000
Total Time : 8019.472 	 TPS : 382.945 	 RecvSec : 114.984 	 SendSec : 114868.539 	 SendDropSec : 0.000
Total Time : 8020.472 	 TPS : 101.996 	 RecvSec : 20.999 	 SendSec : 20978.243 	 SendDropSec : 0.000
Total Time : 8021.472 	 TPS : 170.885 	 RecvSec : 56.962 	 SendSec : 56904.641 	 SendDropSec : 0.000
Total Time : 8022.535 	 TPS : 194.740 	 RecvSec : 57.387 	 SendSec : 57329.727 	 SendDropSec : 0.000
Total Time : 8023.559 	 TPS : 204.221 	 RecvSec : 61.559 	 SendSec : 61497.756 	 SendDropSec : 0.000
Total Time : 8025.861 	 TPS : 171.150 	 RecvSec : 53.864 	 SendSec : 53810.446 	 SendDropSec : 0.000
Total Time : 8026.900 	 TPS : 189.611 	 RecvSec : 60.637 	 SendSec : 60576.340 	 SendDropSec : 0.000
Total Time : 8027.903 	 TPS : 223.406 	 RecvSec : 64.828 	 SendSec : 64762.951 	 SendDropSec : 0.000
Total Time : 8029.008 	 TPS : 171.014 	 RecvSec : 55.195 	 SendSec : 55139.754 	 SendDropSec : 0.000
Total Time : 8030.008 	 TPS : 317.873 	 RecvSec : 90.964 	 SendSec : 90872.751 	 SendDropSec : 0.000
Total Time : 8031.232 	 TPS : 248.292 	 RecvSec : 80.042 	 SendSec : 79961.619 	 SendDropSec : 0.000
Total Time : 8032.882 	 TPS : 133.342 	 RecvSec : 38.184 	 SendSec : 38146.099 	 SendDropSec : 0.000
Total Time : 8034.062 	 TPS : 170.356 	 RecvSec : 53.395 	 SendSec : 53341.865 	 SendDropSec : 0.000
Total Time : 8035.352 	 TPS : 152.027 	 RecvSec : 48.866 	 SendSec : 48816.811 	 SendDropSec : 0.000
Total Time : 8037.063 	 TPS : 131.494 	 RecvSec : 36.818 	 SendSec : 36781.422 	 SendDropSec : 0.000
Total Time : 8038.188 	 TPS : 190.150 	 RecvSec : 55.979 	 SendSec : 55922.769 	 SendDropSec : 0.000
Total Time : 8039.946 	 TPS : 116.026 	 RecvSec : 35.832 	 SendSec : 35795.866 	 SendDropSec : 0.000
Total Time : 8040.977 	 TPS : 235.805 	 RecvSec : 63.075 	 SendSec : 63012.336 	 SendDropSec : 0.000
Total Time : 8042.272 	 TPS : 291.788 	 RecvSec : 95.719 	 SendSec : 95623.228 	 SendDropSec : 0.000
Total Time : 8044.025 	 TPS : 114.652 	 RecvSec : 35.936 	 SendSec : 35899.889 	 SendDropSec : 0.000
Total Time : 8045.107 	 TPS : 190.368 	 RecvSec : 58.219 	 SendSec : 58161.246 	 SendDropSec : 0.000
Total Time : 8046.189 	 TPS : 208.892 	 RecvSec : 58.231 	 SendSec : 58172.665 	 SendDropSec : 0.000
Total Time : 8047.559 	 TPS : 159.130 	 RecvSec : 45.987 	 SendSec : 45941.250 	 SendDropSec : 0.000
Total Time : 8050.057 	 TPS : 162.120 	 RecvSec : 50.437 	 SendSec : 50386.816 	 SendDropSec : 0.000
Total Time : 8051.673 	 TPS : 139.934 	 RecvSec : 39.008 	 SendSec : 38969.229 	 SendDropSec : 0.000
Total Time : 8052.744 	 TPS : 213.784 	 RecvSec : 60.681 	 SendSec : 60620.285 	 SendDropSec : 0.000
Total Time : 8053.744 	 TPS : 334.775 	 RecvSec : 109.926 	 SendSec : 109816.105 	 SendDropSec : 0.000
Total Time : 8054.927 	 TPS : 55.821 	 RecvSec : 11.841 	 SendSec : 11828.932 	 SendDropSec : 0.000
Total Time : 8056.265 	 TPS : 163.630 	 RecvSec : 47.072 	 SendSec : 47024.568 	 SendDropSec : 0.000
Total Time : 8058.170 	 TPS : 110.759 	 RecvSec : 33.070 	 SendSec : 33037.006 	 SendDropSec : 0.000
Total Time : 8059.986 	 TPS : 112.922 	 RecvSec : 34.703 	 SendSec : 34668.269 	 SendDropSec : 0.000
Total Time : 8061.914 	 TPS : 118.751 	 RecvSec : 32.669 	 SendSec : 32636.701 	 SendDropSec : 0.000
Total Time : 8063.063 	 TPS : 197.589 	 RecvSec : 56.578 	 SendSec : 56521.675 	 SendDropSec : 0.000
Total Time : 8064.524 	 TPS : 137.583 	 RecvSec : 41.754 	 SendSec : 41712.422 	 SendDropSec : 0.000
Total Time : 8065.966 	 TPS : 283.533 	 RecvSec : 87.347 	 SendSec : 87260.134 	 SendDropSec : 0.000
Total Time : 8067.068 	 TPS : 180.628 	 RecvSec : 57.184 	 SendSec : 57126.550 	 SendDropSec : 0.000
Total Time : 8068.183 	 TPS : 390.266 	 RecvSec : 113.043 	 SendSec : 112929.562 	 SendDropSec : 0.000
Total Time : 8069.686 	 TPS : 143.648 	 RecvSec : 41.897 	 SendSec : 41855.535 	 SendDropSec : 0.000
Total Time : 8071.057 	 TPS : 162.628 	 RecvSec : 45.944 	 SendSec : 45898.416 	 SendDropSec : 0.000
Total Time : 8072.116 	 TPS : 209.749 	 RecvSec : 59.523 	 SendSec : 59463.870 	 SendDropSec : 0.000
Total Time : 8074.028 	 TPS : 117.661 	 RecvSec : 32.945 	 SendSec : 32912.211 	 SendDropSec : 0.000
Total Time : 8075.727 	 TPS : 131.863 	 RecvSec : 37.086 	 SendSec : 37049.340 	 SendDropSec : 0.000
Total Time : 8077.112 	 TPS : 155.280 	 RecvSec : 45.501 	 SendSec : 45455.028 	 SendDropSec : 0.000
Total Time : 8078.434 	 TPS : 172.390 	 RecvSec : 47.634 	 SendSec : 47586.377 	 SendDropSec : 0.000
Total Time : 8079.830 	 TPS : 155.404 	 RecvSec : 45.117 	 SendSec : 45072.152 	 SendDropSec : 0.000
Total Time : 8081.229 	 TPS : 128.720 	 RecvSec : 45.052 	 SendSec : 45006.870 	 SendDropSec : 0.000
Total Time : 8083.017 	 TPS : 126.972 	 RecvSec : 35.239 	 SendSec : 35203.819 	 SendDropSec : 0.000
Total Time : 8084.119 	 TPS : 220.448 	 RecvSec : 58.968 	 SendSec : 58908.587 	 SendDropSec : 0.000
Total Time : 8085.368 	 TPS : 161.698 	 RecvSec : 48.830 	 SendSec : 48780.773 	 SendDropSec : 0.000
Total Time : 8087.285 	 TPS : 110.574 	 RecvSec : 32.859 	 SendSec : 32826.335 	 SendDropSec : 0.000
Total Time : 8088.432 	 TPS : 173.579 	 RecvSec : 54.952 	 SendSec : 54897.124 	 SendDropSec : 0.000
Total Time : 8089.513 	 TPS : 216.383 	 RecvSec : 60.106 	 SendSec : 60046.167 	 SendDropSec : 0.000
Total Time : 8090.882 	 TPS : 148.324 	 RecvSec : 44.570 	 SendSec : 44525.830 	 SendDropSec : 0.000
Total Time : 8092.452 	 TPS : 126.094 	 RecvSec : 40.121 	 SendSec : 40080.721 	 SendDropSec : 0.000
Total Time : 8094.377 	 TPS : 113.784 	 RecvSec : 32.732 	 SendSec : 32699.745 	 SendDropSec : 0.000
Total Time : 8096.852 	 TPS : 169.659 	 RecvSec : 50.898 	 SendSec : 50846.913 	 SendDropSec : 0.000
Total Time : 8097.919 	 TPS : 195.058 	 RecvSec : 59.080 	 SendSec : 59021.070 	 SendDropSec : 0.000
Total Time : 8099.294 	 TPS : 150.555 	 RecvSec : 45.821 	 SendSec : 45775.343 	 SendDropSec : 0.000
Total Time : 8100.367 	 TPS : 182.531 	 RecvSec : 58.671 	 SendSec : 58612.150 	 SendDropSec : 0.000
Total Time : 8102.320 	 TPS : 106.550 	 RecvSec : 32.272 	 SendSec : 32239.980 	 SendDropSec : 0.000
Total Time : 8103.321 	 TPS : 186.783 	 RecvSec : 62.927 	 SendSec : 62863.952 	 SendDropSec : 0.000
Total Time : 8104.991 	 TPS : 125.136 	 RecvSec : 37.720 	 SendSec : 37682.659 	 SendDropSec : 0.000
Total Time : 8106.037 	 TPS : 227.624 	 RecvSec : 62.166 	 SendSec : 62104.049 	 SendDropSec : 0.000
Total Time : 8107.046 	 TPS : 183.205 	 RecvSec : 60.408 	 SendSec : 60347.713 	 SendDropSec : 0.000
Total Time : 8108.083 	 TPS : 184.227 	 RecvSec : 60.766 	 SendSec : 60705.186 	 SendDropSec : 0.000
Total Time : 8109.096 	 TPS : 389.856 	 RecvSec : 113.502 	 SendSec : 113388.778 	 SendDropSec : 0.000
Total Time : 8110.507 	 TPS : 26.223 	 RecvSec : 7.796 	 SendSec : 7788.243 	 SendDropSec : 0.000
Total Time : 8111.511 	 TPS : 219.197 	 RecvSec : 64.763 	 SendSec : 64698.043 	 SendDropSec : 0.000
Total Time : 8112.636 	 TPS : 155.592 	 RecvSec : 54.235 	 SendSec : 54180.657 	 SendDropSec : 0.000
Total Time : 8114.238 	 TPS : 126.102 	 RecvSec : 39.329 	 SendSec : 39289.502 	 SendDropSec : 0.000
Total Time : 8115.238 	 TPS : 236.799 	 RecvSec : 63.946 	 SendSec : 63881.764 	 SendDropSec : 0.000
Total Time : 8116.862 	 TPS : 123.170 	 RecvSec : 38.183 	 SendSec : 38144.398 	 SendDropSec : 0.000
Total Time : 8118.602 	 TPS : 112.642 	 RecvSec : 36.206 	 SendSec : 36170.178 	 SendDropSec : 0.000
Total Time : 8119.727 	 TPS : 204.464 	 RecvSec : 57.783 	 SendSec : 57725.588 	 SendDropSec : 0.000
Total Time : 8120.748 	 TPS : 173.363 	 RecvSec : 59.747 	 SendSec : 59686.789 	 SendDropSec : 0.000
Total Time : 8122.208 	 TPS : 138.326 	 RecvSec : 43.141 	 SendSec : 43098.138 	 SendDropSec : 0.000
Total Time : 8123.876 	 TPS : 132.490 	 RecvSec : 37.769 	 SendSec : 37730.836 	 SendDropSec : 0.000
Total Time : 8125.864 	 TPS : 107.667 	 RecvSec : 31.696 	 SendSec : 31664.632 	 SendDropSec : 0.000
Total Time : 8126.940 	 TPS : 198.053 	 RecvSec : 58.579 	 SendSec : 58520.374 	 SendDropSec : 0.000
Total Time : 8128.450 	 TPS : 250.228 	 RecvSec : 83.409 	 SendSec : 83325.814 	 SendDropSec : 0.000
Total Time : 8129.763 	 TPS : 162.974 	 RecvSec : 47.978 	 SendSec : 47930.359 	 SendDropSec : 0.000
Total Time : 8131.029 	 TPS : 158.032 	 RecvSec : 49.780 	 SendSec : 49730.444 	 SendDropSec : 0.000
Total Time : 8132.420 	 TPS : 151.628 	 RecvSec : 45.273 	 SendSec : 45227.476 	 SendDropSec : 0.000
Total Time : 8133.627 	 TPS : 149.162 	 RecvSec : 52.207 	 SendSec : 52154.449 	 SendDropSec : 0.000
Total Time : 8134.644 	 TPS : 366.860 	 RecvSec : 113.107 	 SendSec : 112993.845 	 SendDropSec : 0.000
Total Time : 8135.732 	 TPS : 40.455 	 RecvSec : 10.114 	 SendSec : 10103.513 	 SendDropSec : 0.000
Total Time : 8137.712 	 TPS : 92.408 	 RecvSec : 31.812 	 SendSec : 31780.669 	 SendDropSec : 0.000
Total Time : 8138.737 	 TPS : 143.460 	 RecvSec : 61.483 	 SendSec : 61421.444 	 SendDropSec : 0.000
Total Time : 8139.902 	 TPS : 154.426 	 RecvSec : 54.049 	 SendSec : 53994.927 	 SendDropSec : 0.000
Total Time : 8140.983 	 TPS : 198.912 	 RecvSec : 58.286 	 SendSec : 58227.647 	 SendDropSec : 0.000
Total Time : 8142.901 	 TPS : 112.105 	 RecvSec : 32.849 	 SendSec : 32816.634 	 SendDropSec : 0.000
Total Time : 8144.458 	 TPS : 135.465 	 RecvSec : 40.447 	 SendSec : 40406.553 	 SendDropSec : 0.000
Total Time : 8145.555 	 TPS : 185.170 	 RecvSec : 57.467 	 SendSec : 57409.137 	 SendDropSec : 0.000
Total Time : 8146.819 	 TPS : 164.517 	 RecvSec : 49.830 	 SendSec : 49779.737 	 SendDropSec : 0.000
Total Time : 8148.163 	 TPS : 143.613 	 RecvSec : 46.879 	 SendSec : 46832.083 	 SendDropSec : 0.000
Total Time : 8149.902 	 TPS : 119.627 	 RecvSec : 36.233 	 SendSec : 36197.034 	 SendDropSec : 0.000
Total Time : 8151.709 	 TPS : 102.376 	 RecvSec : 34.863 	 SendSec : 34828.230 	 SendDropSec : 0.000
Total Time : 8152.749 	 TPS : 221.956 	 RecvSec : 62.455 	 SendSec : 62392.835 	 SendDropSec : 0.000
Total Time : 8153.750 	 TPS : 245.923 	 RecvSec : 70.978 	 SendSec : 70906.870 	 SendDropSec : 0.000
Total Time : 8155.098 	 TPS : 101.653 	 RecvSec : 39.326 	 SendSec : 39286.181 	 SendDropSec : 0.000
Total Time : 8156.350 	 TPS : 170.001 	 RecvSec : 50.282 	 SendSec : 50231.688 	 SendDropSec : 0.000
Total Time : 8157.520 	 TPS : 167.597 	 RecvSec : 53.870 	 SendSec : 53816.626 	 SendDropSec : 0.000
Total Time : 8158.520 	 TPS : 213.948 	 RecvSec : 63.985 	 SendSec : 63920.608 	 SendDropSec : 0.000
Total Time : 8160.449 	 TPS : 95.398 	 RecvSec : 32.145 	 SendSec : 32112.687 	 SendDropSec : 0.000
Total Time : 8161.449 	 TPS : 296.902 	 RecvSec : 86.971 	 SendSec : 86884.363 	 SendDropSec : 0.000
Total Time : 8162.564 	 TPS : 113.962 	 RecvSec : 36.791 	 SendSec : 36754.010 	 SendDropSec : 0.000
Total Time : 8163.995 	 TPS : 123.624 	 RecvSec : 42.605 	 SendSec : 42562.167 	 SendDropSec : 0.000
Total Time : 8165.800 	 TPS : 105.298 	 RecvSec : 34.915 	 SendSec : 34879.833 	 SendDropSec : 0.000
Total Time : 8166.914 	 TPS : 196.529 	 RecvSec : 58.331 	 SendSec : 58272.328 	 SendDropSec : 0.000
Total Time : 8169.093 	 TPS : 176.683 	 RecvSec : 56.906 	 SendSec : 56848.741 	 SendDropSec : 0.000
Total Time : 8171.004 	 TPS : 101.545 	 RecvSec : 32.976 	 SendSec : 32942.861 	 SendDropSec : 0.000
Total Time : 8172.567 	 TPS : 130.457 	 RecvSec : 40.288 	 SendSec : 40247.938 	 SendDropSec : 0.000
Total Time : 8173.567 	 TPS : 283.992 	 RecvSec : 74.998 	 SendSec : 74922.895 	 SendDropSec : 0.000
Total Time : 8175.785 	 TPS : 156.452 	 RecvSec : 51.399 	 SendSec : 51347.779 	 SendDropSec : 0.000
Total Time : 8177.407 	 TPS : 120.849 	 RecvSec : 38.844 	 SendSec : 38805.403 	 SendDropSec : 0.000
Total Time : 8178.591 	 TPS : 161.420 	 RecvSec : 53.243 	 SendSec : 53189.885 	 SendDropSec : 0.000
Total Time : 8180.474 	 TPS : 109.352 	 RecvSec : 33.443 	 SendSec : 33409.310 	 SendDropSec : 0.000
Total Time : 8182.249 	 TPS : 100.846 	 RecvSec : 35.493 	 SendSec : 35457.629 	 SendDropSec : 0.000
Total Time : 8184.013 	 TPS : 119.643 	 RecvSec : 35.723 	 SendSec : 35687.089 	 SendDropSec : 0.000
Total Time : 8185.321 	 TPS : 155.926 	 RecvSec : 48.154 	 SendSec : 48105.465 	 SendDropSec : 0.000
Total Time : 8187.169 	 TPS : 102.312 	 RecvSec : 34.104 	 SendSec : 34069.867 	 SendDropSec : 0.000
Total Time : 8188.389 	 TPS : 179.371 	 RecvSec : 51.600 	 SendSec : 51548.161 	 SendDropSec : 0.000
Total Time : 8189.424 	 TPS : 204.050 	 RecvSec : 62.859 	 SendSec : 62795.993 	 SendDropSec : 0.000
Total Time : 8191.107 	 TPS : 115.863 	 RecvSec : 36.244 	 SendSec : 36208.040 	 SendDropSec : 0.000
Total Time : 8192.586 	 TPS : 137.914 	 RecvSec : 42.591 	 SendSec : 42548.404 	 SendDropSec : 0.000
Total Time : 8193.586 	 TPS : 235.896 	 RecvSec : 72.968 	 SendSec : 72894.839 	 SendDropSec : 0.000
Total Time : 8194.719 	 TPS : 120.908 	 RecvSec : 46.775 	 SendSec : 46727.879 	 SendDropSec : 0.000
Total Time : 8196.288 	 TPS : 118.564 	 RecvSec : 40.159 	 SendSec : 40118.549 	 SendDropSec : 0.000
Total Time : 8197.670 	 TPS : 129.528 	 RecvSec : 45.588 	 SendSec : 45542.653 	 SendDropSec : 0.000
Total Time : 8198.679 	 TPS : 201.268 	 RecvSec : 62.463 	 SendSec : 62400.060 	 SendDropSec : 0.000
Total Time : 8199.679 	 TPS : 316.862 	 RecvSec : 86.962 	 SendSec : 86875.183 	 SendDropSec : 0.000
Total Time : 8200.878 	 TPS : 71.733 	 RecvSec : 32.530 	 SendSec : 32497.644 	 SendDropSec : 0.000
Total Time : 8202.600 	 TPS : 118.475 	 RecvSec : 36.588 	 SendSec : 36551.393 	 SendDropSec : 0.000
Total Time : 8204.052 	 TPS : 135.675 	 RecvSec : 43.389 	 SendSec : 43345.182 	 SendDropSec : 0.000
Total Time : 8205.789 	 TPS : 111.101 	 RecvSec : 36.266 	 SendSec : 36229.809 	 SendDropSec : 0.000
Total Time : 8207.108 	 TPS : 158.502 	 RecvSec : 47.778 	 SendSec : 47730.270 	 SendDropSec : 0.000
Total Time : 8208.545 	 TPS : 140.552 	 RecvSec : 43.836 	 SendSec : 43791.680 	 SendDropSec : 0.000
Total Time : 8210.156 	 TPS : 133.446 	 RecvSec : 39.103 	 SendSec : 39063.557 	 SendDropSec : 0.000
Total Time : 8211.762 	 TPS : 124.490 	 RecvSec : 39.214 	 SendSec : 39175.183 	 SendDropSec : 0.000
Total Time : 8213.591 	 TPS : 107.182 	 RecvSec : 34.451 	 SendSec : 34416.877 	 SendDropSec : 0.000
Total Time : 8214.591 	 TPS : 378.953 	 RecvSec : 103.987 	 SendSec : 103883.035 	 SendDropSec : 0.000
Total Time : 8216.175 	 TPS : 33.459 	 RecvSec : 13.889 	 SendSec : 13874.735 	 SendDropSec : 0.000
Total Time : 8217.299 	 TPS : 183.255 	 RecvSec : 57.823 	 SendSec : 57765.283 	 SendDropSec : 0.000
Total Time : 8218.322 	 TPS : 169.102 	 RecvSec : 59.626 	 SendSec : 59565.916 	 SendDropSec : 0.000
Total Time : 8219.739 	 TPS : 143.321 	 RecvSec : 44.479 	 SendSec : 44434.488 	 SendDropSec : 0.000
Total Time : 8220.867 	 TPS : 167.542 	 RecvSec : 55.847 	 SendSec : 55791.617 	 SendDropSec : 0.000
Total Time : 8221.945 	 TPS : 210.614 	 RecvSec : 60.308 	 SendSec : 60247.526 	 SendDropSec : 0.000
Total Time : 8223.639 	 TPS : 96.797 	 RecvSec : 36.004 	 SendSec : 35967.716 	 SendDropSec : 0.000
Total Time : 8225.188 	 TPS : 132.336 	 RecvSec : 40.669 	 SendSec : 40628.372 	 SendDropSec : 0.000
Total Time : 8226.855 	 TPS : 112.785 	 RecvSec : 37.795 	 SendSec : 37757.297 	 SendDropSec : 0.000
Total Time : 8228.850 	 TPS : 189.956 	 RecvSec : 63.152 	 SendSec : 63088.513 	 SendDropSec : 0.000
Total Time : 8230.838 	 TPS : 93.048 	 RecvSec : 31.686 	 SendSec : 31654.771 	 SendDropSec : 0.000
Total Time : 8231.843 	 TPS : 291.635 	 RecvSec : 88.585 	 SendSec : 88496.861 	 SendDropSec : 0.000
Total Time : 8233.179 	 TPS : 58.377 	 RecvSec : 27.692 	 SendSec : 27664.090 	 SendDropSec : 0.000
Total Time : 8234.257 	 TPS : 207.836 	 RecvSec : 57.526 	 SendSec : 57468.529 	 SendDropSec : 0.000
Total Time : 8235.392 	 TPS : 170.976 	 RecvSec : 56.405 	 SendSec : 56348.197 	 SendDropSec : 0.000
Total Time : 8236.393 	 TPS : 224.743 	 RecvSec : 66.923 	 SendSec : 66856.476 	 SendDropSec : 0.000
Total Time : 8237.808 	 TPS : 130.050 	 RecvSec : 41.701 	 SendSec : 41659.207 	 SendDropSec : 0.000
Total Time : 8239.526 	 TPS : 109.393 	 RecvSec : 36.658 	 SendSec : 36621.647 	 SendDropSec : 0.000
Total Time : 8240.756 	 TPS : 156.125 	 RecvSec : 51.229 	 SendSec : 51177.276 	 SendDropSec : 0.000
Total Time : 8242.186 	 TPS : 127.949 	 RecvSec : 44.048 	 SendSec : 44003.863 	 SendDropSec : 0.000
Total Time : 8244.026 	 TPS : 110.882 	 RecvSec : 34.243 	 SendSec : 34208.866 	 SendDropSec : 0.000
Total Time : 8245.394 	 TPS : 152.060 	 RecvSec : 46.057 	 SendSec : 46010.568 	 SendDropSec : 0.000
Total Time : 8246.875 	 TPS : 125.613 	 RecvSec : 42.546 	 SendSec : 42503.760 	 SendDropSec : 0.000
Total Time : 8247.897 	 TPS : 208.301 	 RecvSec : 61.610 	 SendSec : 61548.491 	 SendDropSec : 0.000
Total Time : 8249.685 	 TPS : 115.770 	 RecvSec : 35.234 	 SendSec : 35199.227 	 SendDropSec : 0.000
Total Time : 8251.674 	 TPS : 105.081 	 RecvSec : 31.675 	 SendSec : 31643.328 	 SendDropSec : 0.000
Total Time : 8253.291 	 TPS : 131.080 	 RecvSec : 38.953 	 SendSec : 38914.028 	 SendDropSec : 0.000
Total Time : 8254.293 	 TPS : 260.706 	 RecvSec : 67.923 	 SendSec : 67855.405 	 SendDropSec : 0.000
Total Time : 8255.959 	 TPS : 213.075 	 RecvSec : 72.626 	 SendSec : 72552.878 	 SendDropSec : 0.000
Total Time : 8256.960 	 TPS : 359.589 	 RecvSec : 111.872 	 SendSec : 111760.358 	 SendDropSec : 0.000
Total Time : 8258.114 	 TPS : 38.989 	 RecvSec : 12.130 	 SendSec : 12117.675 	 SendDropSec : 0.000
Total Time : 8259.264 	 TPS : 180.031 	 RecvSec : 54.792 	 SendSec : 54737.155 	 SendDropSec : 0.000
Total Time : 8261.182 	 TPS : 93.313 	 RecvSec : 32.842 	 SendSec : 32809.129 	 SendDropSec : 0.000
Total Time : 8262.479 	 TPS : 151.095 	 RecvSec : 48.566 	 SendSec : 48517.677 	 SendDropSec : 0.000
Total Time : 8263.853 	 TPS : 154.378 	 RecvSec : 45.876 	 SendSec : 45830.580 	 SendDropSec : 0.000
Total Time : 8265.070 	 TPS : 148.695 	 RecvSec : 51.756 	 SendSec : 51703.873 	 SendDropSec : 0.000
Total Time : 8266.070 	 TPS : 316.872 	 RecvSec : 92.962 	 SendSec : 92869.351 	 SendDropSec : 0.000
Total Time : 8267.609 	 TPS : 46.138 	 RecvSec : 21.444 	 SendSec : 21423.000 	 SendDropSec : 0.000
Total Time : 8268.676 	 TPS : 206.177 	 RecvSec : 60.916 	 SendSec : 60854.927 	 SendDropSec : 0.000
Total Time : 8270.101 	 TPS : 124.879 	 RecvSec : 42.796 	 SendSec : 42752.804 	 SendDropSec : 0.000
Total Time : 8271.177 	 TPS : 192.468 	 RecvSec : 58.577 	 SendSec : 58518.497 	 SendDropSec : 0.000
Total Time : 8272.333 	 TPS : 199.747 	 RecvSec : 56.206 	 SendSec : 56149.647 	 SendDropSec : 0.000
Total Time : 8274.084 	 TPS : 102.822 	 RecvSec : 34.845 	 SendSec : 34810.321 	 SendDropSec : 0.000
Total Time : 8275.085 	 TPS : 194.829 	 RecvSec : 62.945 	 SendSec : 62881.941 	 SendDropSec : 0.000
Total Time : 8276.085 	 TPS : 364.864 	 RecvSec : 121.954 	 SendSec : 121832.508 	 SendDropSec : 0.000
Total Time : 8277.137 	 TPS : 37.078 	 RecvSec : 5.704 	 SendSec : 5698.668 	 SendDropSec : 0.000
Total Time : 8278.306 	 TPS : 140.326 	 RecvSec : 52.194 	 SendSec : 52142.270 	 SendDropSec : 0.000
Total Time : 8279.481 	 TPS : 166.729 	 RecvSec : 53.591 	 SendSec : 53537.797 	 SendDropSec : 0.000
Total Time : 8281.464 	 TPS : 106.402 	 RecvSec : 31.769 	 SendSec : 31737.674 	 SendDropSec : 0.000
Total Time : 8282.625 	 TPS : 171.480 	 RecvSec : 54.288 	 SendSec : 54233.397 	 SendDropSec : 0.000
Total Time : 8283.949 	 TPS : 154.786 	 RecvSec : 47.568 	 SendSec : 47520.686 	 SendDropSec : 0.000
Total Time : 8285.228 	 TPS : 160.379 	 RecvSec : 49.287 	 SendSec : 49237.791 	 SendDropSec : 0.000
Total Time : 8286.228 	 TPS : 293.911 	 RecvSec : 82.975 	 SendSec : 82891.768 	 SendDropSec : 0.000
Total Time : 8288.028 	 TPS : 178.277 	 RecvSec : 58.870 	 SendSec : 58811.520 	 SendDropSec : 0.000
Total Time : 8289.408 	 TPS : 130.466 	 RecvSec : 45.663 	 SendSec : 45617.589 	 SendDropSec : 0.000
Total Time : 8290.413 	 TPS : 310.571 	 RecvSec : 88.592 	 SendSec : 88503.856 	 SendDropSec : 0.000
Total Time : 8291.838 	 TPS : 57.529 	 RecvSec : 25.958 	 SendSec : 25932.214 	 SendDropSec : 0.000
Total Time : 8292.883 	 TPS : 207.634 	 RecvSec : 62.194 	 SendSec : 62132.192 	 SendDropSec : 0.000
Total Time : 8293.884 	 TPS : 193.791 	 RecvSec : 61.933 	 SendSec : 61871.204 	 SendDropSec : 0.000
Total Time : 8295.069 	 TPS : 178.153 	 RecvSec : 52.348 	 SendSec : 52296.060 	 SendDropSec : 0.000
Total Time : 8296.438 	 TPS : 156.320 	 RecvSec : 46.019 	 SendSec : 45973.352 	 SendDropSec : 0.000
Total Time : 8297.537 	 TPS : 183.722 	 RecvSec : 57.300 	 SendSec : 57242.249 	 SendDropSec : 0.000
Total Time : 8298.553 	 TPS : 188.912 	 RecvSec : 61.987 	 SendSec : 61924.613 	 SendDropSec : 0.000
Total Time : 8300.518 	 TPS : 98.259 	 RecvSec : 32.074 	 SendSec : 32042.053 	 SendDropSec : 0.000
Total Time : 8301.670 	 TPS : 165.759 	 RecvSec : 54.674 	 SendSec : 54619.708 	 SendDropSec : 0.000
Total Time : 8302.715 	 TPS : 88.039 	 RecvSec : 58.374 	 SendSec : 58315.497 	 SendDropSec : 0.000
Total Time : 8303.990 	 TPS : 117.593 	 RecvSec : 35.278 	 SendSec : 35242.576 	 SendDropSec : 0.000
Total Time : 8305.744 	 TPS : 126.611 	 RecvSec : 47.336 	 SendSec : 47289.102 	 SendDropSec : 0.000
Total Time : 8306.938 	 TPS : 159.162 	 RecvSec : 52.775 	 SendSec : 52722.116 	 SendDropSec : 0.000
Total Time : 8307.938 	 TPS : 275.827 	 RecvSec : 80.949 	 SendSec : 80868.328 	 SendDropSec : 0.000
Total Time : 8309.224 	 TPS : 238.831 	 RecvSec : 84.019 	 SendSec : 83934.546 	 SendDropSec : 0.000
Total Time : 8310.642 	 TPS : 267.241 	 RecvSec : 88.845 	 SendSec : 88756.508 	 SendDropSec : 0.000
Total Time : 8311.642 	 TPS : 328.804 	 RecvSec : 89.946 	 SendSec : 89856.553 	 SendDropSec : 0.000
Total Time : 8313.105 	 TPS : 47.849 	 RecvSec : 24.608 	 SendSec : 24583.526 	 SendDropSec : 0.000
Total Time : 8314.105 	 TPS : 222.990 	 RecvSec : 66.997 	 SendSec : 66929.968 	 SendDropSec : 0.000
Total Time : 8315.106 	 TPS : 345.762 	 RecvSec : 112.922 	 SendSec : 112809.297 	 SendDropSec : 0.000
Total Time : 8316.531 	 TPS : 169.119 	 RecvSec : 50.525 	 SendSec : 50474.762 	 SendDropSec : 0.000
Total Time : 8318.352 	 TPS : 109.287 	 RecvSec : 34.599 	 SendSec : 34563.924 	 SendDropSec : 0.000
Total Time : 8319.370 	 TPS : 176.878 	 RecvSec : 61.907 	 SendSec : 61845.507 	 SendDropSec : 0.000
Total Time : 8320.445 	 TPS : 172.929 	 RecvSec : 58.573 	 SendSec : 58514.090 	 SendDropSec : 0.000
Total Time : 8321.446 	 TPS : 218.808 	 RecvSec : 65.942 	 SendSec : 65876.121 	 SendDropSec : 0.000
Total Time : 8322.766 	 TPS : 266.028 	 RecvSec : 93.223 	 SendSec : 93130.213 	 SendDropSec : 0.000
Total Time : 8323.879 	 TPS : 167.032 	 RecvSec : 56.575 	 SendSec : 56518.743 	 SendDropSec : 0.000
Total Time : 8325.822 	 TPS : 112.706 	 RecvSec : 32.422 	 SendSec : 32389.920 	 SendDropSec : 0.000
Total Time : 8327.223 	 TPS : 143.509 	 RecvSec : 44.980 	 SendSec : 44935.309 	 SendDropSec : 0.000
Total Time : 8328.519 	 TPS : 140.417 	 RecvSec : 48.606 	 SendSec : 48557.112 	 SendDropSec : 0.000
Total Time : 8329.520 	 TPS : 264.849 	 RecvSec : 80.954 	 SendSec : 80872.886 	 SendDropSec : 0.000
Total Time : 8331.422 	 TPS : 170.270 	 RecvSec : 56.757 	 SendSec : 56699.858 	 SendDropSec : 0.000
Total Time : 8332.423 	 TPS : 353.894 	 RecvSec : 113.966 	 SendSec : 113852.004 	 SendDropSec : 0.000
Total Time : 8333.423 	 TPS : 205.938 	 RecvSec : 65.980 	 SendSec : 65914.186 	 SendDropSec : 0.000
Total Time : 8335.002 	 TPS : 157.651 	 RecvSec : 45.586 	 SendSec : 45540.333 	 SendDropSec : 0.000
Total Time : 8336.469 	 TPS : 269.999 	 RecvSec : 85.909 	 SendSec : 85822.975 	 SendDropSec : 0.000
Total Time : 8337.473 	 TPS : 202.278 	 RecvSec : 62.776 	 SendSec : 62713.020 	 SendDropSec : 0.000
Total Time : 8339.422 	 TPS : 106.683 	 RecvSec : 32.313 	 SendSec : 32280.405 	 SendDropSec : 0.000
Total Time : 8340.645 	 TPS : 151.314 	 RecvSec : 51.529 	 SendSec : 51477.172 	 SendDropSec : 0.000
Total Time : 8342.400 	 TPS : 125.339 	 RecvSec : 35.892 	 SendSec : 35856.557 	 SendDropSec : 0.000
Total Time : 8343.505 	 TPS : 209.987 	 RecvSec : 58.833 	 SendSec : 58773.791 	 SendDropSec : 0.000
Total Time : 8344.572 	 TPS : 178.162 	 RecvSec : 59.075 	 SendSec : 59015.547 	 SendDropSec : 0.000
Total Time : 8345.726 	 TPS : 182.730 	 RecvSec : 54.559 	 SendSec : 54504.618 	 SendDropSec : 0.000
Total Time : 8347.104 	 TPS : 135.020 	 RecvSec : 44.281 	 SendSec : 44236.488 	 SendDropSec : 0.000
Total Time : 8348.989 	 TPS : 111.925 	 RecvSec : 33.418 	 SendSec : 33385.026 	 SendDropSec : 0.000
Total Time : 8351.148 	 TPS : 187.575 	 RecvSec : 58.357 	 SendSec : 58298.368 	 SendDropSec : 0.000
Total Time : 8352.270 	 TPS : 210.360 	 RecvSec : 57.938 	 SendSec : 57880.176 	 SendDropSec : 0.000
Total Time : 8353.654 	 TPS : 131.528 	 RecvSec : 44.084 	 SendSec : 44039.575 	 SendDropSec : 0.000
Total Time : 8355.560 	 TPS : 113.332 	 RecvSec : 33.055 	 SendSec : 33022.232 	 SendDropSec : 0.000
Total Time : 8356.560 	 TPS : 315.972 	 RecvSec : 87.992 	 SendSec : 87904.308 	 SendDropSec : 0.000
Total Time : 8357.647 	 TPS : 110.335 	 RecvSec : 36.778 	 SendSec : 36741.642 	 SendDropSec : 0.000
Total Time : 8358.653 	 TPS : 172.022 	 RecvSec : 60.655 	 SendSec : 60594.430 	 SendDropSec : 0.000
Total Time : 8359.852 	 TPS : 160.953 	 RecvSec : 52.539 	 SendSec : 52486.493 	 SendDropSec : 0.000
Total Time : 8360.853 	 TPS : 236.882 	 RecvSec : 65.967 	 SendSec : 65901.082 	 SendDropSec : 0.000
Total Time : 8362.376 	 TPS : 116.166 	 RecvSec : 39.378 	 SendSec : 39338.855 	 SendDropSec : 0.000
Total Time : 8363.828 	 TPS : 140.569 	 RecvSec : 43.411 	 SendSec : 43367.696 	 SendDropSec : 0.000
Total Time : 8365.097 	 TPS : 161.537 	 RecvSec : 49.643 	 SendSec : 49593.490 	 SendDropSec : 0.000
Total Time : 8367.005 	 TPS : 103.744 	 RecvSec : 33.009 	 SendSec : 32976.419 	 SendDropSec : 0.000
Total Time : 8368.153 	 TPS : 167.345 	 RecvSec : 54.910 	 SendSec : 54855.176 	 SendDropSec : 0.000
Total Time : 8369.235 	 TPS : 209.730 	 RecvSec : 60.055 	 SendSec : 59994.872 	 SendDropSec : 0.000
Total Time : 8370.277 	 TPS : 197.586 	 RecvSec : 60.427 	 SendSec : 60366.237 	 SendDropSec : 0.000
Total Time : 8371.414 	 TPS : 178.671 	 RecvSec : 55.449 	 SendSec : 55394.024 	 SendDropSec : 0.000
Total Time : 8372.566 	 TPS : 150.154 	 RecvSec : 52.944 	 SendSec : 52891.495 	 SendDropSec : 0.000
Total Time : 8373.877 	 TPS : 155.596 	 RecvSec : 48.052 	 SendSec : 48003.672 	 SendDropSec : 0.000
Total Time : 8374.913 	 TPS : 213.296 	 RecvSec : 62.734 	 SendSec : 62671.252 	 SendDropSec : 0.000
Total Time : 8376.021 	 TPS : 151.619 	 RecvSec : 55.052 	 SendSec : 54997.117 	 SendDropSec : 0.000
Total Time : 8377.810 	 TPS : 119.035 	 RecvSec : 35.208 	 SendSec : 35172.329 	 SendDropSec : 0.000
Total Time : 8379.766 	 TPS : 96.142 	 RecvSec : 32.218 	 SendSec : 32185.720 	 SendDropSec : 0.000
Total Time : 8381.055 	 TPS : 147.425 	 RecvSec : 48.883 	 SendSec : 48834.193 	 SendDropSec : 0.000
Total Time : 8382.120 	 TPS : 215.038 	 RecvSec : 61.037 	 SendSec : 60975.873 	 SendDropSec : 0.000
Total Time : 8384.177 	 TPS : 184.234 	 RecvSec : 60.277 	 SendSec : 60216.700 	 SendDropSec : 0.000
Total Time : 8385.471 	 TPS : 161.513 	 RecvSec : 48.686 	 SendSec : 48637.009 	 SendDropSec : 0.000
Total Time : 8387.469 	 TPS : 95.597 	 RecvSec : 31.532 	 SendSec : 31500.456 	 SendDropSec : 0.000
Total Time : 8388.470 	 TPS : 242.675 	 RecvSec : 65.912 	 SendSec : 65845.885 	 SendDropSec : 0.000
Total Time : 8389.472 	 TPS : 237.566 	 RecvSec : 72.867 	 SendSec : 72793.969 	 SendDropSec : 0.000
Total Time : 8390.949 	 TPS : 71.074 	 RecvSec : 33.845 	 SendSec : 33810.871 	 SendDropSec : 0.000
Total Time : 8392.207 	 TPS : 317.171 	 RecvSec : 100.159 	 SendSec : 100059.030 	 SendDropSec : 0.000
Total Time : 8393.323 	 TPS : 199.907 	 RecvSec : 56.476 	 SendSec : 56419.392 	 SendDropSec : 0.000
Total Time : 8394.577 	 TPS : 165.056 	 RecvSec : 50.234 	 SendSec : 50184.225 	 SendDropSec : 0.000
Total Time : 8396.749 	 TPS : 192.475 	 RecvSec : 58.019 	 SendSec : 57960.617 	 SendDropSec : 0.000
Total Time : 8398.388 	 TPS : 127.449 	 RecvSec : 38.418 	 SendSec : 38379.250 	 SendDropSec : 0.000
Total Time : 8399.389 	 TPS : 331.901 	 RecvSec : 87.974 	 SendSec : 87885.828 	 SendDropSec : 0.000
Total Time : 8401.107 	 TPS : 194.364 	 RecvSec : 58.775 	 SendSec : 58716.051 	 SendDropSec : 0.000
Total Time : 8402.244 	 TPS : 197.884 	 RecvSec : 55.408 	 SendSec : 55352.199 	 SendDropSec : 0.000
Total Time : 8403.467 	 TPS : 171.727 	 RecvSec : 51.518 	 SendSec : 51466.644 	 SendDropSec : 0.000
Total Time : 8404.816 	 TPS : 151.996 	 RecvSec : 46.711 	 SendSec : 46664.407 	 SendDropSec : 0.000
Total Time : 8405.817 	 TPS : 263.730 	 RecvSec : 67.931 	 SendSec : 67862.638 	 SendDropSec : 0.000
Total Time : 8406.870 	 TPS : 179.380 	 RecvSec : 56.946 	 SendSec : 56889.057 	 SendDropSec : 0.000
Total Time : 8408.308 	 TPS : 133.520 	 RecvSec : 42.420 	 SendSec : 42377.941 	 SendDropSec : 0.000
Total Time : 8409.373 	 TPS : 225.418 	 RecvSec : 61.051 	 SendSec : 60989.584 	 SendDropSec : 0.000
Total Time : 8411.756 	 TPS : 173.324 	 RecvSec : 52.039 	 SendSec : 51987.115 	 SendDropSec : 0.000
Total Time : 8413.148 	 TPS : 301.680 	 RecvSec : 90.504 	 SendSec : 90413.584 	 SendDropSec : 0.000
Total Time : 8414.393 	 TPS : 171.127 	 RecvSec : 50.615 	 SendSec : 50564.341 	 SendDropSec : 0.000
Total Time : 8415.872 	 TPS : 148.046 	 RecvSec : 42.589 	 SendSec : 42545.951 	 SendDropSec : 0.000
Total Time : 8417.191 	 TPS : 164.473 	 RecvSec : 47.750 	 SendSec : 47702.472 	 SendDropSec : 0.000
Total Time : 8418.347 	 TPS : 178.314 	 RecvSec : 54.533 	 SendSec : 54478.457 	 SendDropSec : 0.000
Total Time : 8420.098 	 TPS : 121.083 	 RecvSec : 35.982 	 SendSec : 35946.136 	 SendDropSec : 0.000
Total Time : 8421.468 	 TPS : 142.994 	 RecvSec : 45.233 	 SendSec : 45187.698 	 SendDropSec : 0.000
Total Time : 8422.595 	 TPS : 199.771 	 RecvSec : 56.824 	 SendSec : 56766.892 	 SendDropSec : 0.000
Total Time : 8423.596 	 TPS : 211.649 	 RecvSec : 65.891 	 SendSec : 65824.869 	 SendDropSec : 0.000
Total Time : 8424.811 	 TPS : 308.822 	 RecvSec : 101.294 	 SendSec : 101192.208 	 SendDropSec : 0.000
Total Time : 8426.615 	 TPS : 112.525 	 RecvSec : 34.921 	 SendSec : 34886.488 	 SendDropSec : 0.000
Total Time : 8427.990 	 TPS : 157.065 	 RecvSec : 45.811 	 SendSec : 45764.888 	 SendDropSec : 0.000
Total Time : 8428.991 	 TPS : 376.530 	 RecvSec : 94.881 	 SendSec : 94786.583 	 SendDropSec : 0.000
Total Time : 8430.222 	 TPS : 45.485 	 RecvSec : 25.179 	 SendSec : 25153.971 	 SendDropSec : 0.000
Total Time : 8431.322 	 TPS : 200.904 	 RecvSec : 57.271 	 SendSec : 57213.889 	 SendDropSec : 0.000
Total Time : 8432.417 	 TPS : 216.424 	 RecvSec : 59.357 	 SendSec : 59297.390 	 SendDropSec : 0.000
Total Time : 8433.593 	 TPS : 162.499 	 RecvSec : 51.898 	 SendSec : 51845.775 	 SendDropSec : 0.000
Total Time : 8435.356 	 TPS : 126.490 	 RecvSec : 35.735 	 SendSec : 35699.190 	 SendDropSec : 0.000
Total Time : 8436.455 	 TPS : 204.691 	 RecvSec : 57.314 	 SendSec : 57256.231 	 SendDropSec : 0.000
Total Time : 8438.097 	 TPS : 122.404 	 RecvSec : 38.365 	 SendSec : 38327.107 	 SendDropSec : 0.000
Total Time : 8439.383 	 TPS : 173.390 	 RecvSec : 48.985 	 SendSec : 48935.718 	 SendDropSec : 0.000
Total Time : 8440.672 	 TPS : 169.185 	 RecvSec : 48.893 	 SendSec : 48844.153 	 SendDropSec : 0.000
Total Time : 8441.955 	 TPS : 353.632 	 RecvSec : 98.145 	 SendSec : 98046.363 	 SendDropSec : 0.000
Total Time : 8443.645 	 TPS : 130.821 	 RecvSec : 37.293 	 SendSec : 37255.561 	 SendDropSec : 0.000
Total Time : 8445.742 	 TPS : 202.198 	 RecvSec : 60.087 	 SendSec : 60027.028 	 SendDropSec : 0.000
Total Time : 8447.334 	 TPS : 260.586 	 RecvSec : 79.118 	 SendSec : 79038.517 	 SendDropSec : 0.000
Total Time : 8448.622 	 TPS : 182.544 	 RecvSec : 48.937 	 SendSec : 48888.381 	 SendDropSec : 0.000
Total Time : 8449.840 	 TPS : 162.503 	 RecvSec : 51.706 	 SendSec : 51653.801 	 SendDropSec : 0.000
Total Time : 8451.548 	 TPS : 125.914 	 RecvSec : 36.896 	 SendSec : 36858.840 	 SendDropSec : 0.000
Total Time : 8453.133 	 TPS : 139.387 	 RecvSec : 39.735 	 SendSec : 39694.951 	 SendDropSec : 0.000
Total Time : 8454.748 	 TPS : 123.837 	 RecvSec : 39.009 	 SendSec : 38969.548 	 SendDropSec : 0.000
Total Time : 8455.749 	 TPS : 345.785 	 RecvSec : 89.944 	 SendSec : 89854.111 	 SendDropSec : 0.000
Total Time : 8456.794 	 TPS : 324.389 	 RecvSec : 96.647 	 SendSec : 96550.214 	 SendDropSec : 0.000
Total Time : 8458.005 	 TPS : 170.101 	 RecvSec : 50.370 	 SendSec : 50319.199 	 SendDropSec : 0.000
Total Time : 8459.043 	 TPS : 208.162 	 RecvSec : 60.714 	 SendSec : 60653.253 	 SendDropSec : 0.000
Total Time : 8460.086 	 TPS : 228.126 	 RecvSec : 60.386 	 SendSec : 60325.937 	 SendDropSec : 0.000
Total Time : 8461.657 	 TPS : 144.461 	 RecvSec : 40.093 	 SendSec : 40052.614 	 SendDropSec : 0.000
Total Time : 8462.661 	 TPS : 254.025 	 RecvSec : 64.752 	 SendSec : 64686.835 	 SendDropSec : 0.000
Total Time : 8464.022 	 TPS : 149.876 	 RecvSec : 44.816 	 SendSec : 44771.014 	 SendDropSec : 0.000
Total Time : 8465.122 	 TPS : 214.490 	 RecvSec : 57.258 	 SendSec : 57200.655 	 SendDropSec : 0.000
Total Time : 8466.835 	 TPS : 137.245 	 RecvSec : 36.793 	 SendSec : 36756.628 	 SendDropSec : 0.000
Total Time : 8467.836 	 TPS : 305.696 	 RecvSec : 78.922 	 SendSec : 78842.709 	 SendDropSec : 0.000
Total Time : 8469.074 	 TPS : 86.384 	 RecvSec : 37.944 	 SendSec : 37906.365 	 SendDropSec : 0.000
Total Time : 8470.529 	 TPS : 141.648 	 RecvSec : 43.320 	 SendSec : 43276.232 	 SendDropSec : 0.000
Total Time : 8472.225 	 TPS : 132.039 	 RecvSec : 37.136 	 SendSec : 37098.817 	 SendDropSec : 0.000
Total Time : 8473.755 	 TPS : 139.234 	 RecvSec : 41.182 	 SendSec : 41140.632 	 SendDropSec : 0.000
Total Time : 8474.988 	 TPS : 162.963 	 RecvSec : 51.078 	 SendSec : 51026.803 	 SendDropSec : 0.000
Total Time : 8476.280 	 TPS : 166.401 	 RecvSec : 48.759 	 SendSec : 48710.571 	 SendDropSec : 0.000
Total Time : 8477.861 	 TPS : 135.425 	 RecvSec : 39.868 	 SendSec : 39828.309 	 SendDropSec : 0.000
Total Time : 8478.862 	 TPS : 241.735 	 RecvSec : 65.928 	 SendSec : 65861.697 	 SendDropSec : 0.000
Total Time : 8480.241 	 TPS : 138.525 	 RecvSec : 43.516 	 SendSec : 43472.162 	 SendDropSec : 0.000
Total Time : 8481.605 	 TPS : 163.401 	 RecvSec : 46.163 	 SendSec : 46116.436 	 SendDropSec : 0.000
Total Time : 8482.859 	 TPS : 182.587 	 RecvSec : 50.231 	 SendSec : 50181.036 	 SendDropSec : 0.000
Total Time : 8484.593 	 TPS : 122.327 	 RecvSec : 36.352 	 SendSec : 36315.549 	 SendDropSec : 0.000
Total Time : 8485.945 	 TPS : 160.413 	 RecvSec : 46.572 	 SendSec : 46524.931 	 SendDropSec : 0.000
Total Time : 8487.855 	 TPS : 113.116 	 RecvSec : 32.992 	 SendSec : 32959.224 	 SendDropSec : 0.000
Total Time : 8488.911 	 TPS : 216.808 	 RecvSec : 59.646 	 SendSec : 59586.301 	 SendDropSec : 0.000
Total Time : 8490.886 	 TPS : 107.845 	 RecvSec : 31.898 	 SendSec : 31865.988 	 SendDropSec : 0.000
Total Time : 8492.371 	 TPS : 153.511 	 RecvSec : 42.418 	 SendSec : 42375.218 	 SendDropSec : 0.000
Total Time : 8494.227 	 TPS : 112.653 	 RecvSec : 33.958 	 SendSec : 33923.724 	 SendDropSec : 0.000
Total Time : 8495.851 	 TPS : 259.184 	 RecvSec : 77.571 	 SendSec : 77492.979 	 SendDropSec : 0.000
Total Time : 8497.653 	 TPS : 129.838 	 RecvSec : 34.956 	 SendSec : 34921.401 	 SendDropSec : 0.000
Total Time : 8498.653 	 TPS : 282.907 	 RecvSec : 74.975 	 SendSec : 74900.410 	 SendDropSec : 0.000
Total Time : 8499.757 	 TPS : 169.464 	 RecvSec : 48.030 	 SendSec : 47981.796 	 SendDropSec : 0.000
Total Time : 8501.643 	 TPS : 228.008 	 RecvSec : 65.751 	 SendSec : 65685.534 	 SendDropSec : 0.000
Total Time : 8503.505 	 TPS : 125.093 	 RecvSec : 33.823 	 SendSec : 33789.575 	 SendDropSec : 0.000
Total Time : 8504.609 	 TPS : 222.853 	 RecvSec : 58.884 	 SendSec : 58825.117 	 SendDropSec : 0.000
Total Time : 8506.223 	 TPS : 131.402 	 RecvSec : 37.809 	 SendSec : 37771.359 	 SendDropSec : 0.000
Total Time : 8508.122 	 TPS : 101.593 	 RecvSec : 33.162 	 SendSec : 33129.188 	 SendDropSec : 0.000
Total Time : 8509.123 	 TPS : 279.893 	 RecvSec : 75.971 	 SendSec : 75894.955 	 SendDropSec : 0.000
Total Time : 8510.125 	 TPS : 210.625 	 RecvSec : 69.876 	 SendSec : 69805.815 	 SendDropSec : 0.000
Total Time : 8511.355 	 TPS : 244.583 	 RecvSec : 86.132 	 SendSec : 86045.931 	 SendDropSec : 0.000
Total Time : 8512.724 	 TPS : 142.515 	 RecvSec : 46.043 	 SendSec : 45997.245 	 SendDropSec : 0.000
Total Time : 8514.269 	 TPS : 121.622 	 RecvSec : 40.756 	 SendSec : 40715.441 	 SendDropSec : 0.000
Total Time : 8516.110 	 TPS : 98.318 	 RecvSec : 34.221 	 SendSec : 34186.984 	 SendDropSec : 0.000
Total Time : 8517.979 	 TPS : 94.206 	 RecvSec : 33.721 	 SendSec : 33687.602 	 SendDropSec : 0.000
Total Time : 8519.585 	 TPS : 107.101 	 RecvSec : 39.229 	 SendSec : 39189.634 	 SendDropSec : 0.000
Total Time : 8520.737 	 TPS : 159.704 	 RecvSec : 54.681 	 SendSec : 54626.591 	 SendDropSec : 0.000
Total Time : 8521.740 	 TPS : 185.453 	 RecvSec : 62.815 	 SendSec : 62751.951 	 SendDropSec : 0.000
Total Time : 8522.864 	 TPS : 168.156 	 RecvSec : 57.832 	 SendSec : 57773.686 	 SendDropSec : 0.000
Total Time : 8524.153 	 TPS : 144.982 	 RecvSec : 47.293 	 SendSec : 47246.175 	 SendDropSec : 0.000
Total Time : 8525.169 	 TPS : 248.238 	 RecvSec : 74.865 	 SendSec : 74790.534 	 SendDropSec : 0.000
Total Time : 8526.227 	 TPS : 313.779 	 RecvSec : 106.798 	 SendSec : 106691.308 	 SendDropSec : 0.000
Total Time : 8527.280 	 TPS : 185.143 	 RecvSec : 59.815 	 SendSec : 59755.509 	 SendDropSec : 0.000
Total Time : 8528.592 	 TPS : 172.260 	 RecvSec : 48.019 	 SendSec : 47971.291 	 SendDropSec : 0.000
Total Time : 8529.761 	 TPS : 188.091 	 RecvSec : 53.862 	 SendSec : 53808.547 	 SendDropSec : 0.000
Total Time : 8530.962 	 TPS : 373.855 	 RecvSec : 104.912 	 SendSec : 104807.503 	 SendDropSec : 0.000
Total Time : 8531.963 	 TPS : 290.794 	 RecvSec : 68.951 	 SendSec : 68882.128 	 SendDropSec : 0.000
Total Time : 8532.968 	 TPS : 397.036 	 RecvSec : 117.419 	 SendSec : 117301.708 	 SendDropSec : 0.000
Total Time : 8534.054 	 TPS : 56.180 	 RecvSec : 3.684 	 SendSec : 3680.270 	 SendDropSec : 0.000
Total Time : 8535.504 	 TPS : 137.962 	 RecvSec : 42.078 	 SendSec : 42036.318 	 SendDropSec : 0.000
Total Time : 8536.572 	 TPS : 220.897 	 RecvSec : 58.968 	 SendSec : 58909.256 	 SendDropSec : 0.000
Total Time : 8537.572 	 TPS : 381.826 	 RecvSec : 122.944 	 SendSec : 122821.067 	 SendDropSec : 0.000
Total Time : 8538.922 	 TPS : 178.517 	 RecvSec : 48.889 	 SendSec : 48839.635 	 SendDropSec : 0.000
Total Time : 8539.924 	 TPS : 226.713 	 RecvSec : 63.919 	 SendSec : 63855.153 	 SendDropSec : 0.000
Total Time : 8540.924 	 TPS : 305.873 	 RecvSec : 78.967 	 SendSec : 78888.175 	 SendDropSec : 0.000
Total Time : 8542.527 	 TPS : 86.722 	 RecvSec : 28.700 	 SendSec : 28670.827 	 SendDropSec : 0.000
Total Time : 8543.743 	 TPS : 201.403 	 RecvSec : 51.789 	 SendSec : 51737.455 	 SendDropSec : 0.000
Total Time : 8545.737 	 TPS : 112.343 	 RecvSec : 31.597 	 SendSec : 31564.963 	 SendDropSec : 0.000
Total Time : 8546.773 	 TPS : 249.202 	 RecvSec : 60.852 	 SendSec : 60790.682 	 SendDropSec : 0.000
Total Time : 8548.361 	 TPS : 159.860 	 RecvSec : 39.650 	 SendSec : 39610.547 	 SendDropSec : 0.000
Total Time : 8549.814 	 TPS : 360.043 	 RecvSec : 86.741 	 SendSec : 86654.019 	 SendDropSec : 0.000
Total Time : 8550.944 	 TPS : 215.002 	 RecvSec : 55.741 	 SendSec : 55685.486 	 SendDropSec : 0.000
Total Time : 8552.832 	 TPS : 137.768 	 RecvSec : 33.382 	 SendSec : 33348.910 	 SendDropSec : 0.000
Total Time : 8553.955 	 TPS : 455.803 	 RecvSec : 112.170 	 SendSec : 112058.079 	 SendDropSec : 0.000
Total Time : 8555.208 	 TPS : 207.398 	 RecvSec : 50.254 	 SendSec : 50203.836 	 SendDropSec : 0.000
Total Time : 8556.417 	 TPS : 203.533 	 RecvSec : 52.124 	 SendSec : 52072.237 	 SendDropSec : 0.000
Total Time : 8557.500 	 TPS : 203.141 	 RecvSec : 58.172 	 SendSec : 58114.062 	 SendDropSec : 0.000
Total Time : 8558.571 	 TPS : 248.308 	 RecvSec : 58.810 	 SendSec : 58750.953 	 SendDropSec : 0.000
Total Time : 8560.145 	 TPS : 157.563 	 RecvSec : 40.026 	 SendSec : 39986.061 	 SendDropSec : 0.000
Total Time : 8561.149 	 TPS : 247.208 	 RecvSec : 63.796 	 SendSec : 63731.860 	 SendDropSec : 0.000
Total Time : 8562.247 	 TPS : 225.803 	 RecvSec : 56.451 	 SendSec : 56394.233 	 SendDropSec : 0.000
Total Time : 8563.247 	 TPS : 389.984 	 RecvSec : 91.996 	 SendSec : 91904.333 	 SendDropSec : 0.000
Total Time : 8564.566 	 TPS : 87.961 	 RecvSec : 25.782 	 SendSec : 25755.996 	 SendDropSec : 0.000
Total Time : 8565.566 	 TPS : 318.860 	 RecvSec : 85.962 	 SendSec : 85876.395 	 SendDropSec : 0.000
Total Time : 8567.564 	 TPS : 199.168 	 RecvSec : 51.544 	 SendSec : 51492.029 	 SendDropSec : 0.000
Total Time : 8568.583 	 TPS : 258.265 	 RecvSec : 63.830 	 SendSec : 63765.822 	 SendDropSec : 0.000
Total Time : 8570.609 	 TPS : 230.421 	 RecvSec : 61.183 	 SendSec : 61121.361 	 SendDropSec : 0.000
Total Time : 8572.126 	 TPS : 168.836 	 RecvSec : 41.550 	 SendSec : 41507.995 	 SendDropSec : 0.000
Total Time : 8573.126 	 TPS : 417.729 	 RecvSec : 103.933 	 SendSec : 103828.605 	 SendDropSec : 0.000
Total Time : 8575.199 	 TPS : 150.081 	 RecvSec : 41.019 	 SendSec : 40977.958 	 SendDropSec : 0.000
Total Time : 8577.038 	 TPS : 137.566 	 RecvSec : 34.256 	 SendSec : 34221.398 	 SendDropSec : 0.000
Total Time : 8579.026 	 TPS : 131.235 	 RecvSec : 31.677 	 SendSec : 31645.794 	 SendDropSec : 0.000
Total Time : 8580.198 	 TPS : 233.124 	 RecvSec : 53.798 	 SendSec : 53743.989 	 SendDropSec : 0.000
Total Time : 8581.240 	 TPS : 287.854 	 RecvSec : 65.247 	 SendSec : 65181.647 	 SendDropSec : 0.000
Total Time : 8582.642 	 TPS : 151.908 	 RecvSec : 41.365 	 SendSec : 41323.340 	 SendDropSec : 0.000
Total Time : 8584.360 	 TPS : 147.273 	 RecvSec : 36.673 	 SendSec : 36635.945 	 SendDropSec : 0.000
Total Time : 8585.360 	 TPS : 292.896 	 RecvSec : 66.976 	 SendSec : 66909.354 	 SendDropSec : 0.000
Total Time : 8586.366 	 TPS : 376.793 	 RecvSec : 88.482 	 SendSec : 88393.219 	 SendDropSec : 0.000
Total Time : 8587.367 	 TPS : 134.811 	 RecvSec : 33.952 	 SendSec : 33918.399 	 SendDropSec : 0.000
Total Time : 8588.369 	 TPS : 484.184 	 RecvSec : 116.803 	 SendSec : 116686.383 	 SendDropSec : 0.000
Total Time : 8589.399 	 TPS : 54.373 	 RecvSec : 9.709 	 SendSec : 9699.669 	 SendDropSec : 0.000
Total Time : 8590.510 	 TPS : 502.462 	 RecvSec : 113.459 	 SendSec : 113345.717 	 SendDropSec : 0.000
Total Time : 8591.746 	 TPS : 225.649 	 RecvSec : 49.335 	 SendSec : 49286.040 	 SendDropSec : 0.000
Total Time : 8593.587 	 TPS : 148.865 	 RecvSec : 34.228 	 SendSec : 34193.892 	 SendDropSec : 0.000
Total Time : 8594.946 	 TPS : 211.897 	 RecvSec : 46.352 	 SendSec : 46306.021 	 SendDropSec : 0.000
Total Time : 8595.958 	 TPS : 475.350 	 RecvSec : 110.684 	 SendSec : 110573.754 	 SendDropSec : 0.000
Total Time : 8597.421 	 TPS : 56.049 	 RecvSec : 9.569 	 SendSec : 9559.836 	 SendDropSec : 0.000
Total Time : 8598.596 	 TPS : 248.451 	 RecvSec : 53.604 	 SendSec : 53550.538 	 SendDropSec : 0.000
Total Time : 8599.613 	 TPS : 283.080 	 RecvSec : 63.890 	 SendSec : 63825.747 	 SendDropSec : 0.000
Total Time : 8601.697 	 TPS : 226.992 	 RecvSec : 59.507 	 SendSec : 59447.871 	 SendDropSec : 0.000
Total Time : 8602.780 	 TPS : 227.151 	 RecvSec : 58.173 	 SendSec : 58114.732 	 SendDropSec : 0.000
Total Time : 8604.046 	 TPS : 183.316 	 RecvSec : 49.780 	 SendSec : 49729.933 	 SendDropSec : 0.000
Total Time : 8605.052 	 TPS : 405.578 	 RecvSec : 101.394 	 SendSec : 101293.068 	 SendDropSec : 0.000
Total Time : 8606.566 	 TPS : 99.078 	 RecvSec : 15.853 	 SendSec : 15836.667 	 SendDropSec : 0.000
Total Time : 8608.546 	 TPS : 137.867 	 RecvSec : 31.815 	 SendSec : 31783.606 	 SendDropSec : 0.000
Total Time : 8609.578 	 TPS : 372.054 	 RecvSec : 88.169 	 SendSec : 88080.770 	 SendDropSec : 0.000
Total Time : 8611.776 	 TPS : 232.019 	 RecvSec : 44.584 	 SendSec : 44539.397 	 SendDropSec : 0.000
Total Time : 8613.415 	 TPS : 224.568 	 RecvSec : 38.445 	 SendSec : 38406.551 	 SendDropSec : 0.000
Total Time : 8615.192 	 TPS : 205.932 	 RecvSec : 35.447 	 SendSec : 35411.826 	 SendDropSec : 0.000
Total Time : 8616.629 	 TPS : 259.519 	 RecvSec : 43.833 	 SendSec : 43789.218 	 SendDropSec : 0.000
Total Time : 8617.787 	 TPS : 298.008 	 RecvSec : 54.419 	 SendSec : 54364.426 	 SendDropSec : 0.000
Total Time : 8619.612 	 TPS : 191.183 	 RecvSec : 34.512 	 SendSec : 34477.029 	 SendDropSec : 0.000
Total Time : 8620.624 	 TPS : 426.092 	 RecvSec : 79.089 	 SendSec : 79010.002 	 SendDropSec : 0.000
Total Time : 8621.624 	 TPS : 429.838 	 RecvSec : 78.970 	 SendSec : 78891.297 	 SendDropSec : 0.000
Total Time : 8622.638 	 TPS : 420.371 	 RecvSec : 81.903 	 SendSec : 81821.460 	 SendDropSec : 0.000
Total Time : 8623.718 	 TPS : 77.755 	 RecvSec : 11.108 	 SendSec : 11096.767 	 SendDropSec : 0.000
Total Time : 8624.720 	 TPS : 353.440 	 RecvSec : 73.883 	 SendSec : 73808.961 	 SendDropSec : 0.000
Total Time : 8626.021 	 TPS : 191.335 	 RecvSec : 38.421 	 SendSec : 38382.247 	 SendDropSec : 0.000
Total Time : 8627.584 	 TPS : 200.838 	 RecvSec : 40.295 	 SendSec : 40255.177 	 SendDropSec : 0.000
Total Time : 8628.586 	 TPS : 341.521 	 RecvSec : 66.906 	 SendSec : 66839.338 	 SendDropSec : 0.000
Total Time : 8630.209 	 TPS : 181.140 	 RecvSec : 36.351 	 SendSec : 36314.958 	 SendDropSec : 0.000
Total Time : 8631.209 	 TPS : 477.994 	 RecvSec : 95.999 	 SendSec : 95902.878 	 SendDropSec : 0.000
Total Time : 8632.776 	 TPS : 109.754 	 RecvSec : 19.143 	 SendSec : 19123.936 	 SendDropSec : 0.000
Total Time : 8633.776 	 TPS : 462.982 	 RecvSec : 90.996 	 SendSec : 90905.473 	 SendDropSec : 0.000
Total Time : 8635.330 	 TPS : 131.256 	 RecvSec : 22.519 	 SendSec : 22496.921 	 SendDropSec : 0.000
Total Time : 8636.331 	 TPS : 491.798 	 RecvSec : 80.967 	 SendSec : 80885.707 	 SendDropSec : 0.000
Total Time : 8637.471 	 TPS : 235.830 	 RecvSec : 39.451 	 SendSec : 39411.715 	 SendDropSec : 0.000
Total Time : 8638.555 	 TPS : 347.773 	 RecvSec : 59.961 	 SendSec : 59900.882 	 SendDropSec : 0.000
Total Time : 8639.556 	 TPS : 461.850 	 RecvSec : 78.974 	 SendSec : 78895.422 	 SendDropSec : 0.000
Total Time : 8640.749 	 TPS : 245.624 	 RecvSec : 37.724 	 SendSec : 37686.035 	 SendDropSec : 0.000
Total Time : 8642.215 	 TPS : 185.508 	 RecvSec : 42.967 	 SendSec : 42923.858 	 SendDropSec : 0.000
Total Time : 8644.205 	 TPS : 139.204 	 RecvSec : 31.660 	 SendSec : 31628.447 	 SendDropSec : 0.000
Total Time : 8646.025 	 TPS : 138.461 	 RecvSec : 34.615 	 SendSec : 34580.594 	 SendDropSec : 0.000
Total Time : 8648.000 	 TPS : 140.235 	 RecvSec : 31.895 	 SendSec : 31862.636 	 SendDropSec : 0.000
Total Time : 8649.315 	 TPS : 206.825 	 RecvSec : 47.904 	 SendSec : 47856.302 	 SendDropSec : 0.000
Total Time : 8650.315 	 TPS : 346.937 	 RecvSec : 75.986 	 SendSec : 75910.131 	 SendDropSec : 0.000
Total Time : 8651.847 	 TPS : 128.600 	 RecvSec : 32.640 	 SendSec : 32606.980 	 SendDropSec : 0.000
Total Time : 8653.513 	 TPS : 141.054 	 RecvSec : 37.815 	 SendSec : 37776.735 	 SendDropSec : 0.000
Total Time : 8654.513 	 TPS : 395.934 	 RecvSec : 100.983 	 SendSec : 100882.193 	 SendDropSec : 0.000
Total Time : 8655.514 	 TPS : 276.840 	 RecvSec : 77.955 	 SendSec : 77876.863 	 SendDropSec : 0.000
Total Time : 8656.589 	 TPS : 71.589 	 RecvSec : 11.157 	 SendSec : 11145.585 	 SendDropSec : 0.000
Total Time : 8658.071 	 TPS : 150.476 	 RecvSec : 41.161 	 SendSec : 41120.316 	 SendDropSec : 0.000
Total Time : 8659.586 	 TPS : 165.068 	 RecvSec : 41.597 	 SendSec : 41555.502 	 SendDropSec : 0.000
Total Time : 8661.346 	 TPS : 140.934 	 RecvSec : 35.802 	 SendSec : 35766.099 	 SendDropSec : 0.000
Total Time : 8663.014 	 TPS : 155.215 	 RecvSec : 37.755 	 SendSec : 37717.251 	 SendDropSec : 0.000
Total Time : 8664.124 	 TPS : 240.511 	 RecvSec : 58.551 	 SendSec : 58492.902 	 SendDropSec : 0.000
Total Time : 8665.882 	 TPS : 130.856 	 RecvSec : 34.705 	 SendSec : 34670.613 	 SendDropSec : 0.000
Total Time : 8667.705 	 TPS : 134.387 	 RecvSec : 34.557 	 SendSec : 34522.099 	 SendDropSec : 0.000
Total Time : 8668.801 	 TPS : 260.924 	 RecvSec : 59.301 	 SendSec : 59241.641 	 SendDropSec : 0.000
Total Time : 8670.391 	 TPS : 139.037 	 RecvSec : 38.377 	 SendSec : 38338.486 	 SendDropSec : 0.000
Total Time : 8672.197 	 TPS : 140.048 	 RecvSec : 34.874 	 SendSec : 34838.852 	 SendDropSec : 0.000
Total Time : 8673.263 	 TPS : 261.876 	 RecvSec : 61.011 	 SendSec : 60949.637 	 SendDropSec : 0.000
Total Time : 8674.269 	 TPS : 254.350 	 RecvSec : 62.594 	 SendSec : 62531.359 	 SendDropSec : 0.000
Total Time : 8675.333 	 TPS : 259.334 	 RecvSec : 62.015 	 SendSec : 61952.726 	 SendDropSec : 0.000
Total Time : 8676.507 	 TPS : 208.745 	 RecvSec : 49.417 	 SendSec : 49367.729 	 SendDropSec : 0.000
Total Time : 8678.252 	 TPS : 155.324 	 RecvSec : 36.109 	 SendSec : 36072.492 	 SendDropSec : 0.000
Total Time : 8679.687 	 TPS : 196.499 	 RecvSec : 43.899 	 SendSec : 43854.741 	 SendDropSec : 0.000
Total Time : 8680.815 	 TPS : 251.709 	 RecvSec : 55.837 	 SendSec : 55780.921 	 SendDropSec : 0.000
Total Time : 8681.815 	 TPS : 295.959 	 RecvSec : 66.991 	 SendSec : 66923.805 	 SendDropSec : 0.000
Total Time : 8682.826 	 TPS : 389.991 	 RecvSec : 86.115 	 SendSec : 86028.626 	 SendDropSec : 0.000
Total Time : 8683.935 	 TPS : 109.940 	 RecvSec : 31.540 	 SendSec : 31508.683 	 SendDropSec : 0.000
Total Time : 8684.940 	 TPS : 279.629 	 RecvSec : 62.693 	 SendSec : 62629.857 	 SendDropSec : 0.000
Total Time : 8685.958 	 TPS : 312.559 	 RecvSec : 68.802 	 SendSec : 68733.569 	 SendDropSec : 0.000
Total Time : 8686.962 	 TPS : 219.066 	 RecvSec : 55.762 	 SendSec : 55706.579 	 SendDropSec : 0.000
Total Time : 8688.799 	 TPS : 151.909 	 RecvSec : 34.302 	 SendSec : 34267.814 	 SendDropSec : 0.000
Total Time : 8690.649 	 TPS : 146.479 	 RecvSec : 34.052 	 SendSec : 34018.209 	 SendDropSec : 0.000
Total Time : 8691.761 	 TPS : 263.513 	 RecvSec : 58.458 	 SendSec : 58399.952 	 SendDropSec : 0.000
Total Time : 8692.935 	 TPS : 223.966 	 RecvSec : 51.946 	 SendSec : 51894.438 	 SendDropSec : 0.000
Total Time : 8693.971 	 TPS : 292.334 	 RecvSec : 65.606 	 SendSec : 65540.784 	 SendDropSec : 0.000
Total Time : 8695.501 	 TPS : 157.528 	 RecvSec : 37.911 	 SendSec : 37873.326 	 SendDropSec : 0.000
Total Time : 8696.502 	 TPS : 300.743 	 RecvSec : 63.945 	 SendSec : 63881.515 	 SendDropSec : 0.000
Total Time : 8697.962 	 TPS : 183.625 	 RecvSec : 42.480 	 SendSec : 42437.961 	 SendDropSec : 0.000
Total Time : 8699.601 	 TPS : 190.880 	 RecvSec : 38.420 	 SendSec : 38381.495 	 SendDropSec : 0.000
Total Time : 8700.993 	 TPS : 212.039 	 RecvSec : 45.283 	 SendSec : 45237.622 	 SendDropSec : 0.000
Total Time : 8702.446 	 TPS : 224.361 	 RecvSec : 43.358 	 SendSec : 43314.757 	 SendDropSec : 0.000
Total Time : 8703.962 	 TPS : 192.624 	 RecvSec : 41.559 	 SendSec : 41517.735 	 SendDropSec : 0.000
Total Time : 8704.965 	 TPS : 335.737 	 RecvSec : 64.756 	 SendSec : 64691.675 	 SendDropSec : 0.000
Total Time : 8706.000 	 TPS : 286.948 	 RecvSec : 60.868 	 SendSec : 60806.945 	 SendDropSec : 0.000
Total Time : 8707.053 	 TPS : 254.629 	 RecvSec : 57.957 	 SendSec : 57898.545 	 SendDropSec : 0.000
Total Time : 8708.751 	 TPS : 175.445 	 RecvSec : 37.091 	 SendSec : 37053.616 	 SendDropSec : 0.000
Total Time : 8709.787 	 TPS : 318.719 	 RecvSec : 65.675 	 SendSec : 65609.711 	 SendDropSec : 0.000
Total Time : 8711.314 	 TPS : 153.213 	 RecvSec : 37.976 	 SendSec : 37937.882 	 SendDropSec : 0.000
Total Time : 8712.818 	 TPS : 188.879 	 RecvSec : 41.899 	 SendSec : 41857.291 	 SendDropSec : 0.000
Total Time : 8714.499 	 TPS : 180.792 	 RecvSec : 37.467 	 SendSec : 37429.353 	 SendDropSec : 0.000
Total Time : 8716.153 	 TPS : 179.597 	 RecvSec : 38.096 	 SendSec : 38058.289 	 SendDropSec : 0.000
Total Time : 8717.310 	 TPS : 289.445 	 RecvSec : 54.433 	 SendSec : 54378.593 	 SendDropSec : 0.000
Total Time : 8719.132 	 TPS : 184.443 	 RecvSec : 34.583 	 SendSec : 34548.556 	 SendDropSec : 0.000
Total Time : 8720.632 	 TPS : 224.045 	 RecvSec : 42.009 	 SendSec : 41966.497 	 SendDropSec : 0.000
Total Time : 8721.701 	 TPS : 328.296 	 RecvSec : 60.796 	 SendSec : 60734.789 	 SendDropSec : 0.000
Total Time : 8723.108 	 TPS : 226.690 	 RecvSec : 43.348 	 SendSec : 43304.816 	 SendDropSec : 0.000
Total Time : 8724.145 	 TPS : 357.780 	 RecvSec : 65.577 	 SendSec : 65511.305 	 SendDropSec : 0.000
Total Time : 8725.647 	 TPS : 200.394 	 RecvSec : 38.614 	 SendSec : 38575.563 	 SendDropSec : 0.000
Total Time : 8727.298 	 TPS : 213.770 	 RecvSec : 38.152 	 SendSec : 38113.354 	 SendDropSec : 0.000
Total Time : 8728.298 	 TPS : 458.985 	 RecvSec : 85.997 	 SendSec : 85911.113 	 SendDropSec : 0.000
Total Time : 8729.326 	 TPS : 458.542 	 RecvSec : 82.752 	 SendSec : 82669.039 	 SendDropSec : 0.000
Total Time : 8730.392 	 TPS : 320.533 	 RecvSec : 59.046 	 SendSec : 58986.530 	 SendDropSec : 0.000
Total Time : 8731.393 	 TPS : 424.990 	 RecvSec : 76.998 	 SendSec : 76921.215 	 SendDropSec : 0.000
Total Time : 8732.407 	 TPS : 155.752 	 RecvSec : 23.658 	 SendSec : 23634.803 	 SendDropSec : 0.000
Total Time : 8733.634 	 TPS : 199.704 	 RecvSec : 35.050 	 SendSec : 35014.994 	 SendDropSec : 0.000
Total Time : 8735.179 	 TPS : 231.039 	 RecvSec : 40.772 	 SendSec : 40730.895 	 SendDropSec : 0.000
Total Time : 8736.907 	 TPS : 212.990 	 RecvSec : 36.463 	 SendSec : 36426.443 	 SendDropSec : 0.000
Total Time : 8738.776 	 TPS : 194.179 	 RecvSec : 33.700 	 SendSec : 33666.793 	 SendDropSec : 0.000
Total Time : 8739.890 	 TPS : 319.700 	 RecvSec : 56.576 	 SendSec : 56519.601 	 SendDropSec : 0.000
Total Time : 8740.890 	 TPS : 436.931 	 RecvSec : 80.987 	 SendSec : 80906.298 	 SendDropSec : 0.000
Total Time : 8741.978 	 TPS : 258.211 	 RecvSec : 41.350 	 SendSec : 41309.127 	 SendDropSec : 0.000
Total Time : 8743.244 	 TPS : 289.208 	 RecvSec : 49.782 	 SendSec : 49731.949 	 SendDropSec : 0.000
Total Time : 8744.465 	 TPS : 297.147 	 RecvSec : 51.571 	 SendSec : 51519.412 	 SendDropSec : 0.000
Total Time : 8745.472 	 TPS : 416.993 	 RecvSec : 69.499 	 SendSec : 69429.366 	 SendDropSec : 0.000
Total Time : 8747.106 	 TPS : 201.447 	 RecvSec : 34.289 	 SendSec : 34254.481 	 SendDropSec : 0.000
Total Time : 8748.126 	 TPS : 370.599 	 RecvSec : 61.766 	 SendSec : 61704.696 	 SendDropSec : 0.000
Total Time : 8749.126 	 TPS : 440.969 	 RecvSec : 82.994 	 SendSec : 82911.113 	 SendDropSec : 0.000
Total Time : 8750.126 	 TPS : 356.841 	 RecvSec : 61.972 	 SendSec : 61910.338 	 SendDropSec : 0.000
Total Time : 8751.127 	 TPS : 297.869 	 RecvSec : 45.980 	 SendSec : 45933.821 	 SendDropSec : 0.000
Total Time : 8752.139 	 TPS : 497.032 	 RecvSec : 86.956 	 SendSec : 86869.016 	 SendDropSec : 0.000
Total Time : 8753.258 	 TPS : 197.419 	 RecvSec : 32.159 	 SendSec : 32126.626 	 SendDropSec : 0.000
Total Time : 8754.296 	 TPS : 385.508 	 RecvSec : 62.645 	 SendSec : 62582.342 	 SendDropSec : 0.000
Total Time : 8755.838 	 TPS : 228.834 	 RecvSec : 39.544 	 SendSec : 39503.969 	 SendDropSec : 0.000
Total Time : 8757.412 	 TPS : 257.951 	 RecvSec : 40.027 	 SendSec : 39986.777 	 SendDropSec : 0.000
Total Time : 8759.361 	 TPS : 189.321 	 RecvSec : 32.323 	 SendSec : 32290.825 	 SendDropSec : 0.000
Total Time : 8760.381 	 TPS : 404.026 	 RecvSec : 63.742 	 SendSec : 63678.252 	 SendDropSec : 0.000
Total Time : 8761.381 	 TPS : 620.670 	 RecvSec : 98.947 	 SendSec : 98848.511 	 SendDropSec : 0.000
Total Time : 8762.686 	 TPS : 120.364 	 RecvSec : 19.166 	 SendSec : 19147.129 	 SendDropSec : 0.000
Total Time : 8763.686 	 TPS : 462.866 	 RecvSec : 69.980 	 SendSec : 69909.754 	 SendDropSec : 0.000
Total Time : 8764.697 	 TPS : 470.774 	 RecvSec : 79.122 	 SendSec : 79042.541 	 SendDropSec : 0.000
Total Time : 8765.883 	 TPS : 214.975 	 RecvSec : 32.879 	 SendSec : 32845.646 	 SendDropSec : 0.000
Total Time : 8766.903 	 TPS : 384.550 	 RecvSec : 61.803 	 SendSec : 61740.809 	 SendDropSec : 0.000
Total Time : 8768.603 	 TPS : 232.363 	 RecvSec : 37.060 	 SendSec : 37023.289 	 SendDropSec : 0.000
Total Time : 8770.315 	 TPS : 232.437 	 RecvSec : 36.793 	 SendSec : 36755.999 	 SendDropSec : 0.000
Total Time : 8771.365 	 TPS : 356.997 	 RecvSec : 59.975 	 SendSec : 59915.492 	 SendDropSec : 0.000
Total Time : 8772.941 	 TPS : 236.704 	 RecvSec : 39.980 	 SendSec : 39939.546 	 SendDropSec : 0.000
Total Time : 8774.872 	 TPS : 194.257 	 RecvSec : 32.635 	 SendSec : 32602.517 	 SendDropSec : 0.000
Total Time : 8776.124 	 TPS : 294.634 	 RecvSec : 50.303 	 SendSec : 50253.030 	 SendDropSec : 0.000
Total Time : 8777.840 	 TPS : 220.853 	 RecvSec : 36.712 	 SendSec : 36675.026 	 SendDropSec : 0.000
Total Time : 8778.840 	 TPS : 416.959 	 RecvSec : 68.993 	 SendSec : 68924.252 	 SendDropSec : 0.000
Total Time : 8780.578 	 TPS : 176.098 	 RecvSec : 32.803 	 SendSec : 32769.768 	 SendDropSec : 0.000
Total Time : 8782.368 	 TPS : 194.929 	 RecvSec : 35.188 	 SendSec : 35152.484 	 SendDropSec : 0.000
Total Time : 8783.403 	 TPS : 344.184 	 RecvSec : 60.909 	 SendSec : 60847.973 	 SendDropSec : 0.000
Total Time : 8785.148 	 TPS : 210.317 	 RecvSec : 36.104 	 SendSec : 36067.429 	 SendDropSec : 0.000
Total Time : 8786.151 	 TPS : 429.731 	 RecvSec : 69.794 	 SendSec : 69724.167 	 SendDropSec : 0.000
Total Time : 8787.232 	 TPS : 278.393 	 RecvSec : 51.794 	 SendSec : 51742.202 	 SendDropSec : 0.000
Total Time : 8789.087 	 TPS : 185.421 	 RecvSec : 33.958 	 SendSec : 33924.041 	 SendDropSec : 0.000
Total Time : 8791.007 	 TPS : 194.766 	 RecvSec : 32.808 	 SendSec : 32775.345 	 SendDropSec : 0.000
Total Time : 8792.087 	 TPS : 338.870 	 RecvSec : 58.330 	 SendSec : 58271.720 	 SendDropSec : 0.000
Total Time : 8793.292 	 TPS : 317.912 	 RecvSec : 52.294 	 SendSec : 52241.373 	 SendDropSec : 0.000
Total Time : 8795.286 	 TPS : 186.587 	 RecvSec : 31.599 	 SendSec : 31567.871 	 SendDropSec : 0.000
Total Time : 8796.709 	 TPS : 240.337 	 RecvSec : 44.273 	 SendSec : 44228.251 	 SendDropSec : 0.000
Total Time : 8798.579 	 TPS : 204.823 	 RecvSec : 33.691 	 SendSec : 33657.744 	 SendDropSec : 0.000
Total Time : 8800.373 	 TPS : 198.929 	 RecvSec : 35.105 	 SendSec : 35070.060 	 SendDropSec : 0.000
Total Time : 8802.088 	 TPS : 215.835 	 RecvSec : 36.750 	 SendSec : 36713.542 	 SendDropSec : 0.000
Total Time : 8803.933 	 TPS : 204.345 	 RecvSec : 34.148 	 SendSec : 34113.713 	 SendDropSec : 0.000
Total Time : 8805.911 	 TPS : 191.082 	 RecvSec : 31.847 	 SendSec : 31815.143 	 SendDropSec : 0.000
Total Time : 8807.073 	 TPS : 321.919 	 RecvSec : 54.227 	 SendSec : 54172.832 	 SendDropSec : 0.000
Total Time : 8808.355 	 TPS : 283.109 	 RecvSec : 49.135 	 SendSec : 49085.476 	 SendDropSec : 0.000
Total Time : 8809.845 	 TPS : 246.336 	 RecvSec : 42.287 	 SendSec : 42244.227 	 SendDropSec : 0.000
Total Time : 8811.188 	 TPS : 278.289 	 RecvSec : 46.878 	 SendSec : 46830.714 	 SendDropSec : 0.000
Total Time : 8812.747 	 TPS : 229.122 	 RecvSec : 40.433 	 SendSec : 40392.891 	 SendDropSec : 0.000
Total Time : 8814.400 	 TPS : 229.855 	 RecvSec : 38.107 	 SendSec : 38069.366 	 SendDropSec : 0.000
Total Time : 8815.423 	 TPS : 510.906 	 RecvSec : 94.757 	 SendSec : 94662.231 	 SendDropSec : 0.000
Total Time : 8816.796 	 TPS : 132.568 	 RecvSec : 20.395 	 SendSec : 20374.697 	 SendDropSec : 0.000
Total Time : 8817.999 	 TPS : 295.931 	 RecvSec : 53.201 	 SendSec : 53147.949 	 SendDropSec : 0.000
Total Time : 8818.999 	 TPS : 433.976 	 RecvSec : 88.995 	 SendSec : 88906.181 	 SendDropSec : 0.000
Total Time : 8820.192 	 TPS : 185.246 	 RecvSec : 31.014 	 SendSec : 30983.075 	 SendDropSec : 0.000
Total Time : 8821.197 	 TPS : 332.507 	 RecvSec : 62.718 	 SendSec : 62655.676 	 SendDropSec : 0.000
Total Time : 8822.731 	 TPS : 230.144 	 RecvSec : 41.074 	 SendSec : 41032.806 	 SendDropSec : 0.000
Total Time : 8823.733 	 TPS : 363.334 	 RecvSec : 64.881 	 SendSec : 64816.224 	 SendDropSec : 0.000
Total Time : 8824.864 	 TPS : 307.573 	 RecvSec : 53.914 	 SendSec : 53859.688 	 SendDropSec : 0.000
Total Time : 8826.314 	 TPS : 258.619 	 RecvSec : 43.448 	 SendSec : 43404.543 	 SendDropSec : 0.000
Total Time : 8828.137 	 TPS : 193.044 	 RecvSec : 34.551 	 SendSec : 34515.993 	 SendDropSec : 0.000
Total Time : 8829.344 	 TPS : 299.100 	 RecvSec : 52.197 	 SendSec : 52145.253 	 SendDropSec : 0.000
Total Time : 8831.260 	 TPS : 211.970 	 RecvSec : 32.892 	 SendSec : 32859.047 	 SendDropSec : 0.000
Total Time : 8833.067 	 TPS : 231.777 	 RecvSec : 34.850 	 SendSec : 34814.724 	 SendDropSec : 0.000
Total Time : 8834.411 	 TPS : 302.910 	 RecvSec : 46.888 	 SendSec : 46840.832 	 SendDropSec : 0.000
Total Time : 8835.740 	 TPS : 316.124 	 RecvSec : 47.419 	 SendSec : 47371.223 	 SendDropSec : 0.000
Total Time : 8837.612 	 TPS : 224.344 	 RecvSec : 33.652 	 SendSec : 33617.953 	 SendDropSec : 0.000
Total Time : 8839.048 	 TPS : 256.276 	 RecvSec : 43.873 	 SendSec : 43829.423 	 SendDropSec : 0.000
Total Time : 8840.733 	 TPS : 230.861 	 RecvSec : 37.389 	 SendSec : 37351.397 	 SendDropSec : 0.000
Total Time : 8842.587 	 TPS : 209.742 	 RecvSec : 33.968 	 SendSec : 33934.492 	 SendDropSec : 0.000
Total Time : 8843.682 	 TPS : 348.187 	 RecvSec : 57.574 	 SendSec : 57516.706 	 SendDropSec : 0.000
Total Time : 8844.693 	 TPS : 541.963 	 RecvSec : 93.953 	 SendSec : 93859.527 	 SendDropSec : 0.000
Total Time : 8845.862 	 TPS : 460.939 	 RecvSec : 80.386 	 SendSec : 80306.091 	 SendDropSec : 0.000
Total Time : 8846.901 	 TPS : 374.513 	 RecvSec : 62.579 	 SendSec : 62516.776 	 SendDropSec : 0.000
Total Time : 8847.901 	 TPS : 541.751 	 RecvSec : 93.957 	 SendSec : 93862.832 	 SendDropSec : 0.000
Total Time : 8849.067 	 TPS : 157.839 	 RecvSec : 25.735 	 SendSec : 25708.888 	 SendDropSec : 0.000
Total Time : 8850.411 	 TPS : 267.968 	 RecvSec : 46.894 	 SendSec : 46847.488 	 SendDropSec : 0.000
Total Time : 8851.411 	 TPS : 566.645 	 RecvSec : 102.936 	 SendSec : 102832.637 	 SendDropSec : 0.000
Total Time : 8852.411 	 TPS : 420.956 	 RecvSec : 75.992 	 SendSec : 75916.150 	 SendDropSec : 0.000
Total Time : 8853.468 	 TPS : 425.027 	 RecvSec : 75.729 	 SendSec : 75652.968 	 SendDropSec : 0.000
Total Time : 8854.628 	 TPS : 241.228 	 RecvSec : 48.246 	 SendSec : 48197.363 	 SendDropSec : 0.000
Total Time : 8855.666 	 TPS : 347.832 	 RecvSec : 62.629 	 SendSec : 62566.465 	 SendDropSec : 0.000
Total Time : 8856.840 	 TPS : 268.370 	 RecvSec : 51.970 	 SendSec : 51918.016 	 SendDropSec : 0.000
Total Time : 8858.466 	 TPS : 217.775 	 RecvSec : 38.757 	 SendSec : 38717.753 	 SendDropSec : 0.000
Total Time : 8860.414 	 TPS : 184.771 	 RecvSec : 32.335 	 SendSec : 32302.636 	 SendDropSec : 0.000
Total Time : 8861.469 	 TPS : 389.607 	 RecvSec : 66.356 	 SendSec : 66290.103 	 SendDropSec : 0.000
Total Time : 8862.469 	 TPS : 477.772 	 RecvSec : 88.957 	 SendSec : 88868.503 	 SendDropSec : 0.000
Total Time : 8863.493 	 TPS : 469.684 	 RecvSec : 84.953 	 SendSec : 84868.236 	 SendDropSec : 0.000
Total Time : 8864.666 	 TPS : 29.852 	 RecvSec : 5.117 	 SendSec : 5112.325 	 SendDropSec : 0.000
Total Time : 8865.716 	 TPS : 369.481 	 RecvSec : 61.898 	 SendSec : 61835.661 	 SendDropSec : 0.000
Total Time : 8867.140 	 TPS : 232.431 	 RecvSec : 42.835 	 SendSec : 42791.904 	 SendDropSec : 0.000
Total Time : 8868.174 	 TPS : 362.624 	 RecvSec : 62.855 	 SendSec : 62791.930 	 SendDropSec : 0.000
Total Time : 8869.175 	 TPS : 499.771 	 RecvSec : 92.957 	 SendSec : 92864.496 	 SendDropSec : 0.000
Total Time : 8870.175 	 TPS : 223.881 	 RecvSec : 34.981 	 SendSec : 34946.429 	 SendDropSec : 0.000
Total Time : 8871.655 	 TPS : 209.520 	 RecvSec : 39.876 	 SendSec : 39836.448 	 SendDropSec : 0.000
Total Time : 8873.617 	 TPS : 174.837 	 RecvSec : 32.113 	 SendSec : 32080.855 	 SendDropSec : 0.000
Total Time : 8875.470 	 TPS : 186.709 	 RecvSec : 33.996 	 SendSec : 33962.114 	 SendDropSec : 0.000
Total Time : 8876.754 	 TPS : 279.440 	 RecvSec : 49.038 	 SendSec : 48989.114 	 SendDropSec : 0.000
Total Time : 8878.286 	 TPS : 227.936 	 RecvSec : 41.146 	 SendSec : 41104.957 	 SendDropSec : 0.000
Total Time : 8879.308 	 TPS : 376.404 	 RecvSec : 63.549 	 SendSec : 63485.158 	 SendDropSec : 0.000
Total Time : 8880.498 	 TPS : 296.849 	 RecvSec : 51.297 	 SendSec : 51245.499 	 SendDropSec : 0.000
Total Time : 8881.498 	 TPS : 593.914 	 RecvSec : 106.985 	 SendSec : 106877.567 	 SendDropSec : 0.000
Total Time : 8882.570 	 TPS : 116.555 	 RecvSec : 17.716 	 SendSec : 17698.594 	 SendDropSec : 0.000
Total Time : 8883.571 	 TPS : 612.695 	 RecvSec : 101.949 	 SendSec : 101847.290 	 SendDropSec : 0.000
Total Time : 8884.571 	 TPS : 388.947 	 RecvSec : 67.991 	 SendSec : 67922.688 	 SendDropSec : 0.000
Total Time : 8885.605 	 TPS : 194.403 	 RecvSec : 25.147 	 SendSec : 25121.570 	 SendDropSec : 0.000
Total Time : 8886.946 	 TPS : 234.066 	 RecvSec : 41.744 	 SendSec : 41702.556 	 SendDropSec : 0.000
Total Time : 8887.964 	 TPS : 400.851 	 RecvSec : 63.861 	 SendSec : 63797.234 	 SendDropSec : 0.000
Total Time : 8889.677 	 TPS : 211.305 	 RecvSec : 35.607 	 SendSec : 35570.986 	 SendDropSec : 0.000
Total Time : 8890.805 	 TPS : 338.859 	 RecvSec : 55.885 	 SendSec : 55829.220 	 SendDropSec : 0.000
Total Time : 8892.321 	 TPS : 258.408 	 RecvSec : 41.530 	 SendSec : 41488.371 	 SendDropSec : 0.000
Total Time : 8893.322 	 TPS : 480.828 	 RecvSec : 82.970 	 SendSec : 82887.434 	 SendDropSec : 0.000
Total Time : 8894.322 	 TPS : 610.908 	 RecvSec : 94.986 	 SendSec : 94890.643 	 SendDropSec : 0.000
Total Time : 8895.507 	 TPS : 388.328 	 RecvSec : 62.470 	 SendSec : 62407.651 	 SendDropSec : 0.000
Total Time : 8896.542 	 TPS : 364.246 	 RecvSec : 62.801 	 SendSec : 62738.173 	 SendDropSec : 0.000
Total Time : 8897.703 	 TPS : 297.920 	 RecvSec : 52.523 	 SendSec : 52470.913 	 SendDropSec : 0.000
Total Time : 8899.491 	 TPS : 205.790 	 RecvSec : 35.230 	 SendSec : 35195.167 	 SendDropSec : 0.000
Total Time : 8900.742 	 TPS : 270.287 	 RecvSec : 50.379 	 SendSec : 50328.526 	 SendDropSec : 0.000
Total Time : 8901.742 	 TPS : 350.854 	 RecvSec : 63.973 	 SendSec : 63909.414 	 SendDropSec : 0.000
Total Time : 8902.964 	 TPS : 274.980 	 RecvSec : 50.740 	 SendSec : 50689.528 	 SendDropSec : 0.000
Total Time : 8903.983 	 TPS : 303.301 	 RecvSec : 61.838 	 SendSec : 61776.219 	 SendDropSec : 0.000
Total Time : 8905.018 	 TPS : 434.715 	 RecvSec : 92.739 	 SendSec : 92646.547 	 SendDropSec : 0.000
Total Time : 8906.038 	 TPS : 335.321 	 RecvSec : 77.457 	 SendSec : 77379.803 	 SendDropSec : 0.000
Total Time : 8907.153 	 TPS : 112.135 	 RecvSec : 16.147 	 SendSec : 16131.252 	 SendDropSec : 0.000
Total Time : 8908.172 	 TPS : 380.472 	 RecvSec : 90.215 	 SendSec : 90124.685 	 SendDropSec : 0.000
Total Time : 8909.173 	 TPS : 292.840 	 RecvSec : 50.972 	 SendSec : 50921.151 	 SendDropSec : 0.000
Total Time : 8910.439 	 TPS : 194.269 	 RecvSec : 33.168 	 SendSec : 33134.773 	 SendDropSec : 0.000
Total Time : 8911.735 	 TPS : 255.462 	 RecvSec : 48.623 	 SendSec : 48574.044 	 SendDropSec : 0.000
Total Time : 8912.819 	 TPS : 350.532 	 RecvSec : 64.572 	 SendSec : 64507.107 	 SendDropSec : 0.000
Total Time : 8914.041 	 TPS : 241.500 	 RecvSec : 45.844 	 SendSec : 45798.223 	 SendDropSec : 0.000
Total Time : 8915.153 	 TPS : 306.611 	 RecvSec : 56.647 	 SendSec : 56589.945 	 SendDropSec : 0.000
Total Time : 8916.153 	 TPS : 456.902 	 RecvSec : 90.980 	 SendSec : 90889.504 	 SendDropSec : 0.000
Total Time : 8917.270 	 TPS : 229.158 	 RecvSec : 37.596 	 SendSec : 37558.637 	 SendDropSec : 0.000
Total Time : 8918.371 	 TPS : 309.782 	 RecvSec : 57.232 	 SendSec : 57175.224 	 SendDropSec : 0.000
Total Time : 8919.389 	 TPS : 489.261 	 RecvSec : 99.228 	 SendSec : 99128.408 	 SendDropSec : 0.000
Total Time : 8920.396 	 TPS : 256.083 	 RecvSec : 50.621 	 SendSec : 50570.470 	 SendDropSec : 0.000
Total Time : 8921.459 	 TPS : 234.321 	 RecvSec : 34.819 	 SendSec : 34783.969 	 SendDropSec : 0.000
Total Time : 8923.206 	 TPS : 175.694 	 RecvSec : 32.048 	 SendSec : 32016.325 	 SendDropSec : 0.000
Total Time : 8924.322 	 TPS : 294.035 	 RecvSec : 56.476 	 SendSec : 56419.736 	 SendDropSec : 0.000
Total Time : 8925.973 	 TPS : 193.795 	 RecvSec : 38.153 	 SendSec : 38115.207 	 SendDropSec : 0.000
Total Time : 8926.973 	 TPS : 445.761 	 RecvSec : 97.947 	 SendSec : 97849.543 	 SendDropSec : 0.000
Total Time : 8927.990 	 TPS : 400.397 	 RecvSec : 83.621 	 SendSec : 83537.410 	 SendDropSec : 0.000
Total Time : 8929.960 	 TPS : 166.983 	 RecvSec : 35.021 	 SendSec : 34985.797 	 SendDropSec : 0.000
Total Time : 8930.960 	 TPS : 390.914 	 RecvSec : 82.982 	 SendSec : 82898.754 	 SendDropSec : 0.000
Total Time : 8932.202 	 TPS : 211.905 	 RecvSec : 34.646 	 SendSec : 34611.405 	 SendDropSec : 0.000
Total Time : 8933.202 	 TPS : 502.684 	 RecvSec : 106.933 	 SendSec : 106825.945 	 SendDropSec : 0.000
Total Time : 8934.203 	 TPS : 165.878 	 RecvSec : 21.984 	 SendSec : 21961.808 	 SendDropSec : 0.000
Total Time : 8935.337 	 TPS : 272.478 	 RecvSec : 52.908 	 SendSec : 52855.372 	 SendDropSec : 0.000
Total Time : 8936.805 	 TPS : 226.160 	 RecvSec : 42.916 	 SendSec : 42872.969 	 SendDropSec : 0.000
Total Time : 8938.644 	 TPS : 175.648 	 RecvSec : 34.259 	 SendSec : 34225.177 	 SendDropSec : 0.000
Total Time : 8940.529 	 TPS : 171.354 	 RecvSec : 33.422 	 SendSec : 33388.616 	 SendDropSec : 0.000
Total Time : 8941.920 	 TPS : 215.603 	 RecvSec : 45.277 	 SendSec : 45231.273 	 SendDropSec : 0.000
Total Time : 8942.922 	 TPS : 284.647 	 RecvSec : 63.921 	 SendSec : 63856.805 	 SendDropSec : 0.000
Total Time : 8944.441 	 TPS : 181.670 	 RecvSec : 40.810 	 SendSec : 40769.136 	 SendDropSec : 0.000
Total Time : 8946.420 	 TPS : 146.046 	 RecvSec : 31.837 	 SendSec : 31805.080 	 SendDropSec : 0.000
Total Time : 8947.420 	 TPS : 442.883 	 RecvSec : 94.975 	 SendSec : 94879.857 	 SendDropSec : 0.000
Total Time : 8948.420 	 TPS : 570.841 	 RecvSec : 62.982 	 SendSec : 62919.452 	 SendDropSec : 0.000
Total Time : 8949.454 	 TPS : 169.305 	 RecvSec : 31.926 	 SendSec : 31894.188 	 SendDropSec : 0.000
Total Time : 8951.040 	 TPS : 163.231 	 RecvSec : 38.444 	 SendSec : 38405.923 	 SendDropSec : 0.000
Total Time : 8952.168 	 TPS : 281.088 	 RecvSec : 62.070 	 SendSec : 62007.830 	 SendDropSec : 0.000
Total Time : 8953.547 	 TPS : 162.510 	 RecvSec : 40.627 	 SendSec : 40586.814 	 SendDropSec : 0.000
Total Time : 8954.583 	 TPS : 273.082 	 RecvSec : 60.792 	 SendSec : 60731.235 	 SendDropSec : 0.000
Total Time : 8955.583 	 TPS : 293.942 	 RecvSec : 63.987 	 SendSec : 63923.420 	 SendDropSec : 0.000
Total Time : 8956.585 	 TPS : 306.411 	 RecvSec : 64.875 	 SendSec : 64810.337 	 SendDropSec : 0.000
Total Time : 8957.629 	 TPS : 266.201 	 RecvSec : 59.369 	 SendSec : 59309.220 	 SendDropSec : 0.000
Total Time : 8958.648 	 TPS : 293.517 	 RecvSec : 61.845 	 SendSec : 61782.950 	 SendDropSec : 0.000
Total Time : 8959.669 	 TPS : 316.424 	 RecvSec : 66.616 	 SendSec : 66549.031 	 SendDropSec : 0.000
Total Time : 8961.354 	 TPS : 140.020 	 RecvSec : 33.225 	 SendSec : 33191.972 	 SendDropSec : 0.000
Total Time : 8962.608 	 TPS : 246.567 	 RecvSec : 50.271 	 SendSec : 50220.746 	 SendDropSec : 0.000
Total Time : 8964.186 	 TPS : 186.264 	 RecvSec : 39.914 	 SendSec : 39873.905 	 SendDropSec : 0.000
Total Time : 8965.858 	 TPS : 169.811 	 RecvSec : 37.669 	 SendSec : 37631.632 	 SendDropSec : 0.000
Total Time : 8966.986 	 TPS : 304.119 	 RecvSec : 62.065 	 SendSec : 62002.942 	 SendDropSec : 0.000
Total Time : 8967.990 	 TPS : 245.024 	 RecvSec : 55.778 	 SendSec : 55721.937 	 SendDropSec : 0.000
Total Time : 8968.990 	 TPS : 407.924 	 RecvSec : 94.982 	 SendSec : 94887.285 	 SendDropSec : 0.000
Total Time : 8970.014 	 TPS : 367.299 	 RecvSec : 82.056 	 SendSec : 81974.107 	 SendDropSec : 0.000
Total Time : 8971.014 	 TPS : 341.988 	 RecvSec : 65.998 	 SendSec : 65931.732 	 SendDropSec : 0.000
Total Time : 8972.016 	 TPS : 133.807 	 RecvSec : 14.978 	 SendSec : 14963.436 	 SendDropSec : 0.000
Total Time : 8973.630 	 TPS : 176.558 	 RecvSec : 34.073 	 SendSec : 34038.582 	 SendDropSec : 0.000
Total Time : 8975.376 	 TPS : 184.926 	 RecvSec : 36.069 	 SendSec : 36033.079 	 SendDropSec : 0.000
Total Time : 8976.933 	 TPS : 197.190 	 RecvSec : 40.466 	 SendSec : 40425.260 	 SendDropSec : 0.000
Total Time : 8978.061 	 TPS : 311.315 	 RecvSec : 62.086 	 SendSec : 62023.515 	 SendDropSec : 0.000
Total Time : 8979.747 	 TPS : 153.594 	 RecvSec : 33.210 	 SendSec : 33176.408 	 SendDropSec : 0.000
Total Time : 8980.811 	 TPS : 283.775 	 RecvSec : 59.198 	 SendSec : 59138.938 	 SendDropSec : 0.000
Total Time : 8982.466 	 TPS : 183.747 	 RecvSec : 38.079 	 SendSec : 38041.085 	 SendDropSec : 0.000
Total Time : 8983.798 	 TPS : 241.660 	 RecvSec : 47.281 	 SendSec : 47233.979 	 SendDropSec : 0.000
Total Time : 8984.806 	 TPS : 472.474 	 RecvSec : 102.237 	 SendSec : 102134.738 	 SendDropSec : 0.000
Total Time : 8985.851 	 TPS : 210.529 	 RecvSec : 28.709 	 SendSec : 28679.840 	 SendDropSec : 0.000
Total Time : 8986.860 	 TPS : 369.469 	 RecvSec : 88.158 	 SendSec : 88069.374 	 SendDropSec : 0.000
Total Time : 8988.340 	 TPS : 119.640 	 RecvSec : 20.278 	 SendSec : 20257.769 	 SendDropSec : 0.000
Total Time : 8989.377 	 TPS : 306.523 	 RecvSec : 62.654 	 SendSec : 62591.487 	 SendDropSec : 0.000
Total Time : 8990.379 	 TPS : 443.106 	 RecvSec : 100.797 	 SendSec : 100695.856 	 SendDropSec : 0.000
Total Time : 8992.246 	 TPS : 241.520 	 RecvSec : 46.055 	 SendSec : 46008.820 	 SendDropSec : 0.000
Total Time : 8993.268 	 TPS : 336.550 	 RecvSec : 65.549 	 SendSec : 65483.458 	 SendDropSec : 0.000
Total Time : 8994.269 	 TPS : 396.870 	 RecvSec : 90.970 	 SendSec : 90879.192 	 SendDropSec : 0.000
Total Time : 8995.309 	 TPS : 402.986 	 RecvSec : 80.790 	 SendSec : 80708.716 	 SendDropSec : 0.000
Total Time : 8996.358 	 TPS : 59.079 	 RecvSec : 9.529 	 SendSec : 9519.281 	 SendDropSec : 0.000
Total Time : 8998.223 	 TPS : 174.778 	 RecvSec : 33.776 	 SendSec : 33742.370 	 SendDropSec : 0.000
Total Time : 8999.224 	 TPS : 508.659 	 RecvSec : 106.928 	 SendSec : 106821.472 	 SendDropSec : 0.000
Total Time : 9000.296 	 TPS : 166.087 	 RecvSec : 24.260 	 SendSec : 24235.670 	 SendDropSec : 0.000
Total Time : 9001.450 	 TPS : 202.621 	 RecvSec : 48.491 	 SendSec : 48442.084 	 SendDropSec : 0.000
Total Time : 9002.452 	 TPS : 344.521 	 RecvSec : 65.908 	 SendSec : 65842.407 	 SendDropSec : 0.000
Total Time : 9003.982 	 TPS : 182.965 	 RecvSec : 39.207 	 SendSec : 39167.544 	 SendDropSec : 0.000
Total Time : 9005.824 	 TPS : 166.684 	 RecvSec : 34.205 	 SendSec : 34171.255 	 SendDropSec : 0.000
Total Time : 9006.833 	 TPS : 428.056 	 RecvSec : 95.124 	 SendSec : 95028.399 	 SendDropSec : 0.000
Total Time : 9007.852 	 TPS : 264.963 	 RecvSec : 53.974 	 SendSec : 53920.055 	 SendDropSec : 0.000
Total Time : 9008.853 	 TPS : 485.771 	 RecvSec : 99.953 	 SendSec : 99853.029 	 SendDropSec : 0.000
Total Time : 9009.875 	 TPS : 203.433 	 RecvSec : 39.122 	 SendSec : 39082.584 	 SendDropSec : 0.000
Total Time : 9010.877 	 TPS : 166.726 	 RecvSec : 26.956 	 SendSec : 26928.815 	 SendDropSec : 0.000
Total Time : 9011.911 	 TPS : 321.955 	 RecvSec : 62.844 	 SendSec : 62781.191 	 SendDropSec : 0.000
Total Time : 9012.965 	 TPS : 502.902 	 RecvSec : 104.376 	 SendSec : 104271.606 	 SendDropSec : 0.000
Total Time : 9013.973 	 TPS : 305.478 	 RecvSec : 60.500 	 SendSec : 60439.971 	 SendDropSec : 0.000
Total Time : 9014.973 	 TPS : 362.966 	 RecvSec : 74.993 	 SendSec : 74917.965 	 SendDropSec : 0.000
Total Time : 9015.974 	 TPS : 319.762 	 RecvSec : 62.953 	 SendSec : 62890.222 	 SendDropSec : 0.000
Total Time : 9016.975 	 TPS : 122.909 	 RecvSec : 31.976 	 SendSec : 31944.460 	 SendDropSec : 0.000
Total Time : 9018.128 	 TPS : 174.268 	 RecvSec : 27.744 	 SendSec : 27716.418 	 SendDropSec : 0.000
Total Time : 9019.141 	 TPS : 432.379 	 RecvSec : 94.768 	 SendSec : 94673.220 	 SendDropSec : 0.000
Total Time : 9020.144 	 TPS : 203.352 	 RecvSec : 33.892 	 SendSec : 33858.050 	 SendDropSec : 0.000
Total Time : 9021.234 	 TPS : 247.771 	 RecvSec : 54.143 	 SendSec : 54088.410 	 SendDropSec : 0.000
Total Time : 9022.627 	 TPS : 233.334 	 RecvSec : 45.231 	 SendSec : 45185.608 	 SendDropSec : 0.000
Total Time : 9024.287 	 TPS : 191.587 	 RecvSec : 37.956 	 SendSec : 37917.994 	 SendDropSec : 0.000
Total Time : 9025.730 	 TPS : 225.266 	 RecvSec : 43.667 	 SendSec : 43623.214 	 SendDropSec : 0.000
Total Time : 9026.730 	 TPS : 345.820 	 RecvSec : 65.966 	 SendSec : 65899.719 	 SendDropSec : 0.000
Total Time : 9027.731 	 TPS : 377.609 	 RecvSec : 73.923 	 SendSec : 73849.492 	 SendDropSec : 0.000
Total Time : 9029.262 	 TPS : 160.703 	 RecvSec : 32.010 	 SendSec : 31978.037 	 SendDropSec : 0.000
Total Time : 9030.328 	 TPS : 363.809 	 RecvSec : 65.636 	 SendSec : 65569.922 	 SendDropSec : 0.000
Total Time : 9031.782 	 TPS : 172.638 	 RecvSec : 38.517 	 SendSec : 38478.411 	 SendDropSec : 0.000
Total Time : 9032.802 	 TPS : 357.853 	 RecvSec : 66.668 	 SendSec : 66601.822 	 SendDropSec : 0.000
Total Time : 9033.803 	 TPS : 438.716 	 RecvSec : 96.937 	 SendSec : 96840.228 	 SendDropSec : 0.000
Total Time : 9034.827 	 TPS : 137.629 	 RecvSec : 23.426 	 SendSec : 23402.864 	 SendDropSec : 0.000
Total Time : 9035.834 	 TPS : 313.798 	 RecvSec : 62.561 	 SendSec : 62498.510 	 SendDropSec : 0.000
Total Time : 9036.836 	 TPS : 507.357 	 RecvSec : 102.870 	 SendSec : 102766.682 	 SendDropSec : 0.000
Total Time : 9037.844 	 TPS : 369.832 	 RecvSec : 79.320 	 SendSec : 79241.133 	 SendDropSec : 0.000
Total Time : 9038.888 	 TPS : 61.308 	 RecvSec : 7.663 	 SendSec : 7655.795 	 SendDropSec : 0.000
Total Time : 9040.012 	 TPS : 259.737 	 RecvSec : 54.260 	 SendSec : 54205.828 	 SendDropSec : 0.000
Total Time : 9041.155 	 TPS : 272.126 	 RecvSec : 55.125 	 SendSec : 55070.046 	 SendDropSec : 0.000
Total Time : 9042.804 	 TPS : 197.106 	 RecvSec : 38.208 	 SendSec : 38170.113 	 SendDropSec : 0.000
Total Time : 9043.804 	 TPS : 322.983 	 RecvSec : 63.997 	 SendSec : 63932.701 	 SendDropSec : 0.000
Total Time : 9045.332 	 TPS : 204.221 	 RecvSec : 40.582 	 SendSec : 40541.785 	 SendDropSec : 0.000
Total Time : 9047.247 	 TPS : 169.709 	 RecvSec : 32.897 	 SendSec : 32864.464 	 SendDropSec : 0.000
Total Time : 9048.275 	 TPS : 325.827 	 RecvSec : 63.220 	 SendSec : 63156.924 	 SendDropSec : 0.000
Total Time : 9049.276 	 TPS : 517.490 	 RecvSec : 109.892 	 SendSec : 109781.887 	 SendDropSec : 0.000
Total Time : 9050.298 	 TPS : 136.938 	 RecvSec : 18.584 	 SendSec : 18565.856 	 SendDropSec : 0.000
Total Time : 9051.299 	 TPS : 314.887 	 RecvSec : 63.977 	 SendSec : 63913.049 	 SendDropSec : 0.000
Total Time : 9052.299 	 TPS : 328.967 	 RecvSec : 70.993 	 SendSec : 70921.901 	 SendDropSec : 0.000
Total Time : 9053.299 	 TPS : 460.945 	 RecvSec : 92.989 	 SendSec : 92896.010 	 SendDropSec : 0.000
Total Time : 9054.738 	 TPS : 72.979 	 RecvSec : 13.206 	 SendSec : 13192.520 	 SendDropSec : 0.000
Total Time : 9056.299 	 TPS : 198.506 	 RecvSec : 40.341 	 SendSec : 40301.106 	 SendDropSec : 0.000
Total Time : 9058.030 	 TPS : 173.920 	 RecvSec : 36.402 	 SendSec : 36365.513 	 SendDropSec : 0.000
Total Time : 9059.488 	 TPS : 218.144 	 RecvSec : 43.217 	 SendSec : 43174.079 	 SendDropSec : 0.000
Total Time : 9060.508 	 TPS : 355.771 	 RecvSec : 68.606 	 SendSec : 68537.429 	 SendDropSec : 0.000
Total Time : 9061.508 	 TPS : 458.925 	 RecvSec : 107.982 	 SendSec : 107874.438 	 SendDropSec : 0.000
Total Time : 9062.508 	 TPS : 363.969 	 RecvSec : 67.994 	 SendSec : 67926.226 	 SendDropSec : 0.000
Total Time : 9063.509 	 TPS : 322.937 	 RecvSec : 63.988 	 SendSec : 63923.592 	 SendDropSec : 0.000
Total Time : 9065.218 	 TPS : 208.896 	 RecvSec : 39.790 	 SendSec : 39749.975 	 SendDropSec : 0.000
Total Time : 9066.855 	 TPS : 186.273 	 RecvSec : 38.476 	 SendSec : 38437.621 	 SendDropSec : 0.000
Total Time : 9067.855 	 TPS : 377.909 	 RecvSec : 82.980 	 SendSec : 82896.947 	 SendDropSec : 0.000
Total Time : 9068.856 	 TPS : 434.858 	 RecvSec : 81.973 	 SendSec : 81891.263 	 SendDropSec : 0.000
Total Time : 9070.260 	 TPS : 331.107 	 RecvSec : 61.949 	 SendSec : 61887.136 	 SendDropSec : 0.000
Total Time : 9071.761 	 TPS : 203.184 	 RecvSec : 41.969 	 SendSec : 41927.105 	 SendDropSec : 0.000
Total Time : 9073.326 	 TPS : 213.999 	 RecvSec : 40.245 	 SendSec : 40204.320 	 SendDropSec : 0.000
Total Time : 9074.975 	 TPS : 201.423 	 RecvSec : 38.222 	 SendSec : 38183.632 	 SendDropSec : 0.000
Total Time : 9076.573 	 TPS : 198.955 	 RecvSec : 39.416 	 SendSec : 39376.247 	 SendDropSec : 0.000
Total Time : 9077.574 	 TPS : 364.776 	 RecvSec : 66.959 	 SendSec : 66891.841 	 SendDropSec : 0.000
Total Time : 9079.116 	 TPS : 183.544 	 RecvSec : 38.265 	 SendSec : 38227.161 	 SendDropSec : 0.000
Total Time : 9080.343 	 TPS : 254.223 	 RecvSec : 51.334 	 SendSec : 51282.177 	 SendDropSec : 0.000
Total Time : 9081.647 	 TPS : 249.918 	 RecvSec : 48.297 	 SendSec : 48248.646 	 SendDropSec : 0.000
Total Time : 9082.720 	 TPS : 372.843 	 RecvSec : 65.248 	 SendSec : 65182.273 	 SendDropSec : 0.000
Total Time : 9083.802 	 TPS : 241.168 	 RecvSec : 51.745 	 SendSec : 51693.058 	 SendDropSec : 0.000
Total Time : 9084.848 	 TPS : 316.567 	 RecvSec : 62.166 	 SendSec : 62103.645 	 SendDropSec : 0.000
Total Time : 9086.332 	 TPS : 204.116 	 RecvSec : 41.093 	 SendSec : 41051.540 	 SendDropSec : 0.000
Total Time : 9087.502 	 TPS : 271.132 	 RecvSec : 53.884 	 SendSec : 53830.297 	 SendDropSec : 0.000
Total Time : 9088.518 	 TPS : 360.107 	 RecvSec : 66.905 	 SendSec : 66838.140 	 SendDropSec : 0.000
Total Time : 9089.521 	 TPS : 277.132 	 RecvSec : 59.813 	 SendSec : 59752.937 	 SendDropSec : 0.000
Total Time : 9090.536 	 TPS : 452.325 	 RecvSec : 100.517 	 SendSec : 100416.129 	 SendDropSec : 0.000
Total Time : 9091.536 	 TPS : 355.912 	 RecvSec : 65.984 	 SendSec : 65917.725 	 SendDropSec : 0.000
Total Time : 9092.940 	 TPS : 322.051 	 RecvSec : 58.425 	 SendSec : 58366.786 	 SendDropSec : 0.000
Total Time : 9093.948 	 TPS : 386.687 	 RecvSec : 87.252 	 SendSec : 87165.117 	 SendDropSec : 0.000
Total Time : 9095.100 	 TPS : 191.808 	 RecvSec : 32.981 	 SendSec : 32947.605 	 SendDropSec : 0.000
Total Time : 9096.943 	 TPS : 187.269 	 RecvSec : 34.197 	 SendSec : 34162.700 	 SendDropSec : 0.000
Total Time : 9097.943 	 TPS : 401.901 	 RecvSec : 68.983 	 SendSec : 68913.992 	 SendDropSec : 0.000
Total Time : 9098.943 	 TPS : 480.866 	 RecvSec : 102.971 	 SendSec : 102868.372 	 SendDropSec : 0.000
Total Time : 9099.945 	 TPS : 436.404 	 RecvSec : 82.887 	 SendSec : 82803.973 	 SendDropSec : 0.000
Total Time : 9101.266 	 TPS : 231.492 	 RecvSec : 45.391 	 SendSec : 45345.226 	 SendDropSec : 0.000
Total Time : 9102.530 	 TPS : 237.431 	 RecvSec : 49.861 	 SendSec : 49810.736 	 SendDropSec : 0.000
Total Time : 9103.725 	 TPS : 279.420 	 RecvSec : 52.705 	 SendSec : 52652.304 	 SendDropSec : 0.000
Total Time : 9105.185 	 TPS : 221.303 	 RecvSec : 43.164 	 SendSec : 43121.268 	 SendDropSec : 0.000
Total Time : 9106.219 	 TPS : 372.265 	 RecvSec : 65.751 	 SendSec : 65684.887 	 SendDropSec : 0.000
Total Time : 9107.240 	 TPS : 346.695 	 RecvSec : 63.659 	 SendSec : 63595.046 	 SendDropSec : 0.000
Total Time : 9108.680 	 TPS : 186.112 	 RecvSec : 38.889 	 SendSec : 38850.235 	 SendDropSec : 0.000
Total Time : 9110.199 	 TPS : 217.915 	 RecvSec : 41.476 	 SendSec : 41434.835 	 SendDropSec : 0.000
Total Time : 9112.102 	 TPS : 178.147 	 RecvSec : 33.107 	 SendSec : 33073.855 	 SendDropSec : 0.000
Total Time : 9113.963 	 TPS : 175.738 	 RecvSec : 33.858 	 SendSec : 33823.896 	 SendDropSec : 0.000
Total Time : 9115.266 	 TPS : 248.535 	 RecvSec : 48.326 	 SendSec : 48277.958 	 SendDropSec : 0.000
Total Time : 9116.412 	 TPS : 296.677 	 RecvSec : 54.972 	 SendSec : 54917.458 	 SendDropSec : 0.000
Total Time : 9117.597 	 TPS : 277.715 	 RecvSec : 53.180 	 SendSec : 53126.357 	 SendDropSec : 0.000
Total Time : 9118.880 	 TPS : 248.718 	 RecvSec : 49.120 	 SendSec : 49070.811 	 SendDropSec : 0.000
Total Time : 9119.880 	 TPS : 426.850 	 RecvSec : 92.967 	 SendSec : 92874.457 	 SendDropSec : 0.000
Total Time : 9121.186 	 TPS : 153.141 	 RecvSec : 25.268 	 SendSec : 25242.931 	 SendDropSec : 0.000
Total Time : 9122.647 	 TPS : 217.686 	 RecvSec : 43.126 	 SendSec : 43083.304 	 SendDropSec : 0.000
Total Time : 9123.703 	 TPS : 304.873 	 RecvSec : 59.649 	 SendSec : 59589.359 	 SendDropSec : 0.000
Total Time : 9124.703 	 TPS : 334.936 	 RecvSec : 63.988 	 SendSec : 63923.771 	 SendDropSec : 0.000
Total Time : 9125.740 	 TPS : 319.202 	 RecvSec : 59.790 	 SendSec : 59730.308 	 SendDropSec : 0.000
Total Time : 9126.757 	 TPS : 375.646 	 RecvSec : 68.836 	 SendSec : 68766.816 	 SendDropSec : 0.000
Total Time : 9127.784 	 TPS : 264.846 	 RecvSec : 54.527 	 SendSec : 54472.666 	 SendDropSec : 0.000
Total Time : 9129.538 	 TPS : 196.728 	 RecvSec : 35.924 	 SendSec : 35888.253 	 SendDropSec : 0.000
Total Time : 9131.462 	 TPS : 179.778 	 RecvSec : 32.734 	 SendSec : 32701.432 	 SendDropSec : 0.000
Total Time : 9132.463 	 TPS : 414.843 	 RecvSec : 68.974 	 SendSec : 68904.851 	 SendDropSec : 0.000
Total Time : 9133.463 	 TPS : 524.911 	 RecvSec : 107.982 	 SendSec : 107873.694 	 SendDropSec : 0.000
Total Time : 9134.463 	 TPS : 477.938 	 RecvSec : 85.989 	 SendSec : 85902.833 	 SendDropSec : 0.000
Total Time : 9135.624 	 TPS : 217.036 	 RecvSec : 44.785 	 SendSec : 44740.487 	 SendDropSec : 0.000
Total Time : 9136.961 	 TPS : 249.093 	 RecvSec : 47.126 	 SendSec : 47078.594 	 SendDropSec : 0.000
Total Time : 9138.472 	 TPS : 222.304 	 RecvSec : 41.682 	 SendSec : 41640.232 	 SendDropSec : 0.000
Total Time : 9139.485 	 TPS : 348.647 	 RecvSec : 62.223 	 SendSec : 62160.958 	 SendDropSec : 0.000
Total Time : 9141.293 	 TPS : 172.535 	 RecvSec : 34.839 	 SendSec : 34803.872 	 SendDropSec : 0.000
Total Time : 9142.753 	 TPS : 236.340 	 RecvSec : 43.158 	 SendSec : 43114.524 	 SendDropSec : 0.000
Total Time : 9143.763 	 TPS : 408.753 	 RecvSec : 69.280 	 SendSec : 69210.871 	 SendDropSec : 0.000
Total Time : 9144.764 	 TPS : 488.762 	 RecvSec : 109.947 	 SendSec : 109836.575 	 SendDropSec : 0.000
Total Time : 9146.212 	 TPS : 288.596 	 RecvSec : 49.710 	 SendSec : 49660.558 	 SendDropSec : 0.000
Total Time : 9147.448 	 TPS : 288.801 	 RecvSec : 50.965 	 SendSec : 50913.938 	 SendDropSec : 0.000
Total Time : 9148.572 	 TPS : 308.773 	 RecvSec : 56.060 	 SendSec : 56003.513 	 SendDropSec : 0.000
Total Time : 9149.959 	 TPS : 246.612 	 RecvSec : 45.429 	 SendSec : 45383.092 	 SendDropSec : 0.000
Total Time : 9151.227 	 TPS : 261.871 	 RecvSec : 49.692 	 SendSec : 49642.622 	 SendDropSec : 0.000
Total Time : 9152.284 	 TPS : 336.777 	 RecvSec : 59.598 	 SendSec : 59538.529 	 SendDropSec : 0.000
Total Time : 9153.456 	 TPS : 299.379 	 RecvSec : 53.735 	 SendSec : 53680.904 	 SendDropSec : 0.000
Total Time : 9154.456 	 TPS : 421.984 	 RecvSec : 86.997 	 SendSec : 86909.767 	 SendDropSec : 0.000
Total Time : 9155.608 	 TPS : 191.904 	 RecvSec : 33.865 	 SendSec : 33831.590 	 SendDropSec : 0.000
Total Time : 9156.613 	 TPS : 380.909 	 RecvSec : 62.656 	 SendSec : 62593.375 	 SendDropSec : 0.000
Total Time : 9157.645 	 TPS : 327.643 	 RecvSec : 61.070 	 SendSec : 61008.462 	 SendDropSec : 0.000
Total Time : 9159.406 	 TPS : 192.544 	 RecvSec : 35.782 	 SendSec : 35746.660 	 SendDropSec : 0.000
Total Time : 9161.233 	 TPS : 187.681 	 RecvSec : 34.472 	 SendSec : 34437.477 	 SendDropSec : 0.000
Total Time : 9162.252 	 TPS : 378.729 	 RecvSec : 66.719 	 SendSec : 66652.466 	 SendDropSec : 0.000
Total Time : 9163.918 	 TPS : 176.458 	 RecvSec : 34.812 	 SendSec : 34776.709 	 SendDropSec : 0.000
Total Time : 9165.732 	 TPS : 192.418 	 RecvSec : 34.735 	 SendSec : 34699.812 	 SendDropSec : 0.000
Total Time : 9166.856 	 TPS : 312.449 	 RecvSec : 56.081 	 SendSec : 56024.526 	 SendDropSec : 0.000
Total Time : 9168.522 	 TPS : 216.007 	 RecvSec : 37.801 	 SendSec : 37763.414 	 SendDropSec : 0.000
Total Time : 9170.184 	 TPS : 202.202 	 RecvSec : 37.913 	 SendSec : 37874.922 	 SendDropSec : 0.000
Total Time : 9171.212 	 TPS : 461.161 	 RecvSec : 93.400 	 SendSec : 93306.397 	 SendDropSec : 0.000
Total Time : 9172.232 	 TPS : 206.871 	 RecvSec : 29.413 	 SendSec : 29383.540 	 SendDropSec : 0.000
Total Time : 9173.277 	 TPS : 381.578 	 RecvSec : 66.944 	 SendSec : 66876.614 	 SendDropSec : 0.000
Total Time : 9174.336 	 TPS : 316.484 	 RecvSec : 59.518 	 SendSec : 59458.415 	 SendDropSec : 0.000
Total Time : 9175.411 	 TPS : 239.107 	 RecvSec : 52.101 	 SendSec : 52049.142 	 SendDropSec : 0.000
Total Time : 9176.779 	 TPS : 254.350 	 RecvSec : 46.046 	 SendSec : 46000.042 	 SendDropSec : 0.000
Total Time : 9178.567 	 TPS : 188.493 	 RecvSec : 35.238 	 SendSec : 35202.269 	 SendDropSec : 0.000
Total Time : 9179.600 	 TPS : 366.847 	 RecvSec : 62.916 	 SendSec : 62852.733 	 SendDropSec : 0.000
Total Time : 9180.601 	 TPS : 443.719 	 RecvSec : 92.941 	 SendSec : 92848.209 	 SendDropSec : 0.000
Total Time : 9181.601 	 TPS : 236.820 	 RecvSec : 33.974 	 SendSec : 33940.158 	 SendDropSec : 0.000
Total Time : 9182.604 	 TPS : 370.996 	 RecvSec : 64.825 	 SendSec : 64759.831 	 SendDropSec : 0.000
Total Time : 9183.797 	 TPS : 236.306 	 RecvSec : 48.602 	 SendSec : 48553.318 	 SendDropSec : 0.000
Total Time : 9184.819 	 TPS : 502.224 	 RecvSec : 101.815 	 SendSec : 101713.493 	 SendDropSec : 0.000
Total Time : 9185.819 	 TPS : 442.894 	 RecvSec : 82.980 	 SendSec : 82897.229 	 SendDropSec : 0.000
Total Time : 9187.093 	 TPS : 278.751 	 RecvSec : 51.039 	 SendSec : 50987.966 	 SendDropSec : 0.000
Total Time : 9188.096 	 TPS : 422.545 	 RecvSec : 69.760 	 SendSec : 69690.036 	 SendDropSec : 0.000
Total Time : 9189.105 	 TPS : 531.406 	 RecvSec : 112.031 	 SendSec : 111919.390 	 SendDropSec : 0.000
Total Time : 9190.145 	 TPS : 42.292 	 RecvSec : 5.767 	 SendSec : 5761.263 	 SendDropSec : 0.000
Total Time : 9191.537 	 TPS : 246.373 	 RecvSec : 45.252 	 SendSec : 45206.890 	 SendDropSec : 0.000
Total Time : 9193.163 	 TPS : 213.406 	 RecvSec : 38.745 	 SendSec : 38706.361 	 SendDropSec : 0.000
Total Time : 9194.173 	 TPS : 509.059 	 RecvSec : 103.000 	 SendSec : 102897.218 	 SendDropSec : 0.000
Total Time : 9195.179 	 TPS : 437.280 	 RecvSec : 78.512 	 SendSec : 78433.185 	 SendDropSec : 0.000
Total Time : 9196.183 	 TPS : 89.628 	 RecvSec : 8.963 	 SendSec : 8953.850 	 SendDropSec : 0.000
Total Time : 9197.953 	 TPS : 198.929 	 RecvSec : 33.908 	 SendSec : 33874.360 	 SendDropSec : 0.000
Total Time : 9199.131 	 TPS : 269.070 	 RecvSec : 53.474 	 SendSec : 53420.927 	 SendDropSec : 0.000
Total Time : 9200.146 	 TPS : 543.050 	 RecvSec : 102.500 	 SendSec : 102397.010 	 SendDropSec : 0.000
Total Time : 9201.651 	 TPS : 100.318 	 RecvSec : 14.616 	 SendSec : 14601.293 	 SendDropSec : 0.000
Total Time : 9203.585 	 TPS : 177.864 	 RecvSec : 32.574 	 SendSec : 32541.420 	 SendDropSec : 0.000
Total Time : 9204.765 	 TPS : 286.305 	 RecvSec : 53.365 	 SendSec : 53311.181 	 SendDropSec : 0.000
Total Time : 9206.710 	 TPS : 177.396 	 RecvSec : 32.394 	 SendSec : 32361.588 	 SendDropSec : 0.000
Total Time : 9207.712 	 TPS : 391.418 	 RecvSec : 68.898 	 SendSec : 68828.686 	 SendDropSec : 0.000
Total Time : 9209.549 	 TPS : 161.635 	 RecvSec : 31.021 	 SendSec : 30989.865 	 SendDropSec : 0.000
Total Time : 9210.549 	 TPS : 408.941 	 RecvSec : 68.990 	 SendSec : 68921.075 	 SendDropSec : 0.000
Total Time : 9211.572 	 TPS : 341.260 	 RecvSec : 62.581 	 SendSec : 62518.108 	 SendDropSec : 0.000
Total Time : 9212.572 	 TPS : 264.921 	 RecvSec : 56.983 	 SendSec : 56926.002 	 SendDropSec : 0.000
Total Time : 9213.573 	 TPS : 528.828 	 RecvSec : 101.967 	 SendSec : 101864.914 	 SendDropSec : 0.000
Total Time : 9214.577 	 TPS : 339.637 	 RecvSec : 63.744 	 SendSec : 63680.520 	 SendDropSec : 0.000
Total Time : 9215.577 	 TPS : 257.908 	 RecvSec : 53.981 	 SendSec : 53926.673 	 SendDropSec : 0.000
Total Time : 9216.873 	 TPS : 165.852 	 RecvSec : 23.914 	 SendSec : 23889.592 	 SendDropSec : 0.000
Total Time : 9218.696 	 TPS : 189.840 	 RecvSec : 34.566 	 SendSec : 34531.641 	 SendDropSec : 0.000
Total Time : 9220.144 	 TPS : 233.478 	 RecvSec : 43.518 	 SendSec : 43474.555 	 SendDropSec : 0.000
Total Time : 9221.149 	 TPS : 397.719 	 RecvSec : 69.601 	 SendSec : 69531.169 	 SendDropSec : 0.000
Total Time : 9222.164 	 TPS : 389.166 	 RecvSec : 87.685 	 SendSec : 87597.761 	 SendDropSec : 0.000
Total Time : 9223.165 	 TPS : 450.880 	 RecvSec : 85.977 	 SendSec : 85891.050 	 SendDropSec : 0.000
Total Time : 9224.192 	 TPS : 188.798 	 RecvSec : 38.928 	 SendSec : 38888.577 	 SendDropSec : 0.000
Total Time : 9225.192 	 TPS : 400.886 	 RecvSec : 71.980 	 SendSec : 71907.578 	 SendDropSec : 0.000
Total Time : 9226.251 	 TPS : 187.033 	 RecvSec : 26.449 	 SendSec : 26422.677 	 SendDropSec : 0.000
Total Time : 9227.470 	 TPS : 202.668 	 RecvSec : 45.949 	 SendSec : 45903.003 	 SendDropSec : 0.000
Total Time : 9228.471 	 TPS : 386.518 	 RecvSec : 86.892 	 SendSec : 86804.850 	 SendDropSec : 0.000
Total Time : 9229.528 	 TPS : 210.038 	 RecvSec : 36.899 	 SendSec : 36861.634 	 SendDropSec : 0.000
Total Time : 9230.876 	 TPS : 246.346 	 RecvSec : 46.746 	 SendSec : 46699.548 	 SendDropSec : 0.000
Total Time : 9231.916 	 TPS : 383.616 	 RecvSec : 65.378 	 SendSec : 65312.831 	 SendDropSec : 0.000
Total Time : 9232.945 	 TPS : 273.008 	 RecvSec : 56.350 	 SendSec : 56294.119 	 SendDropSec : 0.000
Total Time : 9234.711 	 TPS : 193.718 	 RecvSec : 35.685 	 SendSec : 35649.264 	 SendDropSec : 0.000
Total Time : 9235.732 	 TPS : 467.058 	 RecvSec : 93.999 	 SendSec : 93905.034 	 SendDropSec : 0.000
Total Time : 9236.801 	 TPS : 246.105 	 RecvSec : 34.623 	 SendSec : 34588.487 	 SendDropSec : 0.000
Total Time : 9237.802 	 TPS : 269.616 	 RecvSec : 56.919 	 SendSec : 56861.932 	 SendDropSec : 0.000
Total Time : 9239.767 	 TPS : 167.945 	 RecvSec : 31.553 	 SendSec : 31521.685 	 SendDropSec : 0.000
Total Time : 9241.105 	 TPS : 261.592 	 RecvSec : 47.087 	 SendSec : 47039.523 	 SendDropSec : 0.000
Total Time : 9242.296 	 TPS : 286.360 	 RecvSec : 52.905 	 SendSec : 52852.309 	 SendDropSec : 0.000
Total Time : 9243.698 	 TPS : 241.031 	 RecvSec : 44.926 	 SendSec : 44881.046 	 SendDropSec : 0.000
Total Time : 9245.086 	 TPS : 242.814 	 RecvSec : 45.393 	 SendSec : 45347.188 	 SendDropSec : 0.000
Total Time : 9246.195 	 TPS : 302.155 	 RecvSec : 56.823 	 SendSec : 56766.330 	 SendDropSec : 0.000
Total Time : 9247.626 	 TPS : 231.977 	 RecvSec : 44.020 	 SendSec : 43975.751 	 SendDropSec : 0.000
Total Time : 9249.464 	 TPS : 182.759 	 RecvSec : 34.267 	 SendSec : 34232.981 	 SendDropSec : 0.000
Total Time : 9251.358 	 TPS : 177.932 	 RecvSec : 33.263 	 SendSec : 33229.946 	 SendDropSec : 0.000
Total Time : 9252.421 	 TPS : 302.948 	 RecvSec : 59.272 	 SendSec : 59213.223 	 SendDropSec : 0.000
Total Time : 9253.443 	 TPS : 473.537 	 RecvSec : 101.752 	 SendSec : 101650.012 	 SendDropSec : 0.000
Total Time : 9254.444 	 TPS : 198.837 	 RecvSec : 30.975 	 SendSec : 30943.586 	 SendDropSec : 0.000
Total Time : 9256.078 	 TPS : 130.973 	 RecvSec : 33.049 	 SendSec : 33016.292 	 SendDropSec : 0.000
Total Time : 9257.084 	 TPS : 364.807 	 RecvSec : 66.600 	 SendSec : 66533.056 	 SendDropSec : 0.000
Total Time : 9258.102 	 TPS : 327.108 	 RecvSec : 62.868 	 SendSec : 62804.662 	 SendDropSec : 0.000
Total Time : 9259.112 	 TPS : 364.314 	 RecvSec : 82.169 	 SendSec : 82086.531 	 SendDropSec : 0.000
Total Time : 9260.478 	 TPS : 157.377 	 RecvSec : 27.815 	 SendSec : 27787.682 	 SendDropSec : 0.000
Total Time : 9261.544 	 TPS : 289.064 	 RecvSec : 59.127 	 SendSec : 59067.611 	 SendDropSec : 0.000
Total Time : 9263.354 	 TPS : 175.098 	 RecvSec : 34.799 	 SendSec : 34763.910 	 SendDropSec : 0.000
Total Time : 9264.605 	 TPS : 279.003 	 RecvSec : 50.364 	 SendSec : 50314.074 	 SendDropSec : 0.000
Total Time : 9265.827 	 TPS : 273.319 	 RecvSec : 51.554 	 SendSec : 51502.709 	 SendDropSec : 0.000
Total Time : 9267.717 	 TPS : 184.639 	 RecvSec : 33.330 	 SendSec : 33296.942 	 SendDropSec : 0.000
Total Time : 9268.725 	 TPS : 410.989 	 RecvSec : 67.505 	 SendSec : 67437.943 	 SendDropSec : 0.000
Total Time : 9269.987 	 TPS : 235.969 	 RecvSec : 45.927 	 SendSec : 45880.873 	 SendDropSec : 0.000
Total Time : 9271.426 	 TPS : 237.724 	 RecvSec : 43.791 	 SendSec : 43747.518 	 SendDropSec : 0.000
Total Time : 9272.480 	 TPS : 349.191 	 RecvSec : 61.678 	 SendSec : 61616.168 	 SendDropSec : 0.000
Total Time : 9274.205 	 TPS : 198.834 	 RecvSec : 35.361 	 SendSec : 35325.740 	 SendDropSec : 0.000
Total Time : 9275.271 	 TPS : 303.105 	 RecvSec : 59.120 	 SendSec : 59060.510 	 SendDropSec : 0.000
Total Time : 9276.555 	 TPS : 252.346 	 RecvSec : 49.067 	 SendSec : 49018.127 	 SendDropSec : 0.000
Total Time : 9277.917 	 TPS : 256.908 	 RecvSec : 46.243 	 SendSec : 46197.251 	 SendDropSec : 0.000
Total Time : 9279.646 	 TPS : 194.343 	 RecvSec : 36.439 	 SendSec : 36402.905 	 SendDropSec : 0.000
Total Time : 9280.987 	 TPS : 237.897 	 RecvSec : 46.983 	 SendSec : 46935.903 	 SendDropSec : 0.000
Total Time : 9282.917 	 TPS : 176.105 	 RecvSec : 32.631 	 SendSec : 32598.594 	 SendDropSec : 0.000
Total Time : 9283.934 	 TPS : 523.246 	 RecvSec : 88.519 	 SendSec : 88430.618 	 SendDropSec : 0.000
Total Time : 9285.332 	 TPS : 159.476 	 RecvSec : 25.745 	 SendSec : 25719.308 	 SendDropSec : 0.000
Total Time : 9286.336 	 TPS : 384.530 	 RecvSec : 64.752 	 SendSec : 64687.634 	 SendDropSec : 0.000
Total Time : 9287.692 	 TPS : 269.294 	 RecvSec : 45.005 	 SendSec : 44960.226 	 SendDropSec : 0.000
Total Time : 9288.693 	 TPS : 357.531 	 RecvSec : 62.917 	 SendSec : 62854.466 	 SendDropSec : 0.000
Total Time : 9289.989 	 TPS : 273.134 	 RecvSec : 48.609 	 SendSec : 48560.065 	 SendDropSec : 0.000
Total Time : 9291.547 	 TPS : 225.281 	 RecvSec : 40.435 	 SendSec : 40394.584 	 SendDropSec : 0.000
Total Time : 9292.656 	 TPS : 302.101 	 RecvSec : 56.813 	 SendSec : 56756.137 	 SendDropSec : 0.000
Total Time : 9294.493 	 TPS : 192.676 	 RecvSec : 34.290 	 SendSec : 34255.498 	 SendDropSec : 0.000
Total Time : 9296.225 	 TPS : 210.243 	 RecvSec : 36.388 	 SendSec : 36351.854 	 SendDropSec : 0.000
Total Time : 9297.398 	 TPS : 308.515 	 RecvSec : 53.692 	 SendSec : 53638.224 	 SendDropSec : 0.000
Total Time : 9298.400 	 TPS : 367.414 	 RecvSec : 62.900 	 SendSec : 62836.813 	 SendDropSec : 0.000
Total Time : 9300.100 	 TPS : 228.760 	 RecvSec : 37.048 	 SendSec : 37011.425 	 SendDropSec : 0.000
Total Time : 9301.101 	 TPS : 549.710 	 RecvSec : 99.947 	 SendSec : 99847.251 	 SendDropSec : 0.000
Total Time : 9302.101 	 TPS : 524.834 	 RecvSec : 82.974 	 SendSec : 82890.848 	 SendDropSec : 0.000
Total Time : 9303.789 	 TPS : 251.234 	 RecvSec : 40.885 	 SendSec : 40843.832 	 SendDropSec : 0.000
Total Time : 9304.933 	 TPS : 353.169 	 RecvSec : 55.073 	 SendSec : 55018.270 	 SendDropSec : 0.000
Total Time : 9305.935 	 TPS : 386.179 	 RecvSec : 63.864 	 SendSec : 63800.284 	 SendDropSec : 0.000
Total Time : 9306.946 	 TPS : 504.501 	 RecvSec : 94.965 	 SendSec : 94869.993 	 SendDropSec : 0.000
Total Time : 9307.952 	 TPS : 491.061 	 RecvSec : 87.477 	 SendSec : 87389.029 	 SendDropSec : 0.000
Total Time : 9308.952 	 TPS : 582.826 	 RecvSec : 108.967 	 SendSec : 108858.451 	 SendDropSec : 0.000
Total Time : 9310.242 	 TPS : 120.908 	 RecvSec : 16.276 	 SendSec : 16259.767 	 SendDropSec : 0.000
Total Time : 9311.879 	 TPS : 246.871 	 RecvSec : 38.497 	 SendSec : 38458.678 	 SendDropSec : 0.000
Total Time : 9313.085 	 TPS : 324.210 	 RecvSec : 52.238 	 SendSec : 52186.121 	 SendDropSec : 0.000
Total Time : 9314.181 	 TPS : 365.748 	 RecvSec : 57.462 	 SendSec : 57404.142 	 SendDropSec : 0.000
Total Time : 9315.618 	 TPS : 275.483 	 RecvSec : 43.827 	 SendSec : 43783.034 	 SendDropSec : 0.000
Total Time : 9316.795 	 TPS : 341.689 	 RecvSec : 53.548 	 SendSec : 53494.749 	 SendDropSec : 0.000
Total Time : 9318.614 	 TPS : 210.577 	 RecvSec : 34.638 	 SendSec : 34603.395 	 SendDropSec : 0.000
Total Time : 9320.450 	 TPS : 203.147 	 RecvSec : 34.312 	 SendSec : 34277.455 	 SendDropSec : 0.000
Total Time : 9321.701 	 TPS : 319.637 	 RecvSec : 50.343 	 SendSec : 50292.444 	 SendDropSec : 0.000
Total Time : 9322.708 	 TPS : 577.101 	 RecvSec : 100.322 	 SendSec : 100221.961 	 SendDropSec : 0.000
Total Time : 9323.832 	 TPS : 397.570 	 RecvSec : 62.259 	 SendSec : 62196.986 	 SendDropSec : 0.000
Total Time : 9324.833 	 TPS : 247.793 	 RecvSec : 24.979 	 SendSec : 24954.181 	 SendDropSec : 0.000
Total Time : 9326.522 	 TPS : 182.393 	 RecvSec : 33.162 	 SendSec : 33129.211 	 SendDropSec : 0.000
Total Time : 9328.222 	 TPS : 238.243 	 RecvSec : 37.060 	 SendSec : 37023.026 	 SendDropSec : 0.000
Total Time : 9329.518 	 TPS : 331.016 	 RecvSec : 48.611 	 SendSec : 48562.167 	 SendDropSec : 0.000
Total Time : 9331.465 	 TPS : 202.364 	 RecvSec : 32.358 	 SendSec : 32325.396 	 SendDropSec : 0.000
Total Time : 9332.474 	 TPS : 530.271 	 RecvSec : 103.081 	 SendSec : 102977.635 	 SendDropSec : 0.000
Total Time : 9333.474 	 TPS : 244.937 	 RecvSec : 27.993 	 SendSec : 27964.833 	 SendDropSec : 0.000
Total Time : 9334.474 	 TPS : 438.897 	 RecvSec : 81.981 	 SendSec : 81898.811 	 SendDropSec : 0.000
Total Time : 9335.853 	 TPS : 166.103 	 RecvSec : 27.563 	 SendSec : 27535.305 	 SendDropSec : 0.000
Total Time : 9336.854 	 TPS : 394.621 	 RecvSec : 63.939 	 SendSec : 63874.680 	 SendDropSec : 0.000
Total Time : 9338.522 	 TPS : 228.329 	 RecvSec : 37.156 	 SendSec : 37118.667 	 SendDropSec : 0.000
Total Time : 9339.743 	 TPS : 354.824 	 RecvSec : 51.626 	 SendSec : 51574.017 	 SendDropSec : 0.000
Total Time : 9341.628 	 TPS : 236.628 	 RecvSec : 33.425 	 SendSec : 33391.629 	 SendDropSec : 0.000
Total Time : 9343.406 	 TPS : 250.750 	 RecvSec : 35.420 	 SendSec : 35384.370 	 SendDropSec : 0.000
Total Time : 9344.737 	 TPS : 327.708 	 RecvSec : 47.352 	 SendSec : 47304.972 	 SendDropSec : 0.000
Total Time : 9345.760 	 TPS : 429.892 	 RecvSec : 61.553 	 SendSec : 61491.182 	 SendDropSec : 0.000
Total Time : 9346.760 	 TPS : 533.940 	 RecvSec : 75.992 	 SendSec : 75915.535 	 SendDropSec : 0.000
Total Time : 9347.844 	 TPS : 287.929 	 RecvSec : 46.142 	 SendSec : 46096.337 	 SendDropSec : 0.000
Total Time : 9348.956 	 TPS : 404.590 	 RecvSec : 56.643 	 SendSec : 56585.931 	 SendDropSec : 0.000
Total Time : 9350.424 	 TPS : 292.327 	 RecvSec : 42.929 	 SendSec : 42886.212 	 SendDropSec : 0.000
Total Time : 9351.424 	 TPS : 560.755 	 RecvSec : 101.955 	 SendSec : 101853.429 	 SendDropSec : 0.000
Total Time : 9352.908 	 TPS : 140.137 	 RecvSec : 16.170 	 SendSec : 16153.467 	 SendDropSec : 0.000
Total Time : 9354.298 	 TPS : 282.837 	 RecvSec : 45.340 	 SendSec : 45294.978 	 SendDropSec : 0.000
Total Time : 9355.318 	 TPS : 388.054 	 RecvSec : 61.736 	 SendSec : 61674.196 	 SendDropSec : 0.000
Total Time : 9357.033 	 TPS : 221.628 	 RecvSec : 36.744 	 SendSec : 36706.859 	 SendDropSec : 0.000
Total Time : 9358.033 	 TPS : 418.775 	 RecvSec : 66.964 	 SendSec : 66897.023 	 SendDropSec : 0.000
Total Time : 9359.709 	 TPS : 188.059 	 RecvSec : 35.224 	 SendSec : 35188.470 	 SendDropSec : 0.000
Total Time : 9360.709 	 TPS : 388.712 	 RecvSec : 63.953 	 SendSec : 63888.710 	 SendDropSec : 0.000
Total Time : 9362.491 	 TPS : 207.638 	 RecvSec : 34.793 	 SendSec : 34758.524 	 SendDropSec : 0.000
Total Time : 9363.510 	 TPS : 347.359 	 RecvSec : 61.818 	 SendSec : 61756.318 	 SendDropSec : 0.000
Total Time : 9364.574 	 TPS : 332.935 	 RecvSec : 59.251 	 SendSec : 59191.932 	 SendDropSec : 0.000
Total Time : 9365.656 	 TPS : 302.950 	 RecvSec : 58.189 	 SendSec : 58130.427 	 SendDropSec : 0.000
Total Time : 9366.697 	 TPS : 375.824 	 RecvSec : 65.361 	 SendSec : 65295.304 	 SendDropSec : 0.000
Total Time : 9367.884 	 TPS : 251.064 	 RecvSec : 48.865 	 SendSec : 48815.922 	 SendDropSec : 0.000
Total Time : 9369.860 	 TPS : 164.467 	 RecvSec : 31.881 	 SendSec : 31849.329 	 SendDropSec : 0.000
Total Time : 9370.865 	 TPS : 340.202 	 RecvSec : 62.669 	 SendSec : 62606.039 	 SendDropSec : 0.000
Total Time : 9372.534 	 TPS : 215.701 	 RecvSec : 37.748 	 SendSec : 37709.863 	 SendDropSec : 0.000
Total Time : 9373.534 	 TPS : 513.742 	 RecvSec : 93.953 	 SendSec : 93858.817 	 SendDropSec : 0.000
Total Time : 9374.867 	 TPS : 159.892 	 RecvSec : 24.021 	 SendSec : 23997.341 	 SendDropSec : 0.000
Total Time : 9375.940 	 TPS : 349.347 	 RecvSec : 58.690 	 SendSec : 58631.594 	 SendDropSec : 0.000
Total Time : 9376.942 	 TPS : 382.316 	 RecvSec : 63.886 	 SendSec : 63821.874 	 SendDropSec : 0.000
Total Time : 9378.388 	 TPS : 294.502 	 RecvSec : 42.862 	 SendSec : 42818.985 	 SendDropSec : 0.000
Total Time : 9379.389 	 TPS : 453.870 	 RecvSec : 72.979 	 SendSec : 72906.142 	 SendDropSec : 0.000
Total Time : 9380.418 	 TPS : 478.958 	 RecvSec : 97.152 	 SendSec : 97054.564 	 SendDropSec : 0.000
Total Time : 9381.571 	 TPS : 68.505 	 RecvSec : 13.874 	 SendSec : 13860.587 	 SendDropSec : 0.000
Total Time : 9382.732 	 TPS : 293.657 	 RecvSec : 54.253 	 SendSec : 54199.135 	 SendDropSec : 0.000
Total Time : 9383.739 	 TPS : 446.823 	 RecvSec : 88.372 	 SendSec : 88283.218 	 SendDropSec : 0.000
Total Time : 9384.803 	 TPS : 255.732 	 RecvSec : 39.488 	 SendSec : 39448.548 	 SendDropSec : 0.000
Total Time : 9385.824 	 TPS : 426.926 	 RecvSec : 82.252 	 SendSec : 82169.544 	 SendDropSec : 0.000
Total Time : 9386.903 	 TPS : 189.136 	 RecvSec : 34.304 	 SendSec : 34269.722 	 SendDropSec : 0.000
Total Time : 9388.409 	 TPS : 239.004 	 RecvSec : 41.826 	 SendSec : 41783.914 	 SendDropSec : 0.000
Total Time : 9390.113 	 TPS : 201.364 	 RecvSec : 36.985 	 SendSec : 36948.324 	 SendDropSec : 0.000
Total Time : 9391.121 	 TPS : 439.168 	 RecvSec : 70.386 	 SendSec : 70315.455 	 SendDropSec : 0.000
Total Time : 9392.151 	 TPS : 534.220 	 RecvSec : 99.073 	 SendSec : 98974.386 	 SendDropSec : 0.000
Total Time : 9393.151 	 TPS : 105.949 	 RecvSec : 18.991 	 SendSec : 18971.939 	 SendDropSec : 0.000
Total Time : 9394.152 	 TPS : 404.796 	 RecvSec : 68.965 	 SendSec : 68896.338 	 SendDropSec : 0.000
Total Time : 9395.415 	 TPS : 204.956 	 RecvSec : 42.732 	 SendSec : 42689.365 	 SendDropSec : 0.000
Total Time : 9397.004 	 TPS : 220.908 	 RecvSec : 39.021 	 SendSec : 38981.811 	 SendDropSec : 0.000
Total Time : 9398.010 	 TPS : 404.752 	 RecvSec : 70.608 	 SendSec : 70537.215 	 SendDropSec : 0.000
Total Time : 9399.020 	 TPS : 392.064 	 RecvSec : 81.185 	 SendSec : 81103.735 	 SendDropSec : 0.000
Total Time : 9400.021 	 TPS : 431.578 	 RecvSec : 87.914 	 SendSec : 87826.045 	 SendDropSec : 0.000
Total Time : 9401.070 	 TPS : 93.376 	 RecvSec : 16.198 	 SendSec : 16181.706 	 SendDropSec : 0.000
Total Time : 9402.071 	 TPS : 463.815 	 RecvSec : 101.959 	 SendSec : 101857.267 	 SendDropSec : 0.000
Total Time : 9403.102 	 TPS : 308.509 	 RecvSec : 63.060 	 SendSec : 62996.937 	 SendDropSec : 0.000
Total Time : 9404.258 	 TPS : 65.732 	 RecvSec : 14.703 	 SendSec : 14688.592 	 SendDropSec : 0.000
Total Time : 9405.754 	 TPS : 214.479 	 RecvSec : 42.094 	 SendSec : 42051.967 	 SendDropSec : 0.000
Total Time : 9407.252 	 TPS : 216.987 	 RecvSec : 42.062 	 SendSec : 42019.954 	 SendDropSec : 0.000
Total Time : 9408.440 	 TPS : 265.177 	 RecvSec : 53.035 	 SendSec : 52982.308 	 SendDropSec : 0.000
Total Time : 9409.446 	 TPS : 344.036 	 RecvSec : 64.631 	 SendSec : 64566.320 	 SendDropSec : 0.000
Total Time : 9410.558 	 TPS : 322.889 	 RecvSec : 59.361 	 SendSec : 59301.794 	 SendDropSec : 0.000
Total Time : 9412.236 	 TPS : 166.238 	 RecvSec : 34.558 	 SendSec : 34523.785 	 SendDropSec : 0.000
Total Time : 9413.340 	 TPS : 316.904 	 RecvSec : 57.043 	 SendSec : 56985.647 	 SendDropSec : 0.000
Total Time : 9414.362 	 TPS : 361.122 	 RecvSec : 66.548 	 SendSec : 66481.624 	 SendDropSec : 0.000
Total Time : 9415.363 	 TPS : 518.764 	 RecvSec : 103.953 	 SendSec : 103848.821 	 SendDropSec : 0.000
Total Time : 9416.382 	 TPS : 198.185 	 RecvSec : 21.584 	 SendSec : 21562.912 	 SendDropSec : 0.000
Total Time : 9418.183 	 TPS : 198.769 	 RecvSec : 32.203 	 SendSec : 32170.617 	 SendDropSec : 0.000
Total Time : 9419.914 	 TPS : 259.358 	 RecvSec : 36.391 	 SendSec : 36354.583 	 SendDropSec : 0.000
Total Time : 9420.949 	 TPS : 435.056 	 RecvSec : 65.742 	 SendSec : 65676.022 	 SendDropSec : 0.000
Total Time : 9421.950 	 TPS : 555.039 	 RecvSec : 102.822 	 SendSec : 102719.173 	 SendDropSec : 0.000
Total Time : 9422.953 	 TPS : 172.621 	 RecvSec : 18.958 	 SendSec : 18939.460 	 SendDropSec : 0.000
Total Time : 9424.753 	 TPS : 223.799 	 RecvSec : 34.431 	 SendSec : 34396.140 	 SendDropSec : 0.000
Total Time : 9426.283 	 TPS : 275.262 	 RecvSec : 41.191 	 SendSec : 41149.963 	 SendDropSec : 0.000
Total Time : 9428.167 	 TPS : 226.036 	 RecvSec : 33.428 	 SendSec : 33394.457 	 SendDropSec : 0.000
Total Time : 9429.176 	 TPS : 421.424 	 RecvSec : 60.487 	 SendSec : 60426.307 	 SendDropSec : 0.000
Total Time : 9430.273 	 TPS : 72.893 	 RecvSec : 6.378 	 SendSec : 6371.764 	 SendDropSec : 0.000
Total Time : 9431.274 	 TPS : 390.632 	 RecvSec : 65.938 	 SendSec : 65872.021 	 SendDropSec : 0.000
Total Time : 9432.693 	 TPS : 220.690 	 RecvSec : 38.779 	 SendSec : 38740.554 	 SendDropSec : 0.000
Total Time : 9433.693 	 TPS : 483.859 	 RecvSec : 70.979 	 SendSec : 70908.344 	 SendDropSec : 0.000
Total Time : 9434.694 	 TPS : 351.559 	 RecvSec : 60.924 	 SendSec : 60862.654 	 SendDropSec : 0.000
Total Time : 9436.045 	 TPS : 227.197 	 RecvSec : 42.183 	 SendSec : 42140.921 	 SendDropSec : 0.000
Total Time : 9437.046 	 TPS : 389.754 	 RecvSec : 64.959 	 SendSec : 64894.032 	 SendDropSec : 0.000
Total Time : 9438.062 	 TPS : 375.087 	 RecvSec : 67.929 	 SendSec : 67861.169 	 SendDropSec : 0.000
Total Time : 9439.213 	 TPS : 232.887 	 RecvSec : 47.794 	 SendSec : 47746.122 	 SendDropSec : 0.000
Total Time : 9440.213 	 TPS : 304.920 	 RecvSec : 49.987 	 SendSec : 49936.892 	 SendDropSec : 0.000
Total Time : 9441.213 	 TPS : 220.990 	 RecvSec : 44.998 	 SendSec : 44952.968 	 SendDropSec : 0.000
Total Time : 9442.332 	 TPS : 162.628 	 RecvSec : 27.700 	 SendSec : 27672.754 	 SendDropSec : 0.000
Total Time : 9443.338 	 TPS : 298.191 	 RecvSec : 48.705 	 SendSec : 48655.907 	 SendDropSec : 0.000
Total Time : 9444.342 	 TPS : 398.498 	 RecvSec : 71.730 	 SendSec : 71657.828 	 SendDropSec : 0.000
Total Time : 9445.358 	 TPS : 339.668 	 RecvSec : 71.872 	 SendSec : 71800.006 	 SendDropSec : 0.000
Total Time : 9446.358 	 TPS : 520.868 	 RecvSec : 103.974 	 SendSec : 103869.762 	 SendDropSec : 0.000
Total Time : 9447.447 	 TPS : 74.383 	 RecvSec : 15.611 	 SendSec : 15595.736 	 SendDropSec : 0.000
Total Time : 9448.464 	 TPS : 283.061 	 RecvSec : 48.160 	 SendSec : 48111.488 	 SendDropSec : 0.000
Total Time : 9449.504 	 TPS : 145.276 	 RecvSec : 24.052 	 SendSec : 24028.216 	 SendDropSec : 0.000
Total Time : 9450.568 	 TPS : 199.117 	 RecvSec : 48.840 	 SendSec : 48791.062 	 SendDropSec : 0.000
Total Time : 9451.594 	 TPS : 278.911 	 RecvSec : 47.785 	 SendSec : 47737.666 	 SendDropSec : 0.000
Total Time : 9452.594 	 TPS : 178.860 	 RecvSec : 44.965 	 SendSec : 44919.716 	 SendDropSec : 0.000
Total Time : 9453.606 	 TPS : 420.046 	 RecvSec : 76.102 	 SendSec : 76026.383 	 SendDropSec : 0.000
Total Time : 9454.607 	 TPS : 389.784 	 RecvSec : 67.962 	 SendSec : 67894.298 	 SendDropSec : 0.000
Total Time : 9455.607 	 TPS : 419.946 	 RecvSec : 79.990 	 SendSec : 79909.748 	 SendDropSec : 0.000
Total Time : 9457.060 	 TPS : 206.513 	 RecvSec : 40.614 	 SendSec : 40573.605 	 SendDropSec : 0.000
Total Time : 9458.067 	 TPS : 393.993 	 RecvSec : 59.545 	 SendSec : 59485.932 	 SendDropSec : 0.000
Total Time : 9459.067 	 TPS : 278.938 	 RecvSec : 65.985 	 SendSec : 65919.340 	 SendDropSec : 0.000
Total Time : 9460.076 	 TPS : 303.299 	 RecvSec : 48.567 	 SendSec : 48518.872 	 SendDropSec : 0.000
Total Time : 9461.252 	 TPS : 291.029 	 RecvSec : 51.909 	 SendSec : 51856.822 	 SendDropSec : 0.000
Total Time : 9462.383 	 TPS : 101.606 	 RecvSec : 18.554 	 SendSec : 18535.597 	 SendDropSec : 0.000
Total Time : 9464.051 	 TPS : 161.875 	 RecvSec : 34.773 	 SendSec : 34738.364 	 SendDropSec : 0.000
Total Time : 9465.052 	 TPS : 323.848 	 RecvSec : 49.977 	 SendSec : 49926.594 	 SendDropSec : 0.000
Total Time : 9466.053 	 TPS : 381.716 	 RecvSec : 72.946 	 SendSec : 72872.870 	 SendDropSec : 0.000
Total Time : 9467.495 	 TPS : 208.711 	 RecvSec : 45.764 	 SendSec : 45718.063 	 SendDropSec : 0.000
Total Time : 9468.516 	 TPS : 299.478 	 RecvSec : 47.956 	 SendSec : 47907.686 	 SendDropSec : 0.000
Total Time : 9469.630 	 TPS : 106.016 	 RecvSec : 17.070 	 SendSec : 17053.334 	 SendDropSec : 0.000
Total Time : 9471.175 	 TPS : 199.958 	 RecvSec : 37.533 	 SendSec : 37495.025 	 SendDropSec : 0.000
Total Time : 9472.199 	 TPS : 348.731 	 RecvSec : 52.749 	 SendSec : 52696.415 	 SendDropSec : 0.000
Total Time : 9473.230 	 TPS : 365.598 	 RecvSec : 69.822 	 SendSec : 69752.632 	 SendDropSec : 0.000
Total Time : 9474.264 	 TPS : 295.755 	 RecvSec : 47.360 	 SendSec : 47312.150 	 SendDropSec : 0.000
Total Time : 9475.265 	 TPS : 225.866 	 RecvSec : 44.973 	 SendSec : 44928.259 	 SendDropSec : 0.000
Total Time : 9476.269 	 TPS : 406.238 	 RecvSec : 68.702 	 SendSec : 68633.289 	 SendDropSec : 0.000
Total Time : 9477.560 	 TPS : 137.093 	 RecvSec : 20.138 	 SendSec : 20117.879 	 SendDropSec : 0.000
Total Time : 9478.585 	 TPS : 307.444 	 RecvSec : 47.825 	 SendSec : 47776.818 	 SendDropSec : 0.000
Total Time : 9479.772 	 TPS : 111.192 	 RecvSec : 16.005 	 SendSec : 15988.890 	 SendDropSec : 0.000
Total Time : 9480.780 	 TPS : 436.755 	 RecvSec : 68.491 	 SendSec : 68422.600 	 SendDropSec : 0.000
Total Time : 9481.780 	 TPS : 419.790 	 RecvSec : 77.961 	 SendSec : 77882.973 	 SendDropSec : 0.000
Total Time : 9482.974 	 TPS : 236.261 	 RecvSec : 30.999 	 SendSec : 30967.762 	 SendDropSec : 0.000
Total Time : 9483.992 	 TPS : 329.788 	 RecvSec : 48.094 	 SendSec : 48045.925 	 SendDropSec : 0.000
Total Time : 9485.005 	 TPS : 287.491 	 RecvSec : 50.385 	 SendSec : 50334.571 	 SendDropSec : 0.000
Total Time : 9486.019 	 TPS : 318.503 	 RecvSec : 52.262 	 SendSec : 52209.813 	 SendDropSec : 0.000
Total Time : 9487.035 	 TPS : 337.435 	 RecvSec : 40.335 	 SendSec : 40294.519 	 SendDropSec : 0.000
Total Time : 9488.317 	 TPS : 276.298 	 RecvSec : 45.269 	 SendSec : 45223.850 	 SendDropSec : 0.000
Total Time : 9489.338 	 TPS : 340.581 	 RecvSec : 47.955 	 SendSec : 47907.456 	 SendDropSec : 0.000
Total Time : 9490.341 	 TPS : 262.240 	 RecvSec : 42.876 	 SendSec : 42832.815 	 SendDropSec : 0.000
Total Time : 9491.531 	 TPS : 207.655 	 RecvSec : 28.584 	 SendSec : 28555.479 	 SendDropSec : 0.000
Total Time : 9492.542 	 TPS : 405.399 	 RecvSec : 56.360 	 SendSec : 56304.045 	 SendDropSec : 0.000
Total Time : 9493.759 	 TPS : 273.632 	 RecvSec : 56.699 	 SendSec : 56641.909 	 SendDropSec : 0.000
Total Time : 9494.765 	 TPS : 443.383 	 RecvSec : 75.554 	 SendSec : 75478.421 	 SendDropSec : 0.000
Total Time : 9495.832 	 TPS : 542.430 	 RecvSec : 89.937 	 SendSec : 89846.706 	 SendDropSec : 0.000
Total Time : 9496.837 	 TPS : 371.312 	 RecvSec : 60.724 	 SendSec : 60663.177 	 SendDropSec : 0.000
Total Time : 9498.211 	 TPS : 98.215 	 RecvSec : 13.823 	 SendSec : 13809.070 	 SendDropSec : 0.000
Total Time : 9499.213 	 TPS : 325.482 	 RecvSec : 47.924 	 SendSec : 47875.830 	 SendDropSec : 0.000
Total Time : 9500.236 	 TPS : 341.096 	 RecvSec : 60.596 	 SendSec : 60535.288 	 SendDropSec : 0.000
Total Time : 9501.237 	 TPS : 189.909 	 RecvSec : 25.988 	 SendSec : 25961.619 	 SendDropSec : 0.000
Total Time : 9502.238 	 TPS : 515.479 	 RecvSec : 90.908 	 SendSec : 90817.175 	 SendDropSec : 0.000
Total Time : 9503.239 	 TPS : 444.432 	 RecvSec : 70.909 	 SendSec : 70838.433 	 SendDropSec : 0.000
Total Time : 9504.243 	 TPS : 173.309 	 RecvSec : 23.905 	 SendSec : 23880.773 	 SendDropSec : 0.000
Total Time : 9505.636 	 TPS : 189.506 	 RecvSec : 40.198 	 SendSec : 40158.034 	 SendDropSec : 0.000
Total Time : 9506.636 	 TPS : 401.827 	 RecvSec : 58.975 	 SendSec : 58915.613 	 SendDropSec : 0.000
Total Time : 9507.637 	 TPS : 282.822 	 RecvSec : 66.958 	 SendSec : 66890.966 	 SendDropSec : 0.000
Total Time : 9508.651 	 TPS : 282.057 	 RecvSec : 47.338 	 SendSec : 47290.855 	 SendDropSec : 0.000
Total Time : 9509.755 	 TPS : 97.822 	 RecvSec : 18.115 	 SendSec : 18097.020 	 SendDropSec : 0.000
Total Time : 9510.755 	 TPS : 300.922 	 RecvSec : 61.984 	 SendSec : 61921.999 	 SendDropSec : 0.000
Total Time : 9511.954 	 TPS : 221.946 	 RecvSec : 46.726 	 SendSec : 46678.804 	 SendDropSec : 0.000
Total Time : 9512.991 	 TPS : 270.951 	 RecvSec : 50.140 	 SendSec : 50090.282 	 SendDropSec : 0.000
Total Time : 9513.992 	 TPS : 76.948 	 RecvSec : 15.989 	 SendSec : 15973.183 	 SendDropSec : 0.000
Total Time : 9514.992 	 TPS : 265.824 	 RecvSec : 50.966 	 SendSec : 50915.381 	 SendDropSec : 0.000
Total Time : 9515.993 	 TPS : 329.921 	 RecvSec : 54.987 	 SendSec : 54931.860 	 SendDropSec : 0.000
Total Time : 9517.176 	 TPS : 137.688 	 RecvSec : 19.428 	 SendSec : 19408.943 	 SendDropSec : 0.000
Total Time : 9518.177 	 TPS : 471.899 	 RecvSec : 83.982 	 SendSec : 83898.088 	 SendDropSec : 0.000
Total Time : 9519.216 	 TPS : 380.138 	 RecvSec : 64.479 	 SendSec : 64414.682 	 SendDropSec : 0.000
Total Time : 9520.526 	 TPS : 126.646 	 RecvSec : 25.177 	 SendSec : 25151.430 	 SendDropSec : 0.000
Total Time : 9521.528 	 TPS : 323.576 	 RecvSec : 52.931 	 SendSec : 52877.667 	 SendDropSec : 0.000
Total Time : 9522.528 	 TPS : 361.901 	 RecvSec : 77.979 	 SendSec : 77900.718 	 SendDropSec : 0.000
Total Time : 9523.666 	 TPS : 304.838 	 RecvSec : 55.345 	 SendSec : 55289.923 	 SendDropSec : 0.000
Total Time : 9524.685 	 TPS : 393.453 	 RecvSec : 64.758 	 SendSec : 64693.147 	 SendDropSec : 0.000
Total Time : 9525.720 	 TPS : 299.792 	 RecvSec : 58.024 	 SendSec : 57966.266 	 SendDropSec : 0.000
Total Time : 9526.754 	 TPS : 458.110 	 RecvSec : 100.513 	 SendSec : 100412.985 	 SendDropSec : 0.000
Total Time : 9527.865 	 TPS : 134.161 	 RecvSec : 19.809 	 SendSec : 19789.251 	 SendDropSec : 0.000
Total Time : 9529.346 	 TPS : 211.993 	 RecvSec : 39.158 	 SendSec : 39118.816 	 SendDropSec : 0.000
Total Time : 9530.384 	 TPS : 349.651 	 RecvSec : 52.014 	 SendSec : 51962.178 	 SendDropSec : 0.000
Total Time : 9531.405 	 TPS : 375.092 	 RecvSec : 73.452 	 SendSec : 73378.058 	 SendDropSec : 0.000
Total Time : 9532.406 	 TPS : 303.714 	 RecvSec : 55.947 	 SendSec : 55891.401 	 SendDropSec : 0.000
Total Time : 9533.424 	 TPS : 118.893 	 RecvSec : 11.791 	 SendSec : 11779.299 	 SendDropSec : 0.000
Total Time : 9534.424 	 TPS : 237.927 	 RecvSec : 54.983 	 SendSec : 54928.115 	 SendDropSec : 0.000
Total Time : 9535.446 	 TPS : 325.879 	 RecvSec : 52.845 	 SendSec : 52792.376 	 SendDropSec : 0.000
Total Time : 9536.523 	 TPS : 465.342 	 RecvSec : 108.673 	 SendSec : 108564.102 	 SendDropSec : 0.000
Total Time : 9537.845 	 TPS : 80.134 	 RecvSec : 13.608 	 SendSec : 13593.988 	 SendDropSec : 0.000
Total Time : 9538.846 	 TPS : 279.950 	 RecvSec : 50.991 	 SendSec : 50939.923 	 SendDropSec : 0.000
Total Time : 9539.857 	 TPS : 304.487 	 RecvSec : 60.304 	 SendSec : 60244.031 	 SendDropSec : 0.000
Total Time : 9540.876 	 TPS : 71.672 	 RecvSec : 16.691 	 SendSec : 16674.122 	 SendDropSec : 0.000
Total Time : 9541.881 	 TPS : 291.437 	 RecvSec : 55.701 	 SendSec : 55645.600 	 SendDropSec : 0.000
Total Time : 9542.899 	 TPS : 301.617 	 RecvSec : 62.878 	 SendSec : 62814.837 	 SendDropSec : 0.000
Total Time : 9543.926 	 TPS : 359.227 	 RecvSec : 56.464 	 SendSec : 56407.441 	 SendDropSec : 0.000
Total Time : 9544.973 	 TPS : 484.182 	 RecvSec : 117.464 	 SendSec : 117346.865 	 SendDropSec : 0.000
Total Time : 9546.011 	 TPS : 323.811 	 RecvSec : 71.316 	 SendSec : 71244.280 	 SendDropSec : 0.000
Total Time : 9547.011 	 TPS : 281.883 	 RecvSec : 47.980 	 SendSec : 47932.156 	 SendDropSec : 0.000
Total Time : 9548.011 	 TPS : 353.981 	 RecvSec : 63.997 	 SendSec : 63932.522 	 SendDropSec : 0.000
Total Time : 9549.030 	 TPS : 353.377 	 RecvSec : 61.841 	 SendSec : 61779.190 	 SendDropSec : 0.000
Total Time : 9550.031 	 TPS : 371.786 	 RecvSec : 62.964 	 SendSec : 62900.845 	 SendDropSec : 0.000
Total Time : 9551.031 	 TPS : 425.700 	 RecvSec : 66.953 	 SendSec : 66885.839 	 SendDropSec : 0.000
Total Time : 9552.032 	 TPS : 399.797 	 RecvSec : 68.965 	 SendSec : 68895.939 	 SendDropSec : 0.000
Total Time : 9553.032 	 TPS : 169.911 	 RecvSec : 30.984 	 SendSec : 30952.846 	 SendDropSec : 0.000
Total Time : 9554.175 	 TPS : 222.394 	 RecvSec : 31.520 	 SendSec : 31488.821 	 SendDropSec : 0.000
Total Time : 9555.182 	 TPS : 323.611 	 RecvSec : 46.656 	 SendSec : 46608.988 	 SendDropSec : 0.000
Total Time : 9556.417 	 TPS : 336.884 	 RecvSec : 51.019 	 SendSec : 50967.489 	 SendDropSec : 0.000
Total Time : 9557.417 	 TPS : 374.984 	 RecvSec : 61.997 	 SendSec : 61935.337 	 SendDropSec : 0.000
Total Time : 9558.593 	 TPS : 313.857 	 RecvSec : 54.436 	 SendSec : 54381.446 	 SendDropSec : 0.000
Total Time : 9559.646 	 TPS : 131.024 	 RecvSec : 19.938 	 SendSec : 19918.499 	 SendDropSec : 0.000
Total Time : 9560.767 	 TPS : 338.789 	 RecvSec : 56.168 	 SendSec : 56111.417 	 SendDropSec : 0.000
Total Time : 9561.770 	 TPS : 468.918 	 RecvSec : 103.761 	 SendSec : 103656.740 	 SendDropSec : 0.000
Total Time : 9562.793 	 TPS : 179.727 	 RecvSec : 24.419 	 SendSec : 24395.009 	 SendDropSec : 0.000
Total Time : 9563.940 	 TPS : 226.759 	 RecvSec : 47.968 	 SendSec : 47920.334 	 SendDropSec : 0.000
Total Time : 9564.946 	 TPS : 309.268 	 RecvSec : 51.710 	 SendSec : 51658.619 	 SendDropSec : 0.000
Total Time : 9566.147 	 TPS : 347.903 	 RecvSec : 61.590 	 SendSec : 61528.873 	 SendDropSec : 0.000
Total Time : 9567.165 	 TPS : 320.324 	 RecvSec : 46.182 	 SendSec : 46135.529 	 SendDropSec : 0.000
Total Time : 9568.247 	 TPS : 131.219 	 RecvSec : 19.406 	 SendSec : 19386.194 	 SendDropSec : 0.000
Total Time : 9569.247 	 TPS : 402.871 	 RecvSec : 63.979 	 SendSec : 63915.490 	 SendDropSec : 0.000
Total Time : 9570.366 	 TPS : 344.048 	 RecvSec : 55.405 	 SendSec : 55349.802 	 SendDropSec : 0.000
Total Time : 9571.367 	 TPS : 375.785 	 RecvSec : 60.965 	 SendSec : 60904.187 	 SendDropSec : 0.000
Total Time : 9572.367 	 TPS : 321.835 	 RecvSec : 53.972 	 SendSec : 53918.313 	 SendDropSec : 0.000
Total Time : 9573.492 	 TPS : 493.659 	 RecvSec : 107.627 	 SendSec : 107518.896 	 SendDropSec : 0.000
Total Time : 9575.162 	 TPS : 232.308 	 RecvSec : 44.306 	 SendSec : 44261.921 	 SendDropSec : 0.000
Total Time : 9576.212 	 TPS : 295.249 	 RecvSec : 44.764 	 SendSec : 44718.795 	 SendDropSec : 0.000
Total Time : 9577.213 	 TPS : 329.752 	 RecvSec : 56.957 	 SendSec : 56900.171 	 SendDropSec : 0.000
Total Time : 9578.394 	 TPS : 357.092 	 RecvSec : 58.387 	 SendSec : 58328.648 	 SendDropSec : 0.000
Total Time : 9579.626 	 TPS : 325.672 	 RecvSec : 51.165 	 SendSec : 51114.299 	 SendDropSec : 0.000
Total Time : 9580.626 	 TPS : 228.964 	 RecvSec : 30.995 	 SendSec : 30964.142 	 SendDropSec : 0.000
Total Time : 9581.709 	 TPS : 247.341 	 RecvSec : 44.300 	 SendSec : 44255.494 	 SendDropSec : 0.000
Total Time : 9582.759 	 TPS : 303.896 	 RecvSec : 44.775 	 SendSec : 44729.914 	 SendDropSec : 0.000
Total Time : 9583.885 	 TPS : 133.173 	 RecvSec : 18.644 	 SendSec : 18625.613 	 SendDropSec : 0.000
Total Time : 9584.979 	 TPS : 345.507 	 RecvSec : 57.584 	 SendSec : 57526.868 	 SendDropSec : 0.000
Total Time : 9585.980 	 TPS : 344.839 	 RecvSec : 62.971 	 SendSec : 62907.679 	 SendDropSec : 0.000
Total Time : 9587.019 	 TPS : 318.521 	 RecvSec : 55.813 	 SendSec : 55757.590 	 SendDropSec : 0.000
Total Time : 9588.068 	 TPS : 265.088 	 RecvSec : 44.817 	 SendSec : 44772.247 	 SendDropSec : 0.000
Total Time : 9589.090 	 TPS : 310.216 	 RecvSec : 59.695 	 SendSec : 59634.939 	 SendDropSec : 0.000
Total Time : 9590.211 	 TPS : 147.978 	 RecvSec : 20.503 	 SendSec : 20482.443 	 SendDropSec : 0.000
Total Time : 9591.384 	 TPS : 251.558 	 RecvSec : 48.606 	 SendSec : 48557.519 	 SendDropSec : 0.000
Total Time : 9592.435 	 TPS : 278.835 	 RecvSec : 44.728 	 SendSec : 44683.018 	 SendDropSec : 0.000
Total Time : 9593.435 	 TPS : 268.963 	 RecvSec : 46.993 	 SendSec : 46946.484 	 SendDropSec : 0.000
Total Time : 9594.492 	 TPS : 241.181 	 RecvSec : 35.941 	 SendSec : 35904.758 	 SendDropSec : 0.000
Total Time : 9595.734 	 TPS : 260.965 	 RecvSec : 46.716 	 SendSec : 46669.162 	 SendDropSec : 0.000
Total Time : 9596.779 	 TPS : 292.945 	 RecvSec : 44.995 	 SendSec : 44949.803 	 SendDropSec : 0.000
Total Time : 9597.933 	 TPS : 117.809 	 RecvSec : 18.191 	 SendSec : 18172.828 	 SendDropSec : 0.000
Total Time : 9599.040 	 TPS : 296.194 	 RecvSec : 52.376 	 SendSec : 52323.408 	 SendDropSec : 0.000
Total Time : 9600.086 	 TPS : 294.515 	 RecvSec : 44.942 	 SendSec : 44897.271 	 SendDropSec : 0.000
Total Time : 9601.112 	 TPS : 246.644 	 RecvSec : 44.844 	 SendSec : 44799.455 	 SendDropSec : 0.000
Total Time : 9602.124 	 TPS : 496.205 	 RecvSec : 78.088 	 SendSec : 78009.984 	 SendDropSec : 0.000
Total Time : 9603.133 	 TPS : 269.493 	 RecvSec : 36.659 	 SendSec : 36622.346 	 SendDropSec : 0.000
Total Time : 9604.481 	 TPS : 157.946 	 RecvSec : 31.886 	 SendSec : 31853.867 	 SendDropSec : 0.000
Total Time : 9605.528 	 TPS : 283.851 	 RecvSec : 44.919 	 SendSec : 44874.237 	 SendDropSec : 0.000
Total Time : 9606.663 	 TPS : 337.291 	 RecvSec : 55.481 	 SendSec : 55425.732 	 SendDropSec : 0.000
Total Time : 9607.663 	 TPS : 147.984 	 RecvSec : 20.998 	 SendSec : 20976.739 	 SendDropSec : 0.000
Total Time : 9608.828 	 TPS : 279.849 	 RecvSec : 49.789 	 SendSec : 49739.350 	 SendDropSec : 0.000
Total Time : 9609.876 	 TPS : 313.973 	 RecvSec : 47.716 	 SendSec : 47668.563 	 SendDropSec : 0.000
Total Time : 9610.894 	 TPS : 379.392 	 RecvSec : 62.904 	 SendSec : 62841.496 	 SendDropSec : 0.000
Total Time : 9612.079 	 TPS : 322.288 	 RecvSec : 49.777 	 SendSec : 49727.637 	 SendDropSec : 0.000
Total Time : 9613.090 	 TPS : 243.285 	 RecvSec : 35.603 	 SendSec : 35567.138 	 SendDropSec : 0.000
Total Time : 9614.536 	 TPS : 151.405 	 RecvSec : 29.728 	 SendSec : 29698.190 	 SendDropSec : 0.000
Total Time : 9615.580 	 TPS : 351.639 	 RecvSec : 49.824 	 SendSec : 49773.682 	 SendDropSec : 0.000
Total Time : 9616.580 	 TPS : 488.975 	 RecvSec : 78.996 	 SendSec : 78917.007 	 SendDropSec : 0.000
Total Time : 9618.241 	 TPS : 202.870 	 RecvSec : 34.915 	 SendSec : 34880.426 	 SendDropSec : 0.000
Total Time : 9619.252 	 TPS : 318.601 	 RecvSec : 49.472 	 SendSec : 49422.753 	 SendDropSec : 0.000
Total Time : 9620.269 	 TPS : 385.321 	 RecvSec : 62.910 	 SendSec : 62846.611 	 SendDropSec : 0.000
Total Time : 9621.381 	 TPS : 114.258 	 RecvSec : 15.294 	 SendSec : 15279.033 	 SendDropSec : 0.000
Total Time : 9622.407 	 TPS : 430.668 	 RecvSec : 64.308 	 SendSec : 64243.622 	 SendDropSec : 0.000
Total Time : 9623.436 	 TPS : 338.248 	 RecvSec : 58.319 	 SendSec : 58260.320 	 SendDropSec : 0.000
Total Time : 9624.437 	 TPS : 441.763 	 RecvSec : 68.963 	 SendSec : 68894.066 	 SendDropSec : 0.000
Total Time : 9625.475 	 TPS : 347.679 	 RecvSec : 54.897 	 SendSec : 54841.712 	 SendDropSec : 0.000
Total Time : 9626.551 	 TPS : 315.133 	 RecvSec : 53.917 	 SendSec : 53862.588 	 SendDropSec : 0.000
Total Time : 9627.593 	 TPS : 298.430 	 RecvSec : 45.100 	 SendSec : 45055.216 	 SendDropSec : 0.000
Total Time : 9628.594 	 TPS : 357.713 	 RecvSec : 60.951 	 SendSec : 60890.093 	 SendDropSec : 0.000
Total Time : 9629.594 	 TPS : 339.865 	 RecvSec : 60.976 	 SendSec : 60914.762 	 SendDropSec : 0.000
Total Time : 9630.596 	 TPS : 154.643 	 RecvSec : 19.954 	 SendSec : 19933.947 	 SendDropSec : 0.000
Total Time : 9631.638 	 TPS : 295.577 	 RecvSec : 45.104 	 SendSec : 45059.202 	 SendDropSec : 0.000
Total Time : 9632.639 	 TPS : 120.881 	 RecvSec : 18.981 	 SendSec : 18962.411 	 SendDropSec : 0.000
Total Time : 9633.645 	 TPS : 382.804 	 RecvSec : 52.698 	 SendSec : 52644.981 	 SendDropSec : 0.000
Total Time : 9634.649 	 TPS : 454.254 	 RecvSec : 72.721 	 SendSec : 72647.786 	 SendDropSec : 0.000
Total Time : 9636.002 	 TPS : 258.004 	 RecvSec : 44.356 	 SendSec : 44311.593 	 SendDropSec : 0.000
Total Time : 9637.045 	 TPS : 293.282 	 RecvSec : 45.047 	 SendSec : 45001.544 	 SendDropSec : 0.000
Total Time : 9638.074 	 TPS : 119.523 	 RecvSec : 18.463 	 SendSec : 18444.368 	 SendDropSec : 0.000
Total Time : 9639.090 	 TPS : 427.964 	 RecvSec : 60.997 	 SendSec : 60936.215 	 SendDropSec : 0.000
Total Time : 9640.092 	 TPS : 290.662 	 RecvSec : 61.928 	 SendSec : 61866.037 	 SendDropSec : 0.000
Total Time : 9641.129 	 TPS : 308.577 	 RecvSec : 44.358 	 SendSec : 44313.586 	 SendDropSec : 0.000
Total Time : 9642.159 	 TPS : 140.673 	 RecvSec : 20.373 	 SendSec : 20352.908 	 SendDropSec : 0.000
Total Time : 9643.779 	 TPS : 211.186 	 RecvSec : 35.815 	 SendSec : 35779.282 	 SendDropSec : 0.000
Total Time : 9644.819 	 TPS : 301.751 	 RecvSec : 45.167 	 SendSec : 45121.379 	 SendDropSec : 0.000
Total Time : 9645.820 	 TPS : 372.772 	 RecvSec : 59.963 	 SendSec : 59903.393 	 SendDropSec : 0.000
Total Time : 9646.971 	 TPS : 345.657 	 RecvSec : 57.320 	 SendSec : 57262.748 	 SendDropSec : 0.000
Total Time : 9648.099 	 TPS : 133.915 	 RecvSec : 18.624 	 SendSec : 18605.328 	 SendDropSec : 0.000
Total Time : 9649.362 	 TPS : 273.272 	 RecvSec : 45.941 	 SendSec : 45895.508 	 SendDropSec : 0.000
Total Time : 9650.405 	 TPS : 325.010 	 RecvSec : 45.060 	 SendSec : 45015.290 	 SendDropSec : 0.000
Total Time : 9651.405 	 TPS : 154.958 	 RecvSec : 21.994 	 SendSec : 21972.087 	 SendDropSec : 0.000
Total Time : 9652.448 	 TPS : 568.538 	 RecvSec : 97.792 	 SendSec : 97694.518 	 SendDropSec : 0.000
Total Time : 9653.479 	 TPS : 381.912 	 RecvSec : 61.067 	 SendSec : 61006.102 	 SendDropSec : 0.000
Total Time : 9654.501 	 TPS : 441.379 	 RecvSec : 62.635 	 SendSec : 62572.122 	 SendDropSec : 0.000
Total Time : 9655.515 	 TPS : 436.059 	 RecvSec : 66.099 	 SendSec : 66033.388 	 SendDropSec : 0.000
Total Time : 9656.533 	 TPS : 397.695 	 RecvSec : 62.846 	 SendSec : 62782.756 	 SendDropSec : 0.000
Total Time : 9657.575 	 TPS : 424.441 	 RecvSec : 61.457 	 SendSec : 61396.034 	 SendDropSec : 0.000
Total Time : 9658.575 	 TPS : 416.660 	 RecvSec : 76.937 	 SendSec : 76860.297 	 SendDropSec : 0.000
Total Time : 9659.577 	 TPS : 460.208 	 RecvSec : 77.866 	 SendSec : 77788.057 	 SendDropSec : 0.000
Total Time : 9660.603 	 TPS : 307.180 	 RecvSec : 51.684 	 SendSec : 51632.624 	 SendDropSec : 0.000
Total Time : 9661.842 	 TPS : 262.949 	 RecvSec : 44.363 	 SendSec : 44318.229 	 SendDropSec : 0.000
Total Time : 9662.886 	 TPS : 368.099 	 RecvSec : 49.847 	 SendSec : 49796.879 	 SendDropSec : 0.000
Total Time : 9663.886 	 TPS : 550.731 	 RecvSec : 92.955 	 SendSec : 92861.572 	 SendDropSec : 0.000
Total Time : 9665.090 	 TPS : 467.757 	 RecvSec : 75.606 	 SendSec : 75529.935 	 SendDropSec : 0.000
Total Time : 9666.090 	 TPS : 286.937 	 RecvSec : 45.990 	 SendSec : 45943.892 	 SendDropSec : 0.000
Total Time : 9667.262 	 TPS : 182.604 	 RecvSec : 28.159 	 SendSec : 28130.479 	 SendDropSec : 0.000
Total Time : 9668.306 	 TPS : 307.475 	 RecvSec : 45.020 	 SendSec : 44974.663 	 SendDropSec : 0.000
Total Time : 9669.306 	 TPS : 343.851 	 RecvSec : 59.974 	 SendSec : 59914.069 	 SendDropSec : 0.000
Total Time : 9670.595 	 TPS : 108.603 	 RecvSec : 14.739 	 SendSec : 14724.306 	 SendDropSec : 0.000
Total Time : 9671.631 	 TPS : 377.534 	 RecvSec : 53.106 	 SendSec : 53052.726 	 SendDropSec : 0.000
Total Time : 9672.971 	 TPS : 261.980 	 RecvSec : 52.993 	 SendSec : 52940.133 	 SendDropSec : 0.000
Total Time : 9673.971 	 TPS : 451.892 	 RecvSec : 61.985 	 SendSec : 61923.194 	 SendDropSec : 0.000
Total Time : 9674.984 	 TPS : 322.911 	 RecvSec : 63.200 	 SendSec : 63136.459 	 SendDropSec : 0.000
Total Time : 9676.029 	 TPS : 311.950 	 RecvSec : 44.974 	 SendSec : 44929.368 	 SendDropSec : 0.000
Total Time : 9677.184 	 TPS : 136.828 	 RecvSec : 18.186 	 SendSec : 18167.753 	 SendDropSec : 0.000
Total Time : 9678.184 	 TPS : 507.928 	 RecvSec : 72.990 	 SendSec : 72916.624 	 SendDropSec : 0.000
Total Time : 9679.184 	 TPS : 343.939 	 RecvSec : 53.990 	 SendSec : 53936.496 	 SendDropSec : 0.000
Total Time : 9680.184 	 TPS : 537.855 	 RecvSec : 96.974 	 SendSec : 96876.814 	 SendDropSec : 0.000
Total Time : 9681.184 	 TPS : 356.923 	 RecvSec : 60.987 	 SendSec : 60925.937 	 SendDropSec : 0.000
Total Time : 9682.185 	 TPS : 504.762 	 RecvSec : 69.967 	 SendSec : 69897.016 	 SendDropSec : 0.000
Total Time : 9683.286 	 TPS : 159.877 	 RecvSec : 20.893 	 SendSec : 20872.086 	 SendDropSec : 0.000
Total Time : 9684.522 	 TPS : 450.538 	 RecvSec : 84.931 	 SendSec : 84845.932 	 SendDropSec : 0.000
Total Time : 9685.522 	 TPS : 371.882 	 RecvSec : 59.981 	 SendSec : 59920.927 	 SendDropSec : 0.000
Total Time : 9686.617 	 TPS : 413.666 	 RecvSec : 60.269 	 SendSec : 60208.893 	 SendDropSec : 0.000
Total Time : 9687.618 	 TPS : 158.941 	 RecvSec : 20.992 	 SendSec : 20971.260 	 SendDropSec : 0.000
Total Time : 9688.752 	 TPS : 378.074 	 RecvSec : 55.521 	 SendSec : 55465.899 	 SendDropSec : 0.000
Total Time : 9689.916 	 TPS : 514.862 	 RecvSec : 90.251 	 SendSec : 90161.075 	 SendDropSec : 0.000
Total Time : 9690.965 	 TPS : 395.555 	 RecvSec : 60.048 	 SendSec : 59988.065 	 SendDropSec : 0.000
Total Time : 9691.965 	 TPS : 204.962 	 RecvSec : 26.995 	 SendSec : 26968.014 	 SendDropSec : 0.000
Total Time : 9692.973 	 TPS : 515.735 	 RecvSec : 100.172 	 SendSec : 100071.360 	 SendDropSec : 0.000
Total Time : 9693.975 	 TPS : 452.437 	 RecvSec : 66.917 	 SendSec : 66849.886 	 SendDropSec : 0.000
Total Time : 9695.168 	 TPS : 339.260 	 RecvSec : 61.151 	 SendSec : 61089.396 	 SendDropSec : 0.000
Total Time : 9696.220 	 TPS : 320.588 	 RecvSec : 44.711 	 SendSec : 44666.402 	 SendDropSec : 0.000
Total Time : 9697.440 	 TPS : 344.994 	 RecvSec : 51.626 	 SendSec : 51574.558 	 SendDropSec : 0.000
Total Time : 9698.443 	 TPS : 257.195 	 RecvSec : 31.900 	 SendSec : 31868.236 	 SendDropSec : 0.000
Total Time : 9699.468 	 TPS : 531.744 	 RecvSec : 89.762 	 SendSec : 89672.457 	 SendDropSec : 0.000
Total Time : 9700.468 	 TPS : 454.854 	 RecvSec : 63.979 	 SendSec : 63915.451 	 SendDropSec : 0.000
Total Time : 9701.495 	 TPS : 300.131 	 RecvSec : 45.799 	 SendSec : 45753.477 	 SendDropSec : 0.000
Total Time : 9702.616 	 TPS : 427.081 	 RecvSec : 71.329 	 SendSec : 71257.408 	 SendDropSec : 0.000
Total Time : 9703.617 	 TPS : 448.770 	 RecvSec : 61.968 	 SendSec : 61906.230 	 SendDropSec : 0.000
Total Time : 9704.646 	 TPS : 458.678 	 RecvSec : 65.109 	 SendSec : 65043.860 	 SendDropSec : 0.000
Total Time : 9705.659 	 TPS : 410.427 	 RecvSec : 63.143 	 SendSec : 63079.488 	 SendDropSec : 0.000
Total Time : 9706.660 	 TPS : 369.850 	 RecvSec : 55.977 	 SendSec : 55921.385 	 SendDropSec : 0.000
Total Time : 9707.913 	 TPS : 400.637 	 RecvSec : 52.673 	 SendSec : 52620.670 	 SendDropSec : 0.000
Total Time : 9708.913 	 TPS : 155.949 	 RecvSec : 19.993 	 SendSec : 19973.463 	 SendDropSec : 0.000
Total Time : 9709.914 	 TPS : 452.700 	 RecvSec : 79.947 	 SendSec : 79867.088 	 SendDropSec : 0.000
Total Time : 9710.936 	 TPS : 295.469 	 RecvSec : 48.919 	 SendSec : 48869.821 	 SendDropSec : 0.000
Total Time : 9712.423 	 TPS : 207.078 	 RecvSec : 36.978 	 SendSec : 36941.299 	 SendDropSec : 0.000
Total Time : 9713.476 	 TPS : 290.618 	 RecvSec : 44.637 	 SendSec : 44592.763 	 SendDropSec : 0.000
Total Time : 9714.476 	 TPS : 155.936 	 RecvSec : 20.991 	 SendSec : 20970.425 	 SendDropSec : 0.000
Total Time : 9715.610 	 TPS : 363.628 	 RecvSec : 55.603 	 SendSec : 55547.705 	 SendDropSec : 0.000
Total Time : 9717.031 	 TPS : 227.983 	 RecvSec : 40.812 	 SendSec : 40770.894 	 SendDropSec : 0.000
Total Time : 9718.086 	 TPS : 310.893 	 RecvSec : 44.549 	 SendSec : 44504.112 	 SendDropSec : 0.000
Total Time : 9719.141 	 TPS : 364.809 	 RecvSec : 57.801 	 SendSec : 57743.027 	 SendDropSec : 0.000
Total Time : 9720.153 	 TPS : 199.616 	 RecvSec : 22.729 	 SendSec : 22705.867 	 SendDropSec : 0.000
Total Time : 9721.153 	 TPS : 482.961 	 RecvSec : 70.994 	 SendSec : 70923.305 	 SendDropSec : 0.000
Total Time : 9722.555 	 TPS : 213.266 	 RecvSec : 35.663 	 SendSec : 35627.487 	 SendDropSec : 0.000
Total Time : 9723.609 	 TPS : 310.344 	 RecvSec : 44.606 	 SendSec : 44561.449 	 SendDropSec : 0.000
Total Time : 9724.609 	 TPS : 180.865 	 RecvSec : 21.984 	 SendSec : 21961.650 	 SendDropSec : 0.000
Total Time : 9726.119 	 TPS : 228.484 	 RecvSec : 37.749 	 SendSec : 37711.710 	 SendDropSec : 0.000
Total Time : 9727.175 	 TPS : 308.849 	 RecvSec : 44.527 	 SendSec : 44482.719 	 SendDropSec : 0.000
Total Time : 9728.396 	 TPS : 345.624 	 RecvSec : 51.598 	 SendSec : 51546.231 	 SendDropSec : 0.000
Total Time : 9729.397 	 TPS : 388.725 	 RecvSec : 63.955 	 SendSec : 63890.816 	 SendDropSec : 0.000
Total Time : 9730.429 	 TPS : 404.038 	 RecvSec : 60.073 	 SendSec : 60012.679 	 SendDropSec : 0.000
Total Time : 9731.517 	 TPS : 155.297 	 RecvSec : 19.297 	 SendSec : 19277.954 	 SendDropSec : 0.000
Total Time : 9732.934 	 TPS : 263.192 	 RecvSec : 40.925 	 SendSec : 40884.402 	 SendDropSec : 0.000
Total Time : 9733.989 	 TPS : 330.889 	 RecvSec : 44.561 	 SendSec : 44516.357 	 SendDropSec : 0.000
Total Time : 9735.069 	 TPS : 152.768 	 RecvSec : 19.443 	 SendSec : 19423.732 	 SendDropSec : 0.000
Total Time : 9736.473 	 TPS : 264.219 	 RecvSec : 41.307 	 SendSec : 41265.234 	 SendDropSec : 0.000
Total Time : 9737.483 	 TPS : 385.252 	 RecvSec : 54.470 	 SendSec : 54415.666 	 SendDropSec : 0.000
Total Time : 9738.620 	 TPS : 323.716 	 RecvSec : 62.456 	 SendSec : 62393.610 	 SendDropSec : 0.000
Total Time : 9739.677 	 TPS : 296.092 	 RecvSec : 44.461 	 SendSec : 44416.691 	 SendDropSec : 0.000
Total Time : 9740.677 	 TPS : 280.892 	 RecvSec : 34.987 	 SendSec : 34951.579 	 SendDropSec : 0.000
Total Time : 9741.678 	 TPS : 555.785 	 RecvSec : 85.967 	 SendSec : 85880.773 	 SendDropSec : 0.000
Total Time : 9742.733 	 TPS : 175.361 	 RecvSec : 19.906 	 SendSec : 19885.972 	 SendDropSec : 0.000
Total Time : 9743.790 	 TPS : 307.294 	 RecvSec : 44.439 	 SendSec : 44394.992 	 SendDropSec : 0.000
Total Time : 9745.061 	 TPS : 338.481 	 RecvSec : 49.591 	 SendSec : 49541.799 	 SendDropSec : 0.000
Total Time : 9746.065 	 TPS : 492.712 	 RecvSec : 67.686 	 SendSec : 67617.935 	 SendDropSec : 0.000
Total Time : 9747.403 	 TPS : 334.825 	 RecvSec : 55.306 	 SendSec : 55250.576 	 SendDropSec : 0.000
Total Time : 9748.459 	 TPS : 306.833 	 RecvSec : 44.510 	 SendSec : 44465.161 	 SendDropSec : 0.000
Total Time : 9749.463 	 TPS : 154.356 	 RecvSec : 19.917 	 SendSec : 19897.025 	 SendDropSec : 0.000
Total Time : 9750.463 	 TPS : 322.964 	 RecvSec : 56.994 	 SendSec : 56936.646 	 SendDropSec : 0.000
Total Time : 9751.465 	 TPS : 390.434 	 RecvSec : 51.925 	 SendSec : 51872.738 	 SendDropSec : 0.000
Total Time : 9752.467 	 TPS : 409.970 	 RecvSec : 63.840 	 SendSec : 63775.693 	 SendDropSec : 0.000
Total Time : 9753.517 	 TPS : 351.566 	 RecvSec : 54.307 	 SendSec : 54252.603 	 SendDropSec : 0.000
Total Time : 9754.524 	 TPS : 337.556 	 RecvSec : 47.655 	 SendSec : 47607.323 	 SendDropSec : 0.000
Total Time : 9755.699 	 TPS : 235.015 	 RecvSec : 32.357 	 SendSec : 32324.748 	 SendDropSec : 0.000
Total Time : 9757.054 	 TPS : 263.342 	 RecvSec : 42.784 	 SendSec : 42741.143 	 SendDropSec : 0.000
Total Time : 9758.055 	 TPS : 410.829 	 RecvSec : 52.978 	 SendSec : 52924.999 	 SendDropSec : 0.000
Total Time : 9759.055 	 TPS : 455.714 	 RecvSec : 74.953 	 SendSec : 74877.999 	 SendDropSec : 0.000
Total Time : 9760.085 	 TPS : 374.068 	 RecvSec : 48.580 	 SendSec : 48531.657 	 SendDropSec : 0.000
Total Time : 9761.161 	 TPS : 486.582 	 RecvSec : 73.359 	 SendSec : 73285.411 	 SendDropSec : 0.000
Total Time : 9762.491 	 TPS : 285.063 	 RecvSec : 43.624 	 SendSec : 43580.808 	 SendDropSec : 0.000
Total Time : 9763.546 	 TPS : 297.563 	 RecvSec : 44.540 	 SendSec : 44495.125 	 SendDropSec : 0.000
Total Time : 9764.551 	 TPS : 152.223 	 RecvSec : 19.898 	 SendSec : 19878.475 	 SendDropSec : 0.000
Total Time : 9765.551 	 TPS : 404.949 	 RecvSec : 62.992 	 SendSec : 62929.039 	 SendDropSec : 0.000
Total Time : 9766.879 	 TPS : 256.147 	 RecvSec : 44.449 	 SendSec : 44404.506 	 SendDropSec : 0.000
Total Time : 9767.935 	 TPS : 384.249 	 RecvSec : 49.214 	 SendSec : 49165.005 	 SendDropSec : 0.000
Total Time : 9768.973 	 TPS : 523.145 	 RecvSec : 79.002 	 SendSec : 78922.573 	 SendDropSec : 0.000
Total Time : 9769.995 	 TPS : 616.930 	 RecvSec : 98.905 	 SendSec : 98805.780 	 SendDropSec : 0.000
Total Time : 9770.995 	 TPS : 413.623 	 RecvSec : 61.943 	 SendSec : 61881.552 	 SendDropSec : 0.000
Total Time : 9772.013 	 TPS : 127.773 	 RecvSec : 17.692 	 SendSec : 17673.919 	 SendDropSec : 0.000
Total Time : 9773.014 	 TPS : 408.577 	 RecvSec : 57.940 	 SendSec : 57882.057 	 SendDropSec : 0.000
Total Time : 9774.509 	 TPS : 238.067 	 RecvSec : 45.474 	 SendSec : 45428.040 	 SendDropSec : 0.000
Total Time : 9775.510 	 TPS : 332.902 	 RecvSec : 46.986 	 SendSec : 46939.181 	 SendDropSec : 0.000
Total Time : 9776.538 	 TPS : 465.987 	 RecvSec : 69.071 	 SendSec : 69002.049 	 SendDropSec : 0.000
Total Time : 9777.538 	 TPS : 552.982 	 RecvSec : 89.997 	 SendSec : 89907.069 	 SendDropSec : 0.000
Total Time : 9778.601 	 TPS : 261.514 	 RecvSec : 41.391 	 SendSec : 41349.268 	 SendDropSec : 0.000
Total Time : 9779.656 	 TPS : 306.041 	 RecvSec : 44.532 	 SendSec : 44487.806 	 SendDropSec : 0.000
Total Time : 9780.696 	 TPS : 214.478 	 RecvSec : 23.083 	 SendSec : 23059.784 	 SendDropSec : 0.000
Total Time : 9781.946 	 TPS : 271.232 	 RecvSec : 44.005 	 SendSec : 43961.173 	 SendDropSec : 0.000
Total Time : 9783.001 	 TPS : 306.875 	 RecvSec : 44.516 	 SendSec : 44471.247 	 SendDropSec : 0.000
Total Time : 9784.008 	 TPS : 316.970 	 RecvSec : 45.707 	 SendSec : 45661.547 	 SendDropSec : 0.000
Total Time : 9785.148 	 TPS : 192.956 	 RecvSec : 28.066 	 SendSec : 28038.276 	 SendDropSec : 0.000
Total Time : 9786.204 	 TPS : 289.873 	 RecvSec : 50.207 	 SendSec : 50156.607 	 SendDropSec : 0.000
Total Time : 9787.378 	 TPS : 384.103 	 RecvSec : 63.024 	 SendSec : 62960.567 	 SendDropSec : 0.000
Total Time : 9788.433 	 TPS : 383.793 	 RecvSec : 49.277 	 SendSec : 49227.804 	 SendDropSec : 0.000
Total Time : 9789.886 	 TPS : 311.012 	 RecvSec : 50.918 	 SendSec : 50866.910 	 SendDropSec : 0.000
Total Time : 9790.941 	 TPS : 324.296 	 RecvSec : 44.567 	 SendSec : 44522.448 	 SendDropSec : 0.000
Total Time : 9791.941 	 TPS : 156.987 	 RecvSec : 18.998 	 SendSec : 18979.478 	 SendDropSec : 0.000
Total Time : 9792.943 	 TPS : 316.334 	 RecvSec : 47.899 	 SendSec : 47851.187 	 SendDropSec : 0.000
Total Time : 9794.049 	 TPS : 151.022 	 RecvSec : 15.374 	 SendSec : 15358.151 	 SendDropSec : 0.000
Total Time : 9795.057 	 TPS : 551.739 	 RecvSec : 73.433 	 SendSec : 73359.481 	 SendDropSec : 0.000
Total Time : 9796.067 	 TPS : 486.942 	 RecvSec : 76.208 	 SendSec : 76132.230 	 SendDropSec : 0.000
Total Time : 9797.361 	 TPS : 177.774 	 RecvSec : 25.507 	 SendSec : 25481.138 	 SendDropSec : 0.000
Total Time : 9798.415 	 TPS : 390.770 	 RecvSec : 49.320 	 SendSec : 49271.152 	 SendDropSec : 0.000
Total Time : 9799.583 	 TPS : 427.189 	 RecvSec : 67.631 	 SendSec : 67563.420 	 SendDropSec : 0.000
Total Time : 9800.936 	 TPS : 299.483 	 RecvSec : 42.889 	 SendSec : 42846.079 	 SendDropSec : 0.000
Total Time : 9801.936 	 TPS : 398.985 	 RecvSec : 54.998 	 SendSec : 54942.874 	 SendDropSec : 0.000
Total Time : 9802.972 	 TPS : 420.689 	 RecvSec : 73.331 	 SendSec : 73257.811 	 SendDropSec : 0.000
Total Time : 9804.066 	 TPS : 362.737 	 RecvSec : 52.994 	 SendSec : 52941.273 	 SendDropSec : 0.000
Total Time : 9805.120 	 TPS : 389.142 	 RecvSec : 49.355 	 SendSec : 49305.188 	 SendDropSec : 0.000
Total Time : 9806.148 	 TPS : 670.184 	 RecvSec : 115.750 	 SendSec : 115634.402 	 SendDropSec : 0.000
Total Time : 9807.204 	 TPS : 139.179 	 RecvSec : 17.042 	 SendSec : 17025.281 	 SendDropSec : 0.000
Total Time : 9808.204 	 TPS : 428.997 	 RecvSec : 55.000 	 SendSec : 54944.577 	 SendDropSec : 0.000
Total Time : 9809.466 	 TPS : 308.998 	 RecvSec : 56.254 	 SendSec : 56197.295 	 SendDropSec : 0.000
Total Time : 9810.521 	 TPS : 393.508 	 RecvSec : 49.307 	 SendSec : 49257.739 	 SendDropSec : 0.000
Total Time : 9811.521 	 TPS : 644.795 	 RecvSec : 112.964 	 SendSec : 112851.046 	 SendDropSec : 0.000
Total Time : 9812.536 	 TPS : 221.735 	 RecvSec : 26.608 	 SendSec : 26581.536 	 SendDropSec : 0.000
Total Time : 9813.551 	 TPS : 341.002 	 RecvSec : 47.307 	 SendSec : 47259.269 	 SendDropSec : 0.000
Total Time : 9814.580 	 TPS : 404.325 	 RecvSec : 55.400 	 SendSec : 55344.878 	 SendDropSec : 0.000
Total Time : 9815.581 	 TPS : 308.690 	 RecvSec : 36.963 	 SendSec : 36925.893 	 SendDropSec : 0.000
Total Time : 9816.756 	 TPS : 485.836 	 RecvSec : 77.427 	 SendSec : 77350.021 	 SendDropSec : 0.000
Total Time : 9817.775 	 TPS : 276.859 	 RecvSec : 31.417 	 SendSec : 31385.242 	 SendDropSec : 0.000
Total Time : 9818.775 	 TPS : 300.856 	 RecvSec : 47.977 	 SendSec : 47929.099 	 SendDropSec : 0.000
Total Time : 9819.816 	 TPS : 322.826 	 RecvSec : 44.196 	 SendSec : 44152.274 	 SendDropSec : 0.000
Total Time : 9820.821 	 TPS : 274.544 	 RecvSec : 31.831 	 SendSec : 31799.377 	 SendDropSec : 0.000
Total Time : 9821.822 	 TPS : 528.739 	 RecvSec : 72.964 	 SendSec : 72890.977 	 SendDropSec : 0.000
Total Time : 9822.822 	 TPS : 524.865 	 RecvSec : 82.979 	 SendSec : 82895.654 	 SendDropSec : 0.000
Total Time : 9823.822 	 TPS : 328.907 	 RecvSec : 32.991 	 SendSec : 32957.722 	 SendDropSec : 0.000
Total Time : 9825.063 	 TPS : 456.848 	 RecvSec : 75.738 	 SendSec : 75662.695 	 SendDropSec : 0.000
Total Time : 9826.064 	 TPS : 486.750 	 RecvSec : 69.964 	 SendSec : 69894.053 	 SendDropSec : 0.000
Total Time : 9827.289 	 TPS : 323.126 	 RecvSec : 58.750 	 SendSec : 58691.356 	 SendDropSec : 0.000
Total Time : 9828.345 	 TPS : 328.593 	 RecvSec : 44.507 	 SendSec : 44462.390 	 SendDropSec : 0.000
Total Time : 9829.347 	 TPS : 165.742 	 RecvSec : 18.971 	 SendSec : 18951.549 	 SendDropSec : 0.000
Total Time : 9830.347 	 TPS : 339.999 	 RecvSec : 48.000 	 SendSec : 47951.918 	 SendDropSec : 0.000
Total Time : 9831.451 	 TPS : 138.523 	 RecvSec : 15.391 	 SendSec : 15376.056 	 SendDropSec : 0.000
Total Time : 9832.454 	 TPS : 589.422 	 RecvSec : 97.738 	 SendSec : 97640.519 	 SendDropSec : 0.000
Total Time : 9833.501 	 TPS : 239.761 	 RecvSec : 26.746 	 SendSec : 26719.543 	 SendDropSec : 0.000
Total Time : 9834.533 	 TPS : 395.466 	 RecvSec : 56.218 	 SendSec : 56161.958 	 SendDropSec : 0.000
Total Time : 9835.590 	 TPS : 313.866 	 RecvSec : 44.433 	 SendSec : 44388.386 	 SendDropSec : 0.000
Total Time : 9836.593 	 TPS : 459.617 	 RecvSec : 66.799 	 SendSec : 66732.189 	 SendDropSec : 0.000
Total Time : 9837.957 	 TPS : 332.115 	 RecvSec : 54.986 	 SendSec : 54930.920 	 SendDropSec : 0.000
Total Time : 9839.015 	 TPS : 330.023 	 RecvSec : 44.444 	 SendSec : 44399.853 	 SendDropSec : 0.000
Total Time : 9840.016 	 TPS : 504.556 	 RecvSec : 64.943 	 SendSec : 64877.933 	 SendDropSec : 0.000
Total Time : 9841.040 	 TPS : 464.758 	 RecvSec : 59.559 	 SendSec : 59499.789 	 SendDropSec : 0.000
Total Time : 9842.307 	 TPS : 390.025 	 RecvSec : 49.740 	 SendSec : 49690.348 	 SendDropSec : 0.000
Total Time : 9843.318 	 TPS : 189.769 	 RecvSec : 20.756 	 SendSec : 20735.177 	 SendDropSec : 0.000
Total Time : 9844.504 	 TPS : 343.243 	 RecvSec : 48.914 	 SendSec : 48865.308 	 SendDropSec : 0.000
Total Time : 9845.563 	 TPS : 329.576 	 RecvSec : 44.384 	 SendSec : 44339.769 	 SendDropSec : 0.000
Total Time : 9846.569 	 TPS : 458.268 	 RecvSec : 61.633 	 SendSec : 61570.945 	 SendDropSec : 0.000
Total Time : 9847.609 	 TPS : 162.524 	 RecvSec : 19.234 	 SendSec : 19214.393 	 SendDropSec : 0.000
Total Time : 9848.623 	 TPS : 333.220 	 RecvSec : 47.321 	 SendSec : 47273.861 	 SendDropSec : 0.000
Total Time : 9849.629 	 TPS : 154.085 	 RecvSec : 15.906 	 SendSec : 15889.679 	 SendDropSec : 0.000
Total Time : 9850.631 	 TPS : 470.219 	 RecvSec : 69.884 	 SendSec : 69814.095 	 SendDropSec : 0.000
Total Time : 9851.912 	 TPS : 252.916 	 RecvSec : 40.591 	 SendSec : 40550.803 	 SendDropSec : 0.000
Total Time : 9852.973 	 TPS : 329.937 	 RecvSec : 44.306 	 SendSec : 44261.456 	 SendDropSec : 0.000
Total Time : 9853.974 	 TPS : 233.772 	 RecvSec : 28.972 	 SendSec : 28942.815 	 SendDropSec : 0.000
Total Time : 9854.998 	 TPS : 354.416 	 RecvSec : 48.818 	 SendSec : 48768.824 	 SendDropSec : 0.000
Total Time : 9856.058 	 TPS : 323.646 	 RecvSec : 44.348 	 SendSec : 44303.609 	 SendDropSec : 0.000
Total Time : 9857.059 	 TPS : 233.786 	 RecvSec : 26.975 	 SendSec : 26948.345 	 SendDropSec : 0.000
Total Time : 9858.059 	 TPS : 652.820 	 RecvSec : 95.974 	 SendSec : 95877.614 	 SendDropSec : 0.000
Total Time : 9859.079 	 TPS : 265.622 	 RecvSec : 26.464 	 SendSec : 26437.726 	 SendDropSec : 0.000
Total Time : 9860.140 	 TPS : 346.742 	 RecvSec : 51.823 	 SendSec : 51770.998 	 SendDropSec : 0.000
Total Time : 9861.194 	 TPS : 402.473 	 RecvSec : 49.360 	 SendSec : 49310.570 	 SendDropSec : 0.000
Total Time : 9862.195 	 TPS : 525.436 	 RecvSec : 76.917 	 SendSec : 76840.535 	 SendDropSec : 0.000
Total Time : 9863.203 	 TPS : 320.564 	 RecvSec : 47.638 	 SendSec : 47590.318 	 SendDropSec : 0.000
Total Time : 9864.471 	 TPS : 357.016 	 RecvSec : 46.499 	 SendSec : 46452.215 	 SendDropSec : 0.000
Total Time : 9865.490 	 TPS : 167.805 	 RecvSec : 19.626 	 SendSec : 19606.644 	 SendDropSec : 0.000
Total Time : 9866.491 	 TPS : 355.741 	 RecvSec : 51.962 	 SendSec : 51910.277 	 SendDropSec : 0.000
Total Time : 9867.492 	 TPS : 393.762 	 RecvSec : 50.969 	 SendSec : 50918.194 	 SendDropSec : 0.000
Total Time : 9868.492 	 TPS : 460.970 	 RecvSec : 62.996 	 SendSec : 62932.935 	 SendDropSec : 0.000
Total Time : 9869.748 	 TPS : 125.756 	 RecvSec : 15.123 	 SendSec : 15107.395 	 SendDropSec : 0.000
Total Time : 9870.808 	 TPS : 335.987 	 RecvSec : 44.358 	 SendSec : 44313.452 	 SendDropSec : 0.000
Total Time : 9871.808 	 TPS : 248.881 	 RecvSec : 28.986 	 SendSec : 28957.150 	 SendDropSec : 0.000
Total Time : 9872.860 	 TPS : 389.742 	 RecvSec : 52.282 	 SendSec : 52230.155 	 SendDropSec : 0.000
Total Time : 9873.875 	 TPS : 560.613 	 RecvSec : 86.703 	 SendSec : 86616.110 	 SendDropSec : 0.000
Total Time : 9874.877 	 TPS : 281.624 	 RecvSec : 35.952 	 SendSec : 35916.092 	 SendDropSec : 0.000
Total Time : 9875.892 	 TPS : 340.732 	 RecvSec : 47.269 	 SendSec : 47221.893 	 SendDropSec : 0.000
Total Time : 9876.893 	 TPS : 333.745 	 RecvSec : 37.971 	 SendSec : 37933.046 	 SendDropSec : 0.000
Total Time : 9877.957 	 TPS : 499.736 	 RecvSec : 83.603 	 SendSec : 83518.903 	 SendDropSec : 0.000
Total Time : 9878.984 	 TPS : 562.217 	 RecvSec : 78.925 	 SendSec : 78845.812 	 SendDropSec : 0.000
Total Time : 9880.097 	 TPS : 361.060 	 RecvSec : 50.297 	 SendSec : 50246.576 	 SendDropSec : 0.000
Total Time : 9881.103 	 TPS : 426.621 	 RecvSec : 51.712 	 SendSec : 51659.867 	 SendDropSec : 0.000
Total Time : 9882.668 	 TPS : 308.579 	 RecvSec : 47.277 	 SendSec : 47229.782 	 SendDropSec : 0.000
Total Time : 9883.725 	 TPS : 334.015 	 RecvSec : 44.472 	 SendSec : 44427.741 	 SendDropSec : 0.000
Total Time : 9884.787 	 TPS : 191.064 	 RecvSec : 19.765 	 SendSec : 19745.495 	 SendDropSec : 0.000
Total Time : 9885.834 	 TPS : 644.122 	 RecvSec : 98.434 	 SendSec : 98335.605 	 SendDropSec : 0.000
Total Time : 9886.835 	 TPS : 301.500 	 RecvSec : 31.947 	 SendSec : 31915.069 	 SendDropSec : 0.000
Total Time : 9887.835 	 TPS : 451.895 	 RecvSec : 61.986 	 SendSec : 61923.603 	 SendDropSec : 0.000
Total Time : 9888.845 	 TPS : 513.279 	 RecvSec : 65.399 	 SendSec : 65333.118 	 SendDropSec : 0.000
Total Time : 9889.852 	 TPS : 343.452 	 RecvSec : 50.624 	 SendSec : 50573.873 	 SendDropSec : 0.000
Total Time : 9890.852 	 TPS : 422.843 	 RecvSec : 56.979 	 SendSec : 56921.893 	 SendDropSec : 0.000
Total Time : 9891.853 	 TPS : 435.783 	 RecvSec : 60.970 	 SendSec : 60908.667 	 SendDropSec : 0.000
Total Time : 9892.857 	 TPS : 396.448 	 RecvSec : 48.809 	 SendSec : 48760.133 	 SendDropSec : 0.000
Total Time : 9893.861 	 TPS : 447.927 	 RecvSec : 62.710 	 SendSec : 62647.038 	 SendDropSec : 0.000
Total Time : 9894.862 	 TPS : 419.751 	 RecvSec : 56.966 	 SendSec : 56909.196 	 SendDropSec : 0.000
Total Time : 9896.222 	 TPS : 138.253 	 RecvSec : 17.649 	 SendSec : 17631.730 	 SendDropSec : 0.000
Total Time : 9897.276 	 TPS : 347.074 	 RecvSec : 44.570 	 SendSec : 44524.990 	 SendDropSec : 0.000
Total Time : 9898.313 	 TPS : 178.513 	 RecvSec : 20.264 	 SendSec : 20243.349 	 SendDropSec : 0.000
Total Time : 9899.435 	 TPS : 595.025 	 RecvSec : 93.529 	 SendSec : 93435.875 	 SendDropSec : 0.000
Total Time : 9900.460 	 TPS : 471.383 	 RecvSec : 61.485 	 SendSec : 61423.303 	 SendDropSec : 0.000
Total Time : 9901.488 	 TPS : 438.804 	 RecvSec : 61.296 	 SendSec : 61235.016 	 SendDropSec : 0.000
Total Time : 9902.543 	 TPS : 415.037 	 RecvSec : 59.697 	 SendSec : 59637.462 	 SendDropSec : 0.000
Total Time : 9903.543 	 TPS : 269.965 	 RecvSec : 30.996 	 SendSec : 30965.002 	 SendDropSec : 0.000
Total Time : 9904.558 	 TPS : 516.490 	 RecvSec : 76.882 	 SendSec : 76805.168 	 SendDropSec : 0.000
Total Time : 9905.911 	 TPS : 179.621 	 RecvSec : 24.393 	 SendSec : 24368.573 	 SendDropSec : 0.000
Total Time : 9906.951 	 TPS : 397.801 	 RecvSec : 52.848 	 SendSec : 52795.069 	 SendDropSec : 0.000
Total Time : 9908.364 	 TPS : 291.681 	 RecvSec : 50.265 	 SendSec : 50215.207 	 SendDropSec : 0.000
Total Time : 9909.375 	 TPS : 363.119 	 RecvSec : 46.503 	 SendSec : 46456.538 	 SendDropSec : 0.000
Total Time : 9910.375 	 TPS : 583.612 	 RecvSec : 75.950 	 SendSec : 75873.597 	 SendDropSec : 0.000
Total Time : 9911.526 	 TPS : 365.820 	 RecvSec : 57.349 	 SendSec : 57292.055 	 SendDropSec : 0.000
Total Time : 9912.543 	 TPS : 333.480 	 RecvSec : 46.235 	 SendSec : 46188.488 	 SendDropSec : 0.000
Total Time : 9913.543 	 TPS : 466.929 	 RecvSec : 64.990 	 SendSec : 64925.131 	 SendDropSec : 0.000
Total Time : 9914.570 	 TPS : 439.849 	 RecvSec : 59.360 	 SendSec : 59300.763 	 SendDropSec : 0.000
Total Time : 9915.792 	 TPS : 385.701 	 RecvSec : 51.591 	 SendSec : 51538.971 	 SendDropSec : 0.000
Total Time : 9916.816 	 TPS : 513.643 	 RecvSec : 65.426 	 SendSec : 65360.600 	 SendDropSec : 0.000
Total Time : 9917.816 	 TPS : 615.937 	 RecvSec : 82.992 	 SendSec : 82908.560 	 SendDropSec : 0.000
Total Time : 9918.816 	 TPS : 378.756 	 RecvSec : 57.963 	 SendSec : 57904.651 	 SendDropSec : 0.000
Total Time : 9919.816 	 TPS : 531.993 	 RecvSec : 77.999 	 SendSec : 77920.925 	 SendDropSec : 0.000
Total Time : 9920.955 	 TPS : 475.950 	 RecvSec : 80.789 	 SendSec : 80707.799 	 SendDropSec : 0.000
Total Time : 9922.015 	 TPS : 423.631 	 RecvSec : 59.440 	 SendSec : 59380.959 	 SendDropSec : 0.000
Total Time : 9923.021 	 TPS : 272.325 	 RecvSec : 31.804 	 SendSec : 31772.624 	 SendDropSec : 0.000
Total Time : 9924.077 	 TPS : 364.553 	 RecvSec : 49.238 	 SendSec : 49189.111 	 SendDropSec : 0.000
Total Time : 9925.665 	 TPS : 255.641 	 RecvSec : 36.520 	 SendSec : 36483.599 	 SendDropSec : 0.000
Total Time : 9926.718 	 TPS : 341.862 	 RecvSec : 44.632 	 SendSec : 44587.322 	 SendDropSec : 0.000
Total Time : 9927.738 	 TPS : 167.670 	 RecvSec : 19.611 	 SendSec : 19590.947 	 SendDropSec : 0.000
Total Time : 9928.739 	 TPS : 383.703 	 RecvSec : 54.957 	 SendSec : 54902.500 	 SendDropSec : 0.000
Total Time : 9929.740 	 TPS : 417.600 	 RecvSec : 55.946 	 SendSec : 55890.440 	 SendDropSec : 0.000
Total Time : 9930.741 	 TPS : 404.761 	 RecvSec : 55.967 	 SendSec : 55911.018 	 SendDropSec : 0.000
Total Time : 9931.750 	 TPS : 224.826 	 RecvSec : 22.780 	 SendSec : 22756.907 	 SendDropSec : 0.000
Total Time : 9932.913 	 TPS : 347.573 	 RecvSec : 49.899 	 SendSec : 49849.146 	 SendDropSec : 0.000
Total Time : 9933.968 	 TPS : 387.590 	 RecvSec : 49.278 	 SendSec : 49228.677 	 SendDropSec : 0.000
Total Time : 9935.206 	 TPS : 424.061 	 RecvSec : 59.772 	 SendSec : 59712.666 	 SendDropSec : 0.000
Total Time : 9936.261 	 TPS : 343.250 	 RecvSec : 44.566 	 SendSec : 44521.072 	 SendDropSec : 0.000
Total Time : 9937.283 	 TPS : 293.354 	 RecvSec : 31.291 	 SendSec : 31259.849 	 SendDropSec : 0.000
Total Time : 9938.285 	 TPS : 326.558 	 RecvSec : 47.935 	 SendSec : 47887.209 	 SendDropSec : 0.000
Total Time : 9939.331 	 TPS : 315.340 	 RecvSec : 43.957 	 SendSec : 43912.549 	 SendDropSec : 0.000
Total Time : 9940.332 	 TPS : 518.495 	 RecvSec : 67.934 	 SendSec : 67865.899 	 SendDropSec : 0.000
Total Time : 9941.468 	 TPS : 475.237 	 RecvSec : 69.525 	 SendSec : 69455.843 	 SendDropSec : 0.000
Total Time : 9942.835 	 TPS : 304.374 	 RecvSec : 42.437 	 SendSec : 42394.329 	 SendDropSec : 0.000
Total Time : 9943.888 	 TPS : 345.611 	 RecvSec : 44.626 	 SendSec : 44580.984 	 SendDropSec : 0.000
Total Time : 9944.888 	 TPS : 409.912 	 RecvSec : 54.988 	 SendSec : 54933.239 	 SendDropSec : 0.000
Total Time : 9945.890 	 TPS : 509.229 	 RecvSec : 75.885 	 SendSec : 75809.195 	 SendDropSec : 0.000
Total Time : 9946.919 	 TPS : 470.484 	 RecvSec : 76.794 	 SendSec : 76717.072 	 SendDropSec : 0.000
Total Time : 9948.299 	 TPS : 294.842 	 RecvSec : 42.017 	 SendSec : 41974.717 	 SendDropSec : 0.000
Total Time : 9949.315 	 TPS : 371.934 	 RecvSec : 49.198 	 SendSec : 49148.380 	 SendDropSec : 0.000
Total Time : 9950.316 	 TPS : 459.963 	 RecvSec : 62.995 	 SendSec : 62931.896 	 SendDropSec : 0.000
Total Time : 9951.320 	 TPS : 198.034 	 RecvSec : 19.903 	 SendSec : 19883.017 	 SendDropSec : 0.000
Total Time : 9952.736 	 TPS : 274.750 	 RecvSec : 39.553 	 SendSec : 39513.177 	 SendDropSec : 0.000
Total Time : 9953.761 	 TPS : 361.229 	 RecvSec : 50.767 	 SendSec : 50716.492 	 SendDropSec : 0.000
Total Time : 9954.897 	 TPS : 440.795 	 RecvSec : 69.507 	 SendSec : 69437.051 	 SendDropSec : 0.000
Total Time : 9955.991 	 TPS : 379.356 	 RecvSec : 53.018 	 SendSec : 52965.436 	 SendDropSec : 0.000
Total Time : 9957.024 	 TPS : 394.815 	 RecvSec : 50.320 	 SendSec : 50269.248 	 SendDropSec : 0.000
Total Time : 9958.121 	 TPS : 429.713 	 RecvSec : 67.513 	 SendSec : 67445.751 	 SendDropSec : 0.000
Total Time : 9959.121 	 TPS : 433.923 	 RecvSec : 57.990 	 SendSec : 57931.653 	 SendDropSec : 0.000
Total Time : 9960.130 	 TPS : 513.105 	 RecvSec : 81.225 	 SendSec : 81143.903 	 SendDropSec : 0.000
Total Time : 9961.186 	 TPS : 354.180 	 RecvSec : 49.244 	 SendSec : 49194.985 	 SendDropSec : 0.000
Total Time : 9962.186 	 TPS : 418.925 	 RecvSec : 54.990 	 SendSec : 54935.167 	 SendDropSec : 0.000
Total Time : 9963.202 	 TPS : 440.976 	 RecvSec : 66.934 	 SendSec : 66866.891 	 SendDropSec : 0.000
Total Time : 9964.257 	 TPS : 325.287 	 RecvSec : 44.573 	 SendSec : 44528.246 	 SendDropSec : 0.000
Total Time : 9965.260 	 TPS : 280.098 	 RecvSec : 31.897 	 SendSec : 31865.425 	 SendDropSec : 0.000
Total Time : 9966.507 	 TPS : 451.570 	 RecvSec : 75.395 	 SendSec : 75319.921 	 SendDropSec : 0.000
Total Time : 9967.533 	 TPS : 439.625 	 RecvSec : 61.411 	 SendSec : 61349.574 	 SendDropSec : 0.000
Total Time : 9968.588 	 TPS : 434.975 	 RecvSec : 59.703 	 SendSec : 59642.814 	 SendDropSec : 0.000
Total Time : 9969.862 	 TPS : 388.637 	 RecvSec : 49.463 	 SendSec : 49413.491 	 SendDropSec : 0.000
Total Time : 9970.862 	 TPS : 378.701 	 RecvSec : 51.959 	 SendSec : 51907.066 	 SendDropSec : 0.000
Total Time : 9971.923 	 TPS : 207.381 	 RecvSec : 25.451 	 SendSec : 25425.905 	 SendDropSec : 0.000
Total Time : 9972.954 	 TPS : 317.072 	 RecvSec : 45.573 	 SendSec : 45527.458 	 SendDropSec : 0.000
Total Time : 9973.955 	 TPS : 292.771 	 RecvSec : 32.974 	 SendSec : 32941.256 	 SendDropSec : 0.000
Total Time : 9975.204 	 TPS : 490.129 	 RecvSec : 74.480 	 SendSec : 74405.911 	 SendDropSec : 0.000
Total Time : 9976.206 	 TPS : 447.217 	 RecvSec : 59.895 	 SendSec : 59835.217 	 SendDropSec : 0.000
Total Time : 9977.214 	 TPS : 326.409 	 RecvSec : 38.693 	 SendSec : 38654.213 	 SendDropSec : 0.000
Total Time : 9978.286 	 TPS : 282.454 	 RecvSec : 40.084 	 SendSec : 40044.178 	 SendDropSec : 0.000
Total Time : 9979.345 	 TPS : 338.307 	 RecvSec : 44.415 	 SendSec : 44370.235 	 SendDropSec : 0.000
Total Time : 9980.373 	 TPS : 443.486 	 RecvSec : 60.299 	 SendSec : 60238.275 	 SendDropSec : 0.000
Total Time : 9981.374 	 TPS : 221.825 	 RecvSec : 22.982 	 SendSec : 22958.922 	 SendDropSec : 0.000
Total Time : 9982.410 	 TPS : 473.869 	 RecvSec : 62.732 	 SendSec : 62669.443 	 SendDropSec : 0.000
Total Time : 9983.715 	 TPS : 285.075 	 RecvSec : 42.148 	 SendSec : 42106.052 	 SendDropSec : 0.000
Total Time : 9984.773 	 TPS : 330.688 	 RecvSec : 44.407 	 SendSec : 44362.312 	 SendDropSec : 0.000
Total Time : 9985.773 	 TPS : 325.945 	 RecvSec : 39.993 	 SendSec : 39953.220 	 SendDropSec : 0.000
Total Time : 9986.779 	 TPS : 361.015 	 RecvSec : 46.743 	 SendSec : 46696.273 	 SendDropSec : 0.000
Total Time : 9987.791 	 TPS : 450.670 	 RecvSec : 62.264 	 SendSec : 62201.400 	 SendDropSec : 0.000
Total Time : 9989.055 	 TPS : 302.908 	 RecvSec : 43.499 	 SendSec : 43455.043 	 SendDropSec : 0.000
Total Time : 9990.114 	 TPS : 329.608 	 RecvSec : 44.389 	 SendSec : 44344.116 	 SendDropSec : 0.000
Total Time : 9991.130 	 TPS : 346.494 	 RecvSec : 45.280 	 SendSec : 45235.155 	 SendDropSec : 0.000
Total Time : 9992.272 	 TPS : 461.493 	 RecvSec : 70.056 	 SendSec : 69985.827 	 SendDropSec : 0.000
Total Time : 9993.402 	 TPS : 405.078 	 RecvSec : 55.720 	 SendSec : 55664.682 	 SendDropSec : 0.000
Total Time : 9994.403 	 TPS : 458.774 	 RecvSec : 60.970 	 SendSec : 60909.057 	 SendDropSec : 0.000
Total Time : 9995.428 	 TPS : 255.644 	 RecvSec : 25.369 	 SendSec : 25343.927 	 SendDropSec : 0.000
Total Time : 9996.544 	 TPS : 352.984 	 RecvSec : 53.754 	 SendSec : 53700.193 	 SendDropSec : 0.000
Total Time : 9998.017 	 TPS : 285.749 	 RecvSec : 39.367 	 SendSec : 39327.497 	 SendDropSec : 0.000
Total Time : 9999.078 	 TPS : 343.062 	 RecvSec : 44.297 	 SendSec : 44252.204 	 SendDropSec : 0.000
Total Time : 10000.079 	 TPS : 264.834 	 RecvSec : 30.981 	 SendSec : 30949.585 	 SendDropSec : 0.000
Total Time : 10001.242 	 TPS : 515.759 	 RecvSec : 81.662 	 SendSec : 81580.182 	 SendDropSec : 0.000
Total Time : 10002.270 	 TPS : 442.658 	 RecvSec : 59.345 	 SendSec : 59285.959 	 SendDropSec : 0.000
Total Time : 10003.270 	 TPS : 173.997 	 RecvSec : 19.000 	 SendSec : 18980.725 	 SendDropSec : 0.000
Total Time : 10004.312 	 TPS : 314.703 	 RecvSec : 44.135 	 SendSec : 44090.997 	 SendDropSec : 0.000
Total Time : 10005.312 	 TPS : 353.991 	 RecvSec : 47.999 	 SendSec : 47950.840 	 SendDropSec : 0.000
Total Time : 10006.464 	 TPS : 442.784 	 RecvSec : 67.720 	 SendSec : 67652.124 	 SendDropSec : 0.000
Total Time : 10007.524 	 TPS : 430.320 	 RecvSec : 59.452 	 SendSec : 59392.677 	 SendDropSec : 0.000
Total Time : 10008.695 	 TPS : 159.720 	 RecvSec : 17.937 	 SendSec : 17918.568 	 SendDropSec : 0.000
Total Time : 10010.132 	 TPS : 279.684 	 RecvSec : 40.352 	 SendSec : 40312.111 	 SendDropSec : 0.000
Total Time : 10011.135 	 TPS : 410.613 	 RecvSec : 54.815 	 SendSec : 54760.048 	 SendDropSec : 0.000
Total Time : 10012.136 	 TPS : 630.813 	 RecvSec : 116.965 	 SendSec : 116848.284 	 SendDropSec : 0.000
Total Time : 10013.136 	 TPS : 191.828 	 RecvSec : 22.979 	 SendSec : 22956.401 	 SendDropSec : 0.000
Total Time : 10014.144 	 TPS : 403.842 	 RecvSec : 60.527 	 SendSec : 60466.161 	 SendDropSec : 0.000
Total Time : 10015.145 	 TPS : 342.908 	 RecvSec : 50.986 	 SendSec : 50935.293 	 SendDropSec : 0.000
Total Time : 10016.417 	 TPS : 339.594 	 RecvSec : 43.235 	 SendSec : 43192.145 	 SendDropSec : 0.000
Total Time : 10017.586 	 TPS : 162.454 	 RecvSec : 17.955 	 SendSec : 17937.530 	 SendDropSec : 0.000
Total Time : 10018.747 	 TPS : 406.551 	 RecvSec : 54.264 	 SendSec : 54209.909 	 SendDropSec : 0.000
Total Time : 10019.748 	 TPS : 530.810 	 RecvSec : 72.974 	 SendSec : 72900.880 	 SendDropSec : 0.000
Total Time : 10021.175 	 TPS : 224.231 	 RecvSec : 33.635 	 SendSec : 33600.962 	 SendDropSec : 0.000
Total Time : 10022.233 	 TPS : 329.630 	 RecvSec : 44.391 	 SendSec : 44347.027 	 SendDropSec : 0.000
Total Time : 10023.326 	 TPS : 433.756 	 RecvSec : 57.651 	 SendSec : 57593.456 	 SendDropSec : 0.000
Total Time : 10024.519 	 TPS : 379.702 	 RecvSec : 52.806 	 SendSec : 52753.501 	 SendDropSec : 0.000
Total Time : 10025.519 	 TPS : 362.964 	 RecvSec : 47.995 	 SendSec : 47947.282 	 SendDropSec : 0.000
Total Time : 10026.520 	 TPS : 529.746 	 RecvSec : 82.960 	 SendSec : 82877.302 	 SendDropSec : 0.000
Total Time : 10027.524 	 TPS : 456.940 	 RecvSec : 70.681 	 SendSec : 70610.603 	 SendDropSec : 0.000
Total Time : 10028.525 	 TPS : 155.923 	 RecvSec : 13.993 	 SendSec : 13979.110 	 SendDropSec : 0.000
Total Time : 10029.969 	 TPS : 268.700 	 RecvSec : 36.011 	 SendSec : 35975.358 	 SendDropSec : 0.000
Total Time : 10030.970 	 TPS : 378.664 	 RecvSec : 48.957 	 SendSec : 48907.634 	 SendDropSec : 0.000
Total Time : 10031.994 	 TPS : 546.675 	 RecvSec : 75.168 	 SendSec : 75092.595 	 SendDropSec : 0.000
Total Time : 10033.002 	 TPS : 486.913 	 RecvSec : 78.342 	 SendSec : 78264.129 	 SendDropSec : 0.000
Total Time : 10034.265 	 TPS : 245.502 	 RecvSec : 37.221 	 SendSec : 37184.066 	 SendDropSec : 0.000
Total Time : 10035.328 	 TPS : 318.992 	 RecvSec : 44.226 	 SendSec : 44181.869 	 SendDropSec : 0.000
Total Time : 10036.389 	 TPS : 162.127 	 RecvSec : 19.795 	 SendSec : 19774.833 	 SendDropSec : 0.000
Total Time : 10037.389 	 TPS : 520.936 	 RecvSec : 80.990 	 SendSec : 80909.097 	 SendDropSec : 0.000
Total Time : 10038.562 	 TPS : 231.850 	 RecvSec : 34.096 	 SendSec : 34061.548 	 SendDropSec : 0.000
Total Time : 10039.623 	 TPS : 323.288 	 RecvSec : 44.299 	 SendSec : 44254.581 	 SendDropSec : 0.000
Total Time : 10040.682 	 TPS : 388.164 	 RecvSec : 57.611 	 SendSec : 57553.099 	 SendDropSec : 0.000
Total Time : 10041.682 	 TPS : 429.901 	 RecvSec : 61.986 	 SendSec : 61923.764 	 SendDropSec : 0.000
Total Time : 10042.991 	 TPS : 122.269 	 RecvSec : 14.519 	 SendSec : 14504.905 	 SendDropSec : 0.000
Total Time : 10044.051 	 TPS : 312.078 	 RecvSec : 44.313 	 SendSec : 44268.947 	 SendDropSec : 0.000
Total Time : 10045.210 	 TPS : 157.067 	 RecvSec : 18.123 	 SendSec : 18105.023 	 SendDropSec : 0.000
Total Time : 10046.773 	 TPS : 261.625 	 RecvSec : 37.101 	 SendSec : 37063.688 	 SendDropSec : 0.000
Total Time : 10047.832 	 TPS : 338.110 	 RecvSec : 44.389 	 SendSec : 44344.417 	 SendDropSec : 0.000
Total Time : 10048.865 	 TPS : 202.303 	 RecvSec : 23.231 	 SendSec : 23207.713 	 SendDropSec : 0.000
Total Time : 10049.876 	 TPS : 364.945 	 RecvSec : 54.396 	 SendSec : 54341.193 	 SendDropSec : 0.000
Total Time : 10050.936 	 TPS : 309.611 	 RecvSec : 44.365 	 SendSec : 44320.692 	 SendDropSec : 0.000
Total Time : 10052.055 	 TPS : 371.707 	 RecvSec : 56.292 	 SendSec : 56235.872 	 SendDropSec : 0.000
Total Time : 10053.055 	 TPS : 348.902 	 RecvSec : 45.987 	 SendSec : 45941.123 	 SendDropSec : 0.000
Total Time : 10054.064 	 TPS : 311.415 	 RecvSec : 37.687 	 SendSec : 37649.438 	 SendDropSec : 0.000
Total Time : 10055.172 	 TPS : 394.396 	 RecvSec : 56.858 	 SendSec : 56801.167 	 SendDropSec : 0.000
Total Time : 10056.224 	 TPS : 423.006 	 RecvSec : 57.985 	 SendSec : 57927.092 	 SendDropSec : 0.000
Total Time : 10057.224 	 TPS : 339.780 	 RecvSec : 46.970 	 SendSec : 46922.599 	 SendDropSec : 0.000
Total Time : 10058.224 	 TPS : 352.958 	 RecvSec : 41.995 	 SendSec : 41953.066 	 SendDropSec : 0.000
Total Time : 10059.225 	 TPS : 346.785 	 RecvSec : 48.970 	 SendSec : 48920.615 	 SendDropSec : 0.000
Total Time : 10060.512 	 TPS : 271.239 	 RecvSec : 37.305 	 SendSec : 37267.773 	 SendDropSec : 0.000
Total Time : 10061.573 	 TPS : 316.562 	 RecvSec : 44.281 	 SendSec : 44236.736 	 SendDropSec : 0.000
Total Time : 10062.591 	 TPS : 438.278 	 RecvSec : 59.944 	 SendSec : 59883.894 	 SendDropSec : 0.000
Total Time : 10063.735 	 TPS : 135.479 	 RecvSec : 15.733 	 SendSec : 15717.288 	 SendDropSec : 0.000
Total Time : 10064.736 	 TPS : 412.541 	 RecvSec : 49.944 	 SendSec : 49894.433 	 SendDropSec : 0.000
Total Time : 10065.736 	 TPS : 552.916 	 RecvSec : 78.988 	 SendSec : 78909.014 	 SendDropSec : 0.000
Total Time : 10066.737 	 TPS : 388.675 	 RecvSec : 65.945 	 SendSec : 65878.866 	 SendDropSec : 0.000
Total Time : 10067.737 	 TPS : 644.868 	 RecvSec : 101.979 	 SendSec : 101877.095 	 SendDropSec : 0.000
Total Time : 10068.786 	 TPS : 458.777 	 RecvSec : 64.858 	 SendSec : 64793.432 	 SendDropSec : 0.000
Total Time : 10069.786 	 TPS : 477.812 	 RecvSec : 62.975 	 SendSec : 62912.219 	 SendDropSec : 0.000
Total Time : 10070.787 	 TPS : 188.735 	 RecvSec : 19.972 	 SendSec : 19951.936 	 SendDropSec : 0.000
Total Time : 10072.043 	 TPS : 312.905 	 RecvSec : 44.587 	 SendSec : 44542.348 	 SendDropSec : 0.000
Total Time : 10073.105 	 TPS : 337.101 	 RecvSec : 44.256 	 SendSec : 44212.027 	 SendDropSec : 0.000
Total Time : 10074.370 	 TPS : 396.037 	 RecvSec : 49.801 	 SendSec : 49751.303 	 SendDropSec : 0.000
Total Time : 10075.484 	 TPS : 169.748 	 RecvSec : 18.861 	 SendSec : 18841.977 	 SendDropSec : 0.000
Total Time : 10076.494 	 TPS : 499.035 	 RecvSec : 65.350 	 SendSec : 65284.511 	 SendDropSec : 0.000
Total Time : 10077.687 	 TPS : 329.401 	 RecvSec : 46.099 	 SendSec : 46053.324 	 SendDropSec : 0.000
Total Time : 10078.749 	 TPS : 334.080 	 RecvSec : 44.230 	 SendSec : 44186.085 	 SendDropSec : 0.000
Total Time : 10080.010 	 TPS : 380.632 	 RecvSec : 49.958 	 SendSec : 49908.053 	 SendDropSec : 0.000
Total Time : 10081.033 	 TPS : 135.956 	 RecvSec : 18.584 	 SendSec : 18565.375 	 SendDropSec : 0.000
Total Time : 10082.058 	 TPS : 312.174 	 RecvSec : 46.826 	 SendSec : 46779.253 	 SendDropSec : 0.000
Total Time : 10083.199 	 TPS : 140.161 	 RecvSec : 14.892 	 SendSec : 14877.245 	 SendDropSec : 0.000
Total Time : 10084.200 	 TPS : 588.704 	 RecvSec : 86.956 	 SendSec : 86869.279 	 SendDropSec : 0.000
Total Time : 10085.493 	 TPS : 196.481 	 RecvSec : 26.301 	 SendSec : 26274.301 	 SendDropSec : 0.000
Total Time : 10086.554 	 TPS : 335.565 	 RecvSec : 44.302 	 SendSec : 44257.848 	 SendDropSec : 0.000
Total Time : 10087.554 	 TPS : 244.975 	 RecvSec : 27.997 	 SendSec : 27969.144 	 SendDropSec : 0.000
Total Time : 10088.554 	 TPS : 533.970 	 RecvSec : 70.996 	 SendSec : 70924.950 	 SendDropSec : 0.000
Total Time : 10090.015 	 TPS : 190.268 	 RecvSec : 29.430 	 SendSec : 29400.580 	 SendDropSec : 0.000
Total Time : 10091.077 	 TPS : 318.362 	 RecvSec : 44.269 	 SendSec : 44224.982 	 SendDropSec : 0.000
Total Time : 10092.079 	 TPS : 349.235 	 RecvSec : 45.899 	 SendSec : 45853.521 	 SendDropSec : 0.000
Total Time : 10093.106 	 TPS : 583.067 	 RecvSec : 81.766 	 SendSec : 81683.914 	 SendDropSec : 0.000
Total Time : 10094.107 	 TPS : 512.393 	 RecvSec : 88.895 	 SendSec : 88805.765 	 SendDropSec : 0.000
Total Time : 10095.137 	 TPS : 271.064 	 RecvSec : 47.606 	 SendSec : 47558.561 	 SendDropSec : 0.000
Total Time : 10096.200 	 TPS : 385.447 	 RecvSec : 48.886 	 SendSec : 48837.115 	 SendDropSec : 0.000
Total Time : 10097.201 	 TPS : 692.585 	 RecvSec : 118.929 	 SendSec : 118809.833 	 SendDropSec : 0.000
Total Time : 10098.202 	 TPS : 542.125 	 RecvSec : 66.892 	 SendSec : 66825.191 	 SendDropSec : 0.000
Total Time : 10099.233 	 TPS : 420.153 	 RecvSec : 59.190 	 SendSec : 59130.924 	 SendDropSec : 0.000
Total Time : 10100.401 	 TPS : 145.607 	 RecvSec : 17.987 	 SendSec : 17968.808 	 SendDropSec : 0.000
Total Time : 10101.409 	 TPS : 590.971 	 RecvSec : 88.249 	 SendSec : 88160.778 	 SendDropSec : 0.000
Total Time : 10102.605 	 TPS : 172.309 	 RecvSec : 26.767 	 SendSec : 26739.741 	 SendDropSec : 0.000
Total Time : 10103.639 	 TPS : 362.644 	 RecvSec : 48.353 	 SendSec : 48304.231 	 SendDropSec : 0.000
Total Time : 10104.689 	 TPS : 412.240 	 RecvSec : 68.548 	 SendSec : 68479.365 	 SendDropSec : 0.000
Total Time : 10105.725 	 TPS : 272.272 	 RecvSec : 55.999 	 SendSec : 55943.178 	 SendDropSec : 0.000
Total Time : 10106.850 	 TPS : 264.762 	 RecvSec : 36.427 	 SendSec : 36390.500 	 SendDropSec : 0.000
Total Time : 10107.850 	 TPS : 375.914 	 RecvSec : 60.986 	 SendSec : 60925.085 	 SendDropSec : 0.000
Total Time : 10108.986 	 TPS : 475.420 	 RecvSec : 70.433 	 SendSec : 70362.128 	 SendDropSec : 0.000
Total Time : 10110.048 	 TPS : 430.406 	 RecvSec : 59.334 	 SendSec : 59274.550 	 SendDropSec : 0.000
Total Time : 10111.088 	 TPS : 400.033 	 RecvSec : 58.659 	 SendSec : 58600.021 	 SendDropSec : 0.000
Total Time : 10112.332 	 TPS : 114.188 	 RecvSec : 14.475 	 SendSec : 14460.080 	 SendDropSec : 0.000
Total Time : 10113.392 	 TPS : 330.072 	 RecvSec : 44.324 	 SendSec : 44279.580 	 SendDropSec : 0.000
Total Time : 10114.394 	 TPS : 420.335 	 RecvSec : 60.904 	 SendSec : 60842.710 	 SendDropSec : 0.000
Total Time : 10115.394 	 TPS : 282.915 	 RecvSec : 34.989 	 SendSec : 34954.472 	 SendDropSec : 0.000
Total Time : 10116.395 	 TPS : 346.637 	 RecvSec : 52.945 	 SendSec : 52891.675 	 SendDropSec : 0.000
Total Time : 10117.430 	 TPS : 548.863 	 RecvSec : 97.597 	 SendSec : 97499.551 	 SendDropSec : 0.000
Total Time : 10118.430 	 TPS : 495.983 	 RecvSec : 67.998 	 SendSec : 67929.738 	 SendDropSec : 0.000
Total Time : 10119.447 	 TPS : 433.602 	 RecvSec : 67.843 	 SendSec : 67774.689 	 SendDropSec : 0.000
Total Time : 10120.486 	 TPS : 717.162 	 RecvSec : 111.665 	 SendSec : 111553.826 	 SendDropSec : 0.000
Total Time : 10121.539 	 TPS : 169.954 	 RecvSec : 20.888 	 SendSec : 20867.277 	 SendDropSec : 0.000
Total Time : 10122.557 	 TPS : 410.587 	 RecvSec : 56.971 	 SendSec : 56914.489 	 SendDropSec : 0.000
Total Time : 10123.617 	 TPS : 322.525 	 RecvSec : 44.324 	 SendSec : 44279.226 	 SendDropSec : 0.000
Total Time : 10124.629 	 TPS : 261.066 	 RecvSec : 31.644 	 SendSec : 31612.717 	 SendDropSec : 0.000
Total Time : 10125.729 	 TPS : 539.676 	 RecvSec : 89.946 	 SendSec : 89856.005 	 SendDropSec : 0.000
Total Time : 10126.978 	 TPS : 539.754 	 RecvSec : 96.099 	 SendSec : 96002.491 	 SendDropSec : 0.000
Total Time : 10128.227 	 TPS : 361.113 	 RecvSec : 51.244 	 SendSec : 51193.207 	 SendDropSec : 0.000
Total Time : 10129.227 	 TPS : 410.781 	 RecvSec : 60.967 	 SendSec : 60906.506 	 SendDropSec : 0.000
Total Time : 10130.234 	 TPS : 156.930 	 RecvSec : 20.858 	 SendSec : 20836.923 	 SendDropSec : 0.000
Total Time : 10131.235 	 TPS : 317.820 	 RecvSec : 46.973 	 SendSec : 46926.393 	 SendDropSec : 0.000
Total Time : 10132.407 	 TPS : 128.002 	 RecvSec : 15.360 	 SendSec : 15344.919 	 SendDropSec : 0.000
Total Time : 10133.407 	 TPS : 597.868 	 RecvSec : 86.981 	 SendSec : 86893.866 	 SendDropSec : 0.000
Total Time : 10134.410 	 TPS : 288.169 	 RecvSec : 38.888 	 SendSec : 38848.936 	 SendDropSec : 0.000
Total Time : 10135.434 	 TPS : 427.471 	 RecvSec : 61.486 	 SendSec : 61424.064 	 SendDropSec : 0.000
Total Time : 10136.435 	 TPS : 631.579 	 RecvSec : 100.933 	 SendSec : 100831.745 	 SendDropSec : 0.000
Total Time : 10137.719 	 TPS : 119.915 	 RecvSec : 15.573 	 SendSec : 15557.779 	 SendDropSec : 0.000
Total Time : 10138.782 	 TPS : 323.783 	 RecvSec : 44.238 	 SendSec : 44193.596 	 SendDropSec : 0.000
Total Time : 10139.792 	 TPS : 126.680 	 RecvSec : 18.804 	 SendSec : 18785.259 	 SendDropSec : 0.000
Total Time : 10140.793 	 TPS : 410.711 	 RecvSec : 54.961 	 SendSec : 54906.308 	 SendDropSec : 0.000
Total Time : 10141.850 	 TPS : 408.486 	 RecvSec : 64.299 	 SendSec : 64234.386 	 SendDropSec : 0.000
Total Time : 10142.880 	 TPS : 446.977 	 RecvSec : 61.216 	 SendSec : 61155.171 	 SendDropSec : 0.000
Total Time : 10144.009 	 TPS : 276.124 	 RecvSec : 55.756 	 SendSec : 55700.049 	 SendDropSec : 0.000
Total Time : 10145.071 	 TPS : 330.655 	 RecvSec : 44.276 	 SendSec : 44231.419 	 SendDropSec : 0.000
Total Time : 10146.072 	 TPS : 427.569 	 RecvSec : 61.938 	 SendSec : 61875.592 	 SendDropSec : 0.000
Total Time : 10147.273 	 TPS : 99.958 	 RecvSec : 14.161 	 SendSec : 14146.509 	 SendDropSec : 0.000
Total Time : 10148.339 	 TPS : 336.678 	 RecvSec : 44.078 	 SendSec : 44033.500 	 SendDropSec : 0.000
Total Time : 10149.339 	 TPS : 383.782 	 RecvSec : 54.969 	 SendSec : 54913.749 	 SendDropSec : 0.000
Total Time : 10150.340 	 TPS : 377.751 	 RecvSec : 52.965 	 SendSec : 52912.189 	 SendDropSec : 0.000
Total Time : 10151.341 	 TPS : 597.681 	 RecvSec : 84.955 	 SendSec : 84869.773 	 SendDropSec : 0.000
Total Time : 10152.357 	 TPS : 486.908 	 RecvSec : 86.561 	 SendSec : 86474.874 	 SendDropSec : 0.000
Total Time : 10153.404 	 TPS : 297.186 	 RecvSec : 50.646 	 SendSec : 50595.266 	 SendDropSec : 0.000
Total Time : 10154.423 	 TPS : 347.349 	 RecvSec : 47.098 	 SendSec : 47051.062 	 SendDropSec : 0.000
Total Time : 10155.444 	 TPS : 474.848 	 RecvSec : 71.472 	 SendSec : 71400.549 	 SendDropSec : 0.000
Total Time : 10156.449 	 TPS : 601.044 	 RecvSec : 110.457 	 SendSec : 110346.372 	 SendDropSec : 0.000
Total Time : 10157.661 	 TPS : 92.409 	 RecvSec : 14.026 	 SendSec : 14012.308 	 SendDropSec : 0.000
Total Time : 10158.662 	 TPS : 406.790 	 RecvSec : 51.973 	 SendSec : 51921.198 	 SendDropSec : 0.000
Total Time : 10159.676 	 TPS : 548.866 	 RecvSec : 86.715 	 SendSec : 86628.153 	 SendDropSec : 0.000
Total Time : 10160.678 	 TPS : 350.628 	 RecvSec : 51.945 	 SendSec : 51892.952 	 SendDropSec : 0.000
Total Time : 10161.685 	 TPS : 415.896 	 RecvSec : 61.541 	 SendSec : 61479.120 	 SendDropSec : 0.000
Total Time : 10163.175 	 TPS : 224.863 	 RecvSec : 40.945 	 SendSec : 40904.329 	 SendDropSec : 0.000
Total Time : 10164.240 	 TPS : 312.612 	 RecvSec : 44.122 	 SendSec : 44078.293 	 SendDropSec : 0.000
Total Time : 10165.266 	 TPS : 407.380 	 RecvSec : 59.450 	 SendSec : 59390.749 	 SendDropSec : 0.000
Total Time : 10166.270 	 TPS : 132.430 	 RecvSec : 17.923 	 SendSec : 17904.969 	 SendDropSec : 0.000
Total Time : 10167.336 	 TPS : 392.243 	 RecvSec : 48.796 	 SendSec : 48746.944 	 SendDropSec : 0.000
Total Time : 10168.817 	 TPS : 307.990 	 RecvSec : 49.981 	 SendSec : 49930.810 	 SendDropSec : 0.000
Total Time : 10169.882 	 TPS : 398.850 	 RecvSec : 48.800 	 SendSec : 48751.697 	 SendDropSec : 0.000
Total Time : 10171.031 	 TPS : 390.846 	 RecvSec : 68.768 	 SendSec : 68699.288 	 SendDropSec : 0.000
Total Time : 10172.073 	 TPS : 386.736 	 RecvSec : 58.538 	 SendSec : 58479.723 	 SendDropSec : 0.000
Total Time : 10173.074 	 TPS : 343.669 	 RecvSec : 46.955 	 SendSec : 46907.856 	 SendDropSec : 0.000
Total Time : 10174.231 	 TPS : 354.456 	 RecvSec : 51.872 	 SendSec : 51819.752 	 SendDropSec : 0.000
Total Time : 10175.231 	 TPS : 441.886 	 RecvSec : 61.984 	 SendSec : 61921.999 	 SendDropSec : 0.000
Total Time : 10176.258 	 TPS : 261.920 	 RecvSec : 29.210 	 SendSec : 29181.197 	 SendDropSec : 0.000
Total Time : 10177.286 	 TPS : 407.581 	 RecvSec : 56.419 	 SendSec : 56362.969 	 SendDropSec : 0.000
Total Time : 10178.295 	 TPS : 502.618 	 RecvSec : 70.386 	 SendSec : 70315.957 	 SendDropSec : 0.000
Total Time : 10179.451 	 TPS : 485.950 	 RecvSec : 81.280 	 SendSec : 81198.647 	 SendDropSec : 0.000
Total Time : 10180.472 	 TPS : 223.357 	 RecvSec : 29.389 	 SendSec : 29359.660 	 SendDropSec : 0.000
Total Time : 10181.862 	 TPS : 242.441 	 RecvSec : 35.251 	 SendSec : 35215.789 	 SendDropSec : 0.000
Total Time : 10182.930 	 TPS : 398.952 	 RecvSec : 48.698 	 SendSec : 48649.665 	 SendDropSec : 0.000
Total Time : 10184.561 	 TPS : 253.761 	 RecvSec : 45.358 	 SendSec : 45312.932 	 SendDropSec : 0.000
Total Time : 10185.631 	 TPS : 327.310 	 RecvSec : 43.953 	 SendSec : 43909.131 	 SendDropSec : 0.000
Total Time : 10186.631 	 TPS : 142.968 	 RecvSec : 18.996 	 SendSec : 18976.717 	 SendDropSec : 0.000
Total Time : 10187.637 	 TPS : 329.845 	 RecvSec : 47.688 	 SendSec : 47640.725 	 SendDropSec : 0.000
Total Time : 10188.790 	 TPS : 112.749 	 RecvSec : 14.744 	 SendSec : 14729.405 	 SendDropSec : 0.000
Total Time : 10190.241 	 TPS : 255.714 	 RecvSec : 39.977 	 SendSec : 39936.889 	 SendDropSec : 0.000
Total Time : 10191.310 	 TPS : 340.580 	 RecvSec : 43.976 	 SendSec : 43932.073 	 SendDropSec : 0.000
Total Time : 10192.450 	 TPS : 413.953 	 RecvSec : 55.252 	 SendSec : 55196.913 	 SendDropSec : 0.000
Total Time : 10193.472 	 TPS : 411.862 	 RecvSec : 59.676 	 SendSec : 59616.276 	 SendDropSec : 0.000
Total Time : 10194.735 	 TPS : 99.774 	 RecvSec : 14.253 	 SendSec : 14239.186 	 SendDropSec : 0.000
Total Time : 10195.804 	 TPS : 330.214 	 RecvSec : 43.966 	 SendSec : 43922.226 	 SendDropSec : 0.000
Total Time : 10196.805 	 TPS : 409.872 	 RecvSec : 55.983 	 SendSec : 55926.557 	 SendDropSec : 0.000
Total Time : 10197.837 	 TPS : 475.604 	 RecvSec : 79.429 	 SendSec : 79349.335 	 SendDropSec : 0.000
Total Time : 10198.848 	 TPS : 517.471 	 RecvSec : 80.144 	 SendSec : 80063.553 	 SendDropSec : 0.000
Total Time : 10199.881 	 TPS : 369.769 	 RecvSec : 52.271 	 SendSec : 52218.735 	 SendDropSec : 0.000
Total Time : 10201.003 	 TPS : 344.716 	 RecvSec : 51.663 	 SendSec : 51611.264 	 SendDropSec : 0.000
Total Time : 10202.072 	 TPS : 303.271 	 RecvSec : 43.993 	 SendSec : 43949.060 	 SendDropSec : 0.000
Total Time : 10203.072 	 TPS : 253.924 	 RecvSec : 30.991 	 SendSec : 30959.752 	 SendDropSec : 0.000
Total Time : 10204.537 	 TPS : 200.009 	 RecvSec : 32.766 	 SendSec : 32733.155 	 SendDropSec : 0.000
Total Time : 10205.607 	 TPS : 334.701 	 RecvSec : 43.941 	 SendSec : 43897.317 	 SendDropSec : 0.000
Total Time : 10206.770 	 TPS : 125.522 	 RecvSec : 18.055 	 SendSec : 18036.500 	 SendDropSec : 0.000
Total Time : 10208.023 	 TPS : 503.651 	 RecvSec : 83.809 	 SendSec : 83724.986 	 SendDropSec : 0.000
Total Time : 10209.247 	 TPS : 369.135 	 RecvSec : 51.450 	 SendSec : 51398.735 	 SendDropSec : 0.000
Total Time : 10210.248 	 TPS : 387.773 	 RecvSec : 52.969 	 SendSec : 52915.997 	 SendDropSec : 0.000
Total Time : 10211.388 	 TPS : 139.453 	 RecvSec : 22.804 	 SendSec : 22780.757 	 SendDropSec : 0.000
Total Time : 10212.455 	 TPS : 320.319 	 RecvSec : 44.020 	 SendSec : 43976.384 	 SendDropSec : 0.000
Total Time : 10213.548 	 TPS : 397.095 	 RecvSec : 57.643 	 SendSec : 57585.162 	 SendDropSec : 0.000
Total Time : 10214.555 	 TPS : 190.751 	 RecvSec : 23.844 	 SendSec : 23820.029 	 SendDropSec : 0.000
Total Time : 10215.656 	 TPS : 302.394 	 RecvSec : 49.945 	 SendSec : 49895.007 	 SendDropSec : 0.000
Total Time : 10216.724 	 TPS : 325.012 	 RecvSec : 44.022 	 SendSec : 43977.710 	 SendDropSec : 0.000
Total Time : 10217.724 	 TPS : 336.845 	 RecvSec : 45.979 	 SendSec : 45932.889 	 SendDropSec : 0.000
Total Time : 10218.974 	 TPS : 153.631 	 RecvSec : 26.405 	 SendSec : 26378.962 	 SendDropSec : 0.000
Total Time : 10220.040 	 TPS : 318.060 	 RecvSec : 44.097 	 SendSec : 44052.760 	 SendDropSec : 0.000
Total Time : 10221.053 	 TPS : 410.441 	 RecvSec : 60.185 	 SendSec : 60124.606 	 SendDropSec : 0.000
Total Time : 10222.056 	 TPS : 337.027 	 RecvSec : 47.862 	 SendSec : 47813.904 	 SendDropSec : 0.000
Total Time : 10223.184 	 TPS : 195.055 	 RecvSec : 29.258 	 SendSec : 29229.015 	 SendDropSec : 0.000
Total Time : 10224.251 	 TPS : 337.376 	 RecvSec : 44.046 	 SendSec : 44002.203 	 SendDropSec : 0.000
Total Time : 10225.252 	 TPS : 402.687 	 RecvSec : 58.954 	 SendSec : 58895.280 	 SendDropSec : 0.000
Total Time : 10226.288 	 TPS : 462.475 	 RecvSec : 62.758 	 SendSec : 62694.747 	 SendDropSec : 0.000
Total Time : 10227.304 	 TPS : 220.332 	 RecvSec : 25.574 	 SendSec : 25548.641 	 SendDropSec : 0.000
Total Time : 10228.314 	 TPS : 494.138 	 RecvSec : 68.328 	 SendSec : 68259.335 	 SendDropSec : 0.000
Total Time : 10229.762 	 TPS : 228.622 	 RecvSec : 33.844 	 SendSec : 33810.502 	 SendDropSec : 0.000
Total Time : 10230.827 	 TPS : 353.153 	 RecvSec : 44.144 	 SendSec : 44099.937 	 SendDropSec : 0.000
Total Time : 10231.830 	 TPS : 408.812 	 RecvSec : 60.823 	 SendSec : 60762.430 	 SendDropSec : 0.000
Total Time : 10232.830 	 TPS : 274.882 	 RecvSec : 32.986 	 SendSec : 32952.870 	 SendDropSec : 0.000
Total Time : 10233.846 	 TPS : 587.556 	 RecvSec : 76.766 	 SendSec : 76689.394 	 SendDropSec : 0.000
Total Time : 10234.847 	 TPS : 258.824 	 RecvSec : 34.976 	 SendSec : 34941.195 	 SendDropSec : 0.000
Total Time : 10235.848 	 TPS : 461.468 	 RecvSec : 61.929 	 SendSec : 61866.723 	 SendDropSec : 0.000
Total Time : 10237.033 	 TPS : 251.504 	 RecvSec : 52.326 	 SendSec : 52274.089 	 SendDropSec : 0.000
Total Time : 10238.100 	 TPS : 318.568 	 RecvSec : 44.037 	 SendSec : 43993.257 	 SendDropSec : 0.000
Total Time : 10239.130 	 TPS : 150.473 	 RecvSec : 20.387 	 SendSec : 20366.221 	 SendDropSec : 0.000
Total Time : 10240.356 	 TPS : 319.895 	 RecvSec : 47.331 	 SendSec : 47284.079 	 SendDropSec : 0.000
Total Time : 10241.422 	 TPS : 406.070 	 RecvSec : 48.766 	 SendSec : 48717.156 	 SendDropSec : 0.000
Total Time : 10242.423 	 TPS : 493.665 	 RecvSec : 72.951 	 SendSec : 72877.560 	 SendDropSec : 0.000
Total Time : 10243.429 	 TPS : 63.564 	 RecvSec : 5.959 	 SendSec : 5953.126 	 SendDropSec : 0.000
Total Time : 10244.431 	 TPS : 700.598 	 RecvSec : 98.802 	 SendSec : 98703.544 	 SendDropSec : 0.000
Total Time : 10245.432 	 TPS : 528.903 	 RecvSec : 69.987 	 SendSec : 69917.114 	 SendDropSec : 0.000
Total Time : 10246.463 	 TPS : 393.664 	 RecvSec : 60.116 	 SendSec : 60056.112 	 SendDropSec : 0.000
Total Time : 10247.464 	 TPS : 291.841 	 RecvSec : 36.980 	 SendSec : 36942.903 	 SendDropSec : 0.000
Total Time : 10248.633 	 TPS : 263.336 	 RecvSec : 40.184 	 SendSec : 40144.137 	 SendDropSec : 0.000
Total Time : 10249.633 	 TPS : 620.869 	 RecvSec : 102.978 	 SendSec : 102875.345 	 SendDropSec : 0.000
Total Time : 10250.769 	 TPS : 111.880 	 RecvSec : 15.857 	 SendSec : 15841.116 	 SendDropSec : 0.000
Total Time : 10251.835 	 TPS : 356.177 	 RecvSec : 44.053 	 SendSec : 44009.409 	 SendDropSec : 0.000
Total Time : 10252.943 	 TPS : 131.807 	 RecvSec : 18.959 	 SendSec : 18939.632 	 SendDropSec : 0.000
Total Time : 10254.607 	 TPS : 232.522 	 RecvSec : 34.848 	 SendSec : 34813.421 	 SendDropSec : 0.000
Total Time : 10255.624 	 TPS : 346.257 	 RecvSec : 46.233 	 SendSec : 46186.957 	 SendDropSec : 0.000
Total Time : 10256.693 	 TPS : 409.770 	 RecvSec : 58.940 	 SendSec : 58880.620 	 SendDropSec : 0.000
Total Time : 10257.705 	 TPS : 148.164 	 RecvSec : 20.743 	 SendSec : 20722.231 	 SendDropSec : 0.000
Total Time : 10258.706 	 TPS : 655.704 	 RecvSec : 103.953 	 SendSec : 103849.091 	 SendDropSec : 0.000
Total Time : 10259.714 	 TPS : 378.858 	 RecvSec : 61.490 	 SendSec : 61428.548 	 SendDropSec : 0.000
Total Time : 10260.849 	 TPS : 391.937 	 RecvSec : 57.249 	 SendSec : 57191.963 	 SendDropSec : 0.000
Total Time : 10262.039 	 TPS : 370.029 	 RecvSec : 52.981 	 SendSec : 52928.381 	 SendDropSec : 0.000
Total Time : 10263.157 	 TPS : 141.297 	 RecvSec : 18.780 	 SendSec : 18761.142 	 SendDropSec : 0.000
Total Time : 10264.165 	 TPS : 582.065 	 RecvSec : 87.260 	 SendSec : 87172.870 	 SendDropSec : 0.000
Total Time : 10265.333 	 TPS : 237.269 	 RecvSec : 32.549 	 SendSec : 32516.921 	 SendDropSec : 0.000
Total Time : 10266.370 	 TPS : 448.054 	 RecvSec : 63.595 	 SendSec : 63531.211 	 SendDropSec : 0.000
Total Time : 10267.418 	 TPS : 550.831 	 RecvSec : 95.465 	 SendSec : 95369.155 	 SendDropSec : 0.000
Total Time : 10268.430 	 TPS : 443.711 	 RecvSec : 62.258 	 SendSec : 62195.665 	 SendDropSec : 0.000
Total Time : 10269.430 	 TPS : 401.808 	 RecvSec : 56.973 	 SendSec : 56915.823 	 SendDropSec : 0.000
Total Time : 10270.569 	 TPS : 413.528 	 RecvSec : 62.336 	 SendSec : 62274.162 	 SendDropSec : 0.000
Total Time : 10271.571 	 TPS : 165.694 	 RecvSec : 21.959 	 SendSec : 21937.460 	 SendDropSec : 0.000
Total Time : 10272.571 	 TPS : 898.959 	 RecvSec : 55.997 	 SendSec : 55941.427 	 SendDropSec : 0.000
Total Time : 10273.593 	 TPS : 1625.171 	 RecvSec : 45.035 	 SendSec : 44989.823 	 SendDropSec : 0.000
Total Time : 10274.845 	 TPS : 105.396 	 RecvSec : 14.372 	 SendSec : 14357.820 	 SendDropSec : 0.000
Total Time : 10275.910 	 TPS : 332.363 	 RecvSec : 44.127 	 SendSec : 44083.226 	 SendDropSec : 0.000
Total Time : 10276.910 	 TPS : 435.934 	 RecvSec : 62.990 	 SendSec : 62927.460 	 SendDropSec : 0.000
Total Time : 10277.955 	 TPS : 459.385 	 RecvSec : 65.080 	 SendSec : 65014.513 	 SendDropSec : 0.000
Total Time : 10278.960 	 TPS : 527.355 	 RecvSec : 80.596 	 SendSec : 80515.200 	 SendDropSec : 0.000
Total Time : 10280.007 	 TPS : 388.860 	 RecvSec : 56.370 	 SendSec : 56314.019 	 SendDropSec : 0.000
Total Time : 10281.016 	 TPS : 527.427 	 RecvSec : 77.329 	 SendSec : 77252.124 	 SendDropSec : 0.000
Total Time : 10282.017 	 TPS : 330.486 	 RecvSec : 50.921 	 SendSec : 50869.958 	 SendDropSec : 0.000
Total Time : 10283.056 	 TPS : 609.086 	 RecvSec : 98.146 	 SendSec : 98048.338 	 SendDropSec : 0.000
Total Time : 10284.225 	 TPS : 164.364 	 RecvSec : 19.689 	 SendSec : 19669.703 	 SendDropSec : 0.000
Total Time : 10285.231 	 TPS : 523.595 	 RecvSec : 73.522 	 SendSec : 73448.300 	 SendDropSec : 0.000
Total Time : 10286.534 	 TPS : 215.681 	 RecvSec : 36.075 	 SendSec : 36038.679 	 SendDropSec : 0.000
Total Time : 10287.598 	 TPS : 339.273 	 RecvSec : 44.171 	 SendSec : 44127.076 	 SendDropSec : 0.000
Total Time : 10288.722 	 TPS : 366.615 	 RecvSec : 56.060 	 SendSec : 56003.957 	 SendDropSec : 0.000
Total Time : 10289.815 	 TPS : 396.055 	 RecvSec : 57.625 	 SendSec : 57566.948 	 SendDropSec : 0.000
Total Time : 10290.815 	 TPS : 329.919 	 RecvSec : 48.988 	 SendSec : 48938.956 	 SendDropSec : 0.000
Total Time : 10291.911 	 TPS : 514.751 	 RecvSec : 70.276 	 SendSec : 70205.993 	 SendDropSec : 0.000
Total Time : 10292.958 	 TPS : 423.114 	 RecvSec : 60.172 	 SendSec : 60111.828 	 SendDropSec : 0.000
Total Time : 10293.959 	 TPS : 510.713 	 RecvSec : 68.961 	 SendSec : 68892.338 	 SendDropSec : 0.000
Total Time : 10294.965 	 TPS : 460.931 	 RecvSec : 77.484 	 SendSec : 77406.534 	 SendDropSec : 0.000
Total Time : 10295.982 	 TPS : 570.310 	 RecvSec : 87.513 	 SendSec : 87425.587 	 SendDropSec : 0.000
Total Time : 10296.992 	 TPS : 536.540 	 RecvSec : 81.174 	 SendSec : 81092.792 	 SendDropSec : 0.000
Total Time : 10298.036 	 TPS : 410.861 	 RecvSec : 69.913 	 SendSec : 69843.560 	 SendDropSec : 0.000
Total Time : 10299.052 	 TPS : 370.094 	 RecvSec : 49.215 	 SendSec : 49165.433 	 SendDropSec : 0.000
Total Time : 10300.053 	 TPS : 496.769 	 RecvSec : 75.965 	 SendSec : 75888.651 	 SendDropSec : 0.000
Total Time : 10301.077 	 TPS : 572.075 	 RecvSec : 108.362 	 SendSec : 108253.884 	 SendDropSec : 0.000
Total Time : 10302.146 	 TPS : 452.924 	 RecvSec : 65.505 	 SendSec : 65439.986 	 SendDropSec : 0.000
Total Time : 10303.326 	 TPS : 385.642 	 RecvSec : 62.720 	 SendSec : 62657.043 	 SendDropSec : 0.000
Total Time : 10304.391 	 TPS : 308.018 	 RecvSec : 43.198 	 SendSec : 43154.450 	 SendDropSec : 0.000
Total Time : 10305.391 	 TPS : 287.887 	 RecvSec : 34.986 	 SendSec : 34951.226 	 SendDropSec : 0.000
Total Time : 10306.403 	 TPS : 606.008 	 RecvSec : 88.974 	 SendSec : 88884.530 	 SendDropSec : 0.000
Total Time : 10307.593 	 TPS : 417.325 	 RecvSec : 54.580 	 SendSec : 54525.096 	 SendDropSec : 0.000
Total Time : 10308.606 	 TPS : 324.082 	 RecvSec : 45.451 	 SendSec : 45405.057 	 SendDropSec : 0.000
Total Time : 10309.613 	 TPS : 518.020 	 RecvSec : 77.405 	 SendSec : 77327.897 	 SendDropSec : 0.000
Total Time : 10310.619 	 TPS : 358.812 	 RecvSec : 47.709 	 SendSec : 47661.375 	 SendDropSec : 0.000
Total Time : 10311.619 	 TPS : 379.959 	 RecvSec : 50.995 	 SendSec : 50943.549 	 SendDropSec : 0.000
Total Time : 10312.745 	 TPS : 485.994 	 RecvSec : 81.739 	 SendSec : 81657.654 	 SendDropSec : 0.000
Total Time : 10313.745 	 TPS : 315.855 	 RecvSec : 45.979 	 SendSec : 45932.921 	 SendDropSec : 0.000
Total Time : 10314.768 	 TPS : 275.809 	 RecvSec : 37.166 	 SendSec : 37128.644 	 SendDropSec : 0.000
Total Time : 10316.296 	 TPS : 249.345 	 RecvSec : 37.958 	 SendSec : 37920.093 	 SendDropSec : 0.000
Total Time : 10317.362 	 TPS : 346.010 	 RecvSec : 44.072 	 SendSec : 44027.628 	 SendDropSec : 0.000
Total Time : 10318.363 	 TPS : 258.879 	 RecvSec : 33.984 	 SendSec : 33950.115 	 SendDropSec : 0.000
Total Time : 10319.363 	 TPS : 334.874 	 RecvSec : 51.980 	 SendSec : 51928.433 	 SendDropSec : 0.000
Total Time : 10320.364 	 TPS : 545.520 	 RecvSec : 84.925 	 SendSec : 84840.290 	 SendDropSec : 0.000
Total Time : 10321.511 	 TPS : 200.591 	 RecvSec : 29.653 	 SendSec : 29622.973 	 SendDropSec : 0.000
Total Time : 10322.580 	 TPS : 387.991 	 RecvSec : 48.616 	 SendSec : 48567.121 	 SendDropSec : 0.000
Total Time : 10323.580 	 TPS : 466.930 	 RecvSec : 72.989 	 SendSec : 72916.033 	 SendDropSec : 0.000
Total Time : 10324.580 	 TPS : 77.991 	 RecvSec : 6.999 	 SendSec : 6992.185 	 SendDropSec : 0.000
Total Time : 10325.593 	 TPS : 395.050 	 RecvSec : 59.258 	 SendSec : 59198.293 	 SendDropSec : 0.000
Total Time : 10326.594 	 TPS : 331.718 	 RecvSec : 46.960 	 SendSec : 46913.100 	 SendDropSec : 0.000
Total Time : 10327.595 	 TPS : 214.835 	 RecvSec : 26.979 	 SendSec : 26952.271 	 SendDropSec : 0.000
Total Time : 10328.776 	 TPS : 472.476 	 RecvSec : 81.286 	 SendSec : 81204.946 	 SendDropSec : 0.000
Total Time : 10329.776 	 TPS : 175.911 	 RecvSec : 22.988 	 SendSec : 22965.405 	 SendDropSec : 0.000
Total Time : 10331.181 	 TPS : 256.203 	 RecvSec : 39.854 	 SendSec : 39813.900 	 SendDropSec : 0.000
Total Time : 10332.251 	 TPS : 350.674 	 RecvSec : 43.951 	 SendSec : 43907.214 	 SendDropSec : 0.000
Total Time : 10333.402 	 TPS : 137.273 	 RecvSec : 18.245 	 SendSec : 18226.937 	 SendDropSec : 0.000
Total Time : 10334.408 	 TPS : 590.251 	 RecvSec : 88.438 	 SendSec : 88349.916 	 SendDropSec : 0.000
Total Time : 10335.409 	 TPS : 192.745 	 RecvSec : 31.958 	 SendSec : 31925.737 	 SendDropSec : 0.000
Total Time : 10336.476 	 TPS : 319.571 	 RecvSec : 44.046 	 SendSec : 44002.426 	 SendDropSec : 0.000
Total Time : 10337.515 	 TPS : 432.404 	 RecvSec : 59.708 	 SendSec : 59648.586 	 SendDropSec : 0.000
Total Time : 10338.626 	 TPS : 99.863 	 RecvSec : 15.294 	 SendSec : 15279.110 	 SendDropSec : 0.000
Total Time : 10339.626 	 TPS : 380.971 	 RecvSec : 48.996 	 SendSec : 48947.251 	 SendDropSec : 0.000
Total Time : 10340.668 	 TPS : 387.043 	 RecvSec : 58.585 	 SendSec : 58526.087 	 SendDropSec : 0.000
Total Time : 10341.730 	 TPS : 150.633 	 RecvSec : 19.771 	 SendSec : 19750.828 	 SendDropSec : 0.000
Total Time : 10342.735 	 TPS : 582.242 	 RecvSec : 87.585 	 SendSec : 87497.524 	 SendDropSec : 0.000
Total Time : 10343.850 	 TPS : 210.687 	 RecvSec : 29.586 	 SendSec : 29556.240 	 SendDropSec : 0.000
Total Time : 10344.919 	 TPS : 333.950 	 RecvSec : 43.965 	 SendSec : 43921.466 	 SendDropSec : 0.000
Total Time : 10346.036 	 TPS : 140.596 	 RecvSec : 18.806 	 SendSec : 18787.088 	 SendDropSec : 0.000
Total Time : 10347.036 	 TPS : 624.946 	 RecvSec : 88.992 	 SendSec : 88903.283 	 SendDropSec : 0.000
Total Time : 10348.307 	 TPS : 154.113 	 RecvSec : 25.161 	 SendSec : 25136.170 	 SendDropSec : 0.000
Total Time : 10349.360 	 TPS : 333.374 	 RecvSec : 44.640 	 SendSec : 44595.224 	 SendDropSec : 0.000
Total Time : 10350.431 	 TPS : 411.121 	 RecvSec : 58.865 	 SendSec : 58806.244 	 SendDropSec : 0.000
Total Time : 10351.480 	 TPS : 461.283 	 RecvSec : 62.902 	 SendSec : 62839.339 	 SendDropSec : 0.000
Total Time : 10352.480 	 TPS : 446.798 	 RecvSec : 62.972 	 SendSec : 62908.572 	 SendDropSec : 0.000
Total Time : 10353.486 	 TPS : 422.458 	 RecvSec : 58.647 	 SendSec : 58588.456 	 SendDropSec : 0.000
Total Time : 10354.708 	 TPS : 98.241 	 RecvSec : 13.917 	 SendSec : 13903.529 	 SendDropSec : 0.000
Total Time : 10355.709 	 TPS : 398.345 	 RecvSec : 50.916 	 SendSec : 50865.311 	 SendDropSec : 0.000
Total Time : 10356.709 	 TPS : 453.992 	 RecvSec : 66.999 	 SendSec : 66931.889 	 SendDropSec : 0.000
Total Time : 10357.864 	 TPS : 89.238 	 RecvSec : 11.263 	 SendSec : 11251.758 	 SendDropSec : 0.000
Total Time : 10359.367 	 TPS : 261.348 	 RecvSec : 38.570 	 SendSec : 38531.878 	 SendDropSec : 0.000
Total Time : 10360.439 	 TPS : 345.154 	 RecvSec : 43.844 	 SendSec : 43800.078 	 SendDropSec : 0.000
Total Time : 10361.576 	 TPS : 366.042 	 RecvSec : 55.434 	 SendSec : 55378.782 	 SendDropSec : 0.000
Total Time : 10362.626 	 TPS : 147.670 	 RecvSec : 20.007 	 SendSec : 19986.841 	 SendDropSec : 0.000
Total Time : 10363.670 	 TPS : 367.720 	 RecvSec : 55.541 	 SendSec : 55485.464 	 SendDropSec : 0.000
Total Time : 10364.741 	 TPS : 334.134 	 RecvSec : 43.867 	 SendSec : 43822.922 	 SendDropSec : 0.000
Total Time : 10365.819 	 TPS : 392.557 	 RecvSec : 58.466 	 SendSec : 58407.461 	 SendDropSec : 0.000
Total Time : 10366.819 	 TPS : 453.719 	 RecvSec : 64.960 	 SendSec : 64894.759 	 SendDropSec : 0.000
Total Time : 10367.820 	 TPS : 458.848 	 RecvSec : 72.976 	 SendSec : 72902.913 	 SendDropSec : 0.000
Total Time : 10368.837 	 TPS : 420.747 	 RecvSec : 58.983 	 SendSec : 58924.258 	 SendDropSec : 0.000
Total Time : 10369.837 	 TPS : 428.968 	 RecvSec : 65.995 	 SendSec : 65929.029 	 SendDropSec : 0.000
Total Time : 10370.973 	 TPS : 340.813 	 RecvSec : 44.913 	 SendSec : 44868.371 	 SendDropSec : 0.000
Total Time : 10372.003 	 TPS : 158.182 	 RecvSec : 20.379 	 SendSec : 20358.922 	 SendDropSec : 0.000
Total Time : 10373.004 	 TPS : 418.446 	 RecvSec : 55.926 	 SendSec : 55870.062 	 SendDropSec : 0.000
Total Time : 10374.024 	 TPS : 445.062 	 RecvSec : 56.858 	 SendSec : 56801.277 	 SendDropSec : 0.000
Total Time : 10375.024 	 TPS : 499.974 	 RecvSec : 70.996 	 SendSec : 70925.255 	 SendDropSec : 0.000
Total Time : 10376.025 	 TPS : 605.685 	 RecvSec : 93.951 	 SendSec : 93857.213 	 SendDropSec : 0.000
Total Time : 10377.026 	 TPS : 355.823 	 RecvSec : 47.976 	 SendSec : 47928.141 	 SendDropSec : 0.000
Total Time : 10378.506 	 TPS : 185.735 	 RecvSec : 31.068 	 SendSec : 31037.308 	 SendDropSec : 0.000
Total Time : 10379.579 	 TPS : 302.035 	 RecvSec : 43.814 	 SendSec : 43769.900 	 SendDropSec : 0.000
Total Time : 10380.584 	 TPS : 165.141 	 RecvSec : 20.891 	 SendSec : 20870.486 	 SendDropSec : 0.000
Total Time : 10381.744 	 TPS : 394.951 	 RecvSec : 54.327 	 SendSec : 54272.953 	 SendDropSec : 0.000
Total Time : 10382.747 	 TPS : 583.807 	 RecvSec : 88.667 	 SendSec : 88578.282 	 SendDropSec : 0.000
Total Time : 10383.751 	 TPS : 338.664 	 RecvSec : 47.811 	 SendSec : 47763.525 	 SendDropSec : 0.000
Total Time : 10385.149 	 TPS : 216.036 	 RecvSec : 33.622 	 SendSec : 33587.898 	 SendDropSec : 0.000
Total Time : 10386.221 	 TPS : 314.345 	 RecvSec : 43.840 	 SendSec : 43796.580 	 SendDropSec : 0.000
Total Time : 10387.223 	 TPS : 198.707 	 RecvSec : 23.965 	 SendSec : 23940.676 	 SendDropSec : 0.000
Total Time : 10388.486 	 TPS : 287.473 	 RecvSec : 43.557 	 SendSec : 43512.979 	 SendDropSec : 0.000
Total Time : 10389.556 	 TPS : 316.653 	 RecvSec : 43.902 	 SendSec : 43857.785 	 SendDropSec : 0.000
Total Time : 10390.594 	 TPS : 384.602 	 RecvSec : 58.799 	 SendSec : 58739.992 	 SendDropSec : 0.000
Total Time : 10391.594 	 TPS : 189.993 	 RecvSec : 21.999 	 SendSec : 21977.156 	 SendDropSec : 0.000
Total Time : 10392.599 	 TPS : 401.706 	 RecvSec : 56.676 	 SendSec : 56619.656 	 SendDropSec : 0.000
Total Time : 10393.616 	 TPS : 438.847 	 RecvSec : 64.941 	 SendSec : 64876.513 	 SendDropSec : 0.000
Total Time : 10394.616 	 TPS : 370.972 	 RecvSec : 56.996 	 SendSec : 56938.633 	 SendDropSec : 0.000
Total Time : 10395.616 	 TPS : 499.800 	 RecvSec : 72.971 	 SendSec : 72897.812 	 SendDropSec : 0.000
Total Time : 10396.721 	 TPS : 302.355 	 RecvSec : 52.505 	 SendSec : 52452.201 	 SendDropSec : 0.000
Total Time : 10397.794 	 TPS : 309.471 	 RecvSec : 43.811 	 SendSec : 43766.823 	 SendDropSec : 0.000
Total Time : 10398.956 	 TPS : 142.834 	 RecvSec : 18.069 	 SendSec : 18051.331 	 SendDropSec : 0.000
Total Time : 10400.227 	 TPS : 288.006 	 RecvSec : 45.640 	 SendSec : 45594.603 	 SendDropSec : 0.000
Total Time : 10401.298 	 TPS : 320.176 	 RecvSec : 43.873 	 SendSec : 43828.689 	 SendDropSec : 0.000
Total Time : 10402.390 	 TPS : 446.840 	 RecvSec : 62.265 	 SendSec : 62202.320 	 SendDropSec : 0.000
Total Time : 10403.397 	 TPS : 574.697 	 RecvSec : 89.331 	 SendSec : 89241.864 	 SendDropSec : 0.000
Total Time : 10404.464 	 TPS : 481.929 	 RecvSec : 88.135 	 SendSec : 88046.786 	 SendDropSec : 0.000
Total Time : 10405.465 	 TPS : 174.892 	 RecvSec : 22.986 	 SendSec : 22962.846 	 SendDropSec : 0.000
Total Time : 10406.487 	 TPS : 576.827 	 RecvSec : 104.611 	 SendSec : 104506.428 	 SendDropSec : 0.000
Total Time : 10407.493 	 TPS : 528.214 	 RecvSec : 87.538 	 SendSec : 87450.793 	 SendDropSec : 0.000
Total Time : 10408.671 	 TPS : 259.629 	 RecvSec : 42.423 	 SendSec : 42380.546 	 SendDropSec : 0.000
Total Time : 10409.682 	 TPS : 355.214 	 RecvSec : 49.473 	 SendSec : 49423.271 	 SendDropSec : 0.000
Total Time : 10410.682 	 TPS : 522.930 	 RecvSec : 67.991 	 SendSec : 67922.878 	 SendDropSec : 0.000
Total Time : 10411.726 	 TPS : 690.888 	 RecvSec : 111.155 	 SendSec : 111044.226 	 SendDropSec : 0.000
Total Time : 10412.921 	 TPS : 405.636 	 RecvSec : 54.364 	 SendSec : 54309.244 	 SendDropSec : 0.000
Total Time : 10414.108 	 TPS : 381.823 	 RecvSec : 53.101 	 SendSec : 53048.142 	 SendDropSec : 0.000
Total Time : 10415.135 	 TPS : 145.997 	 RecvSec : 19.466 	 SendSec : 19446.753 	 SendDropSec : 0.000
Total Time : 10416.136 	 TPS : 346.849 	 RecvSec : 50.978 	 SendSec : 50926.826 	 SendDropSec : 0.000
Total Time : 10417.142 	 TPS : 105.369 	 RecvSec : 12.923 	 SendSec : 12909.644 	 SendDropSec : 0.000
Total Time : 10418.142 	 TPS : 537.693 	 RecvSec : 72.958 	 SendSec : 72885.419 	 SendDropSec : 0.000
Total Time : 10419.445 	 TPS : 235.640 	 RecvSec : 36.843 	 SendSec : 36805.818 	 SendDropSec : 0.000
Total Time : 10420.516 	 TPS : 373.360 	 RecvSec : 48.537 	 SendSec : 48488.288 	 SendDropSec : 0.000
Total Time : 10421.533 	 TPS : 669.798 	 RecvSec : 118.026 	 SendSec : 117908.140 	 SendDropSec : 0.000
Total Time : 10422.533 	 TPS : 416.918 	 RecvSec : 62.988 	 SendSec : 62924.560 	 SendDropSec : 0.000
Total Time : 10423.707 	 TPS : 377.292 	 RecvSec : 54.507 	 SendSec : 54452.716 	 SendDropSec : 0.000
Total Time : 10424.757 	 TPS : 399.115 	 RecvSec : 58.105 	 SendSec : 58046.989 	 SendDropSec : 0.000
Total Time : 10425.758 	 TPS : 205.840 	 RecvSec : 24.981 	 SendSec : 24955.637 	 SendDropSec : 0.000
Total Time : 10426.778 	 TPS : 560.905 	 RecvSec : 101.002 	 SendSec : 100901.056 	 SendDropSec : 0.000
Total Time : 10427.778 	 TPS : 493.978 	 RecvSec : 73.997 	 SendSec : 73922.718 	 SendDropSec : 0.000
Total Time : 10429.335 	 TPS : 232.465 	 RecvSec : 43.667 	 SendSec : 43623.701 	 SendDropSec : 0.000
Total Time : 10430.407 	 TPS : 321.943 	 RecvSec : 43.859 	 SendSec : 43814.992 	 SendDropSec : 0.000
Total Time : 10431.407 	 TPS : 419.722 	 RecvSec : 60.960 	 SendSec : 60898.709 	 SendDropSec : 0.000
Total Time : 10432.407 	 TPS : 397.959 	 RecvSec : 61.994 	 SendSec : 61931.664 	 SendDropSec : 0.000
Total Time : 10433.467 	 TPS : 145.315 	 RecvSec : 17.929 	 SendSec : 17910.600 	 SendDropSec : 0.000
Total Time : 10434.537 	 TPS : 329.864 	 RecvSec : 43.920 	 SendSec : 43875.588 	 SendDropSec : 0.000
Total Time : 10435.635 	 TPS : 363.474 	 RecvSec : 56.480 	 SendSec : 56423.228 	 SendDropSec : 0.000
Total Time : 10436.635 	 TPS : 193.971 	 RecvSec : 23.996 	 SendSec : 23972.428 	 SendDropSec : 0.000
Total Time : 10437.951 	 TPS : 298.031 	 RecvSec : 42.576 	 SendSec : 42533.346 	 SendDropSec : 0.000
Total Time : 10439.018 	 TPS : 316.516 	 RecvSec : 44.013 	 SendSec : 43968.539 	 SendDropSec : 0.000
Total Time : 10440.057 	 TPS : 406.434 	 RecvSec : 58.750 	 SendSec : 58691.124 	 SendDropSec : 0.000
Total Time : 10441.129 	 TPS : 142.627 	 RecvSec : 16.780 	 SendSec : 16762.901 	 SendDropSec : 0.000
Total Time : 10442.197 	 TPS : 322.098 	 RecvSec : 44.008 	 SendSec : 43963.528 	 SendDropSec : 0.000
Total Time : 10443.199 	 TPS : 201.770 	 RecvSec : 22.974 	 SendSec : 22950.884 	 SendDropSec : 0.000
Total Time : 10444.242 	 TPS : 388.046 	 RecvSec : 56.530 	 SendSec : 56473.584 	 SendDropSec : 0.000
Total Time : 10445.242 	 TPS : 328.955 	 RecvSec : 46.994 	 SendSec : 46946.540 	 SendDropSec : 0.000
Total Time : 10446.403 	 TPS : 384.133 	 RecvSec : 51.677 	 SendSec : 51625.404 	 SendDropSec : 0.000
Total Time : 10447.412 	 TPS : 408.383 	 RecvSec : 61.456 	 SendSec : 61394.183 	 SendDropSec : 0.000
Total Time : 10448.413 	 TPS : 451.696 	 RecvSec : 65.956 	 SendSec : 65889.643 	 SendDropSec : 0.000
Total Time : 10449.413 	 TPS : 394.933 	 RecvSec : 63.989 	 SendSec : 63925.114 	 SendDropSec : 0.000
Total Time : 10450.690 	 TPS : 341.510 	 RecvSec : 46.997 	 SendSec : 46949.791 	 SendDropSec : 0.000
Total Time : 10451.691 	 TPS : 207.861 	 RecvSec : 28.981 	 SendSec : 28951.657 	 SendDropSec : 0.000
Total Time : 10452.795 	 TPS : 371.083 	 RecvSec : 49.779 	 SendSec : 49729.702 	 SendDropSec : 0.000
Total Time : 10453.804 	 TPS : 562.052 	 RecvSec : 102.101 	 SendSec : 101999.021 	 SendDropSec : 0.000
Total Time : 10454.805 	 TPS : 269.892 	 RecvSec : 32.987 	 SendSec : 32953.822 	 SendDropSec : 0.000
Total Time : 10455.914 	 TPS : 298.369 	 RecvSec : 43.268 	 SendSec : 43224.798 	 SendDropSec : 0.000
Total Time : 10456.982 	 TPS : 317.419 	 RecvSec : 44.008 	 SendSec : 43963.965 	 SendDropSec : 0.000
Total Time : 10457.982 	 TPS : 439.879 	 RecvSec : 66.982 	 SendSec : 66914.619 	 SendDropSec : 0.000
Total Time : 10458.985 	 TPS : 472.781 	 RecvSec : 70.817 	 SendSec : 70746.566 	 SendDropSec : 0.000
Total Time : 10459.986 	 TPS : 378.539 	 RecvSec : 53.934 	 SendSec : 53880.363 	 SendDropSec : 0.000
Total Time : 10461.159 	 TPS : 372.578 	 RecvSec : 51.155 	 SendSec : 51103.779 	 SendDropSec : 0.000
Total Time : 10462.207 	 TPS : 405.700 	 RecvSec : 58.230 	 SendSec : 58171.680 	 SendDropSec : 0.000
Total Time : 10463.476 	 TPS : 112.670 	 RecvSec : 14.182 	 SendSec : 14168.026 	 SendDropSec : 0.000
Total Time : 10464.545 	 TPS : 325.332 	 RecvSec : 43.939 	 SendSec : 43894.575 	 SendDropSec : 0.000
Total Time : 10465.617 	 TPS : 375.958 	 RecvSec : 58.773 	 SendSec : 58713.760 	 SendDropSec : 0.000
Total Time : 10466.618 	 TPS : 261.844 	 RecvSec : 32.980 	 SendSec : 32947.423 	 SendDropSec : 0.000
Total Time : 10467.626 	 TPS : 352.268 	 RecvSec : 53.584 	 SendSec : 53530.836 	 SendDropSec : 0.000
Total Time : 10468.947 	 TPS : 266.498 	 RecvSec : 41.640 	 SendSec : 41598.660 	 SendDropSec : 0.000
Total Time : 10470.017 	 TPS : 374.758 	 RecvSec : 48.597 	 SendSec : 48548.485 	 SendDropSec : 0.000
Total Time : 10471.164 	 TPS : 447.852 	 RecvSec : 68.833 	 SendSec : 68764.432 	 SendDropSec : 0.000
Total Time : 10472.831 	 TPS : 236.992 	 RecvSec : 34.799 	 SendSec : 34764.092 	 SendDropSec : 0.000
Total Time : 10473.900 	 TPS : 305.915 	 RecvSec : 43.969 	 SendSec : 43925.447 	 SendDropSec : 0.000
Total Time : 10475.088 	 TPS : 391.268 	 RecvSec : 53.010 	 SendSec : 52957.467 	 SendDropSec : 0.000
Total Time : 10476.183 	 TPS : 448.664 	 RecvSec : 62.137 	 SendSec : 62074.569 	 SendDropSec : 0.000
Total Time : 10477.183 	 TPS : 592.594 	 RecvSec : 90.938 	 SendSec : 90846.815 	 SendDropSec : 0.000
Total Time : 10478.244 	 TPS : 288.375 	 RecvSec : 43.351 	 SendSec : 43307.202 	 SendDropSec : 0.000
Total Time : 10479.312 	 TPS : 303.519 	 RecvSec : 44.029 	 SendSec : 43984.944 	 SendDropSec : 0.000
Total Time : 10480.337 	 TPS : 401.153 	 RecvSec : 59.538 	 SendSec : 59478.935 	 SendDropSec : 0.000
Total Time : 10481.337 	 TPS : 267.932 	 RecvSec : 30.992 	 SendSec : 30961.154 	 SendDropSec : 0.000
Total Time : 10482.337 	 TPS : 393.758 	 RecvSec : 53.967 	 SendSec : 53912.817 	 SendDropSec : 0.000
Total Time : 10483.338 	 TPS : 431.744 	 RecvSec : 65.961 	 SendSec : 65894.852 	 SendDropSec : 0.000
Total Time : 10484.568 	 TPS : 297.562 	 RecvSec : 45.529 	 SendSec : 45483.056 	 SendDropSec : 0.000
Total Time : 10485.593 	 TPS : 359.164 	 RecvSec : 49.775 	 SendSec : 49725.684 	 SendDropSec : 0.000
Total Time : 10486.593 	 TPS : 465.976 	 RecvSec : 66.997 	 SendSec : 66929.560 	 SendDropSec : 0.000
Total Time : 10487.666 	 TPS : 364.248 	 RecvSec : 51.237 	 SendSec : 51185.692 	 SendDropSec : 0.000
Total Time : 10488.731 	 TPS : 487.558 	 RecvSec : 63.880 	 SendSec : 63816.511 	 SendDropSec : 0.000
Total Time : 10489.925 	 TPS : 378.363 	 RecvSec : 61.944 	 SendSec : 61882.367 	 SendDropSec : 0.000
Total Time : 10490.995 	 TPS : 311.273 	 RecvSec : 43.933 	 SendSec : 43889.533 	 SendDropSec : 0.000
Total Time : 10492.167 	 TPS : 153.540 	 RecvSec : 17.913 	 SendSec : 17895.046 	 SendDropSec : 0.000
Total Time : 10493.168 	 TPS : 517.719 	 RecvSec : 79.957 	 SendSec : 79876.635 	 SendDropSec : 0.000
Total Time : 10494.331 	 TPS : 415.205 	 RecvSec : 75.648 	 SendSec : 75572.441 	 SendDropSec : 0.000
Total Time : 10495.452 	 TPS : 374.769 	 RecvSec : 56.215 	 SendSec : 56159.112 	 SendDropSec : 0.000
Total Time : 10496.452 	 TPS : 366.998 	 RecvSec : 52.000 	 SendSec : 51947.709 	 SendDropSec : 0.000
Total Time : 10497.566 	 TPS : 176.835 	 RecvSec : 24.236 	 SendSec : 24211.969 	 SendDropSec : 0.000
Total Time : 10498.607 	 TPS : 320.941 	 RecvSec : 45.162 	 SendSec : 45117.208 	 SendDropSec : 0.000
Total Time : 10499.674 	 TPS : 400.879 	 RecvSec : 58.071 	 SendSec : 58013.144 	 SendDropSec : 0.000
Total Time : 10500.684 	 TPS : 238.689 	 RecvSec : 30.703 	 SendSec : 30671.982 	 SendDropSec : 0.000
Total Time : 10501.685 	 TPS : 453.603 	 RecvSec : 66.941 	 SendSec : 66874.405 	 SendDropSec : 0.000
Total Time : 10502.750 	 TPS : 477.063 	 RecvSec : 86.397 	 SendSec : 86310.821 	 SendDropSec : 0.000
Total Time : 10503.760 	 TPS : 157.385 	 RecvSec : 19.797 	 SendSec : 19777.085 	 SendDropSec : 0.000
Total Time : 10504.760 	 TPS : 405.816 	 RecvSec : 55.975 	 SendSec : 55918.630 	 SendDropSec : 0.000
Total Time : 10505.763 	 TPS : 406.724 	 RecvSec : 58.815 	 SendSec : 58756.674 	 SendDropSec : 0.000
Total Time : 10506.764 	 TPS : 141.974 	 RecvSec : 17.997 	 SendSec : 17978.645 	 SendDropSec : 0.000
Total Time : 10508.168 	 TPS : 262.838 	 RecvSec : 37.039 	 SendSec : 37002.406 	 SendDropSec : 0.000
Total Time : 10509.168 	 TPS : 425.849 	 RecvSec : 51.982 	 SendSec : 51929.565 	 SendDropSec : 0.000
Total Time : 10510.169 	 TPS : 647.582 	 RecvSec : 113.927 	 SendSec : 113812.591 	 SendDropSec : 0.000
Total Time : 10511.375 	 TPS : 145.103 	 RecvSec : 19.071 	 SendSec : 19051.608 	 SendDropSec : 0.000
Total Time : 10512.444 	 TPS : 298.422 	 RecvSec : 43.968 	 SendSec : 43924.206 	 SendDropSec : 0.000
Total Time : 10513.444 	 TPS : 195.858 	 RecvSec : 26.980 	 SendSec : 26953.483 	 SendDropSec : 0.000
Total Time : 10514.445 	 TPS : 454.720 	 RecvSec : 66.959 	 SendSec : 66891.788 	 SendDropSec : 0.000
Total Time : 10515.446 	 TPS : 410.751 	 RecvSec : 62.962 	 SendSec : 62898.921 	 SendDropSec : 0.000
Total Time : 10516.446 	 TPS : 454.985 	 RecvSec : 64.998 	 SendSec : 64932.805 	 SendDropSec : 0.000
Total Time : 10517.688 	 TPS : 236.578 	 RecvSec : 37.016 	 SendSec : 36978.548 	 SendDropSec : 0.000
Total Time : 10518.698 	 TPS : 347.672 	 RecvSec : 49.526 	 SendSec : 49476.343 	 SendDropSec : 0.000
Total Time : 10519.699 	 TPS : 463.381 	 RecvSec : 62.916 	 SendSec : 62853.047 	 SendDropSec : 0.000
Total Time : 10520.705 	 TPS : 192.830 	 RecvSec : 20.873 	 SendSec : 20852.432 	 SendDropSec : 0.000
Total Time : 10521.746 	 TPS : 635.081 	 RecvSec : 101.844 	 SendSec : 101741.707 	 SendDropSec : 0.000
Total Time : 10522.762 	 TPS : 430.941 	 RecvSec : 70.840 	 SendSec : 70768.807 	 SendDropSec : 0.000
Total Time : 10523.884 	 TPS : 315.732 	 RecvSec : 44.595 	 SendSec : 44550.370 	 SendDropSec : 0.000
Total Time : 10524.888 	 TPS : 483.960 	 RecvSec : 76.677 	 SendSec : 76600.123 	 SendDropSec : 0.000
Total Time : 10525.895 	 TPS : 584.584 	 RecvSec : 95.280 	 SendSec : 95184.888 	 SendDropSec : 0.000
Total Time : 10526.958 	 TPS : 210.727 	 RecvSec : 30.104 	 SendSec : 30073.694 	 SendDropSec : 0.000
Total Time : 10527.998 	 TPS : 321.387 	 RecvSec : 45.225 	 SendSec : 45179.884 	 SendDropSec : 0.000
Total Time : 10529.065 	 TPS : 398.007 	 RecvSec : 58.999 	 SendSec : 58939.615 	 SendDropSec : 0.000
Total Time : 10530.100 	 TPS : 166.280 	 RecvSec : 20.302 	 SendSec : 20281.372 	 SendDropSec : 0.000
Total Time : 10531.342 	 TPS : 492.790 	 RecvSec : 84.547 	 SendSec : 84462.833 	 SendDropSec : 0.000
Total Time : 10532.371 	 TPS : 203.940 	 RecvSec : 23.307 	 SendSec : 23284.090 	 SendDropSec : 0.000
Total Time : 10533.881 	 TPS : 241.115 	 RecvSec : 36.432 	 SendSec : 36395.849 	 SendDropSec : 0.000
Total Time : 10534.952 	 TPS : 370.890 	 RecvSec : 48.580 	 SendSec : 48531.445 	 SendDropSec : 0.000
Total Time : 10535.952 	 TPS : 556.799 	 RecvSec : 76.972 	 SendSec : 76895.195 	 SendDropSec : 0.000
Total Time : 10537.002 	 TPS : 386.639 	 RecvSec : 57.139 	 SendSec : 57081.561 	 SendDropSec : 0.000
Total Time : 10538.071 	 TPS : 309.652 	 RecvSec : 43.969 	 SendSec : 43924.683 	 SendDropSec : 0.000
Total Time : 10539.074 	 TPS : 164.514 	 RecvSec : 20.938 	 SendSec : 20917.158 	 SendDropSec : 0.000
Total Time : 10540.080 	 TPS : 523.619 	 RecvSec : 73.525 	 SendSec : 73451.693 	 SendDropSec : 0.000
Total Time : 10541.081 	 TPS : 533.710 	 RecvSec : 84.954 	 SendSec : 84868.823 	 SendDropSec : 0.000
Total Time : 10542.149 	 TPS : 504.453 	 RecvSec : 72.065 	 SendSec : 71992.628 	 SendDropSec : 0.000
Total Time : 10543.154 	 TPS : 412.981 	 RecvSec : 73.640 	 SendSec : 73566.268 	 SendDropSec : 0.000
Total Time : 10544.176 	 TPS : 371.824 	 RecvSec : 50.881 	 SendSec : 50830.303 	 SendDropSec : 0.000
Total Time : 10545.183 	 TPS : 609.666 	 RecvSec : 104.259 	 SendSec : 104154.565 	 SendDropSec : 0.000
Total Time : 10546.305 	 TPS : 226.496 	 RecvSec : 32.994 	 SendSec : 32960.589 	 SendDropSec : 0.000
Total Time : 10547.401 	 TPS : 349.540 	 RecvSec : 52.933 	 SendSec : 52880.013 	 SendDropSec : 0.000
Total Time : 10548.470 	 TPS : 303.976 	 RecvSec : 43.960 	 SendSec : 43915.669 	 SendDropSec : 0.000
Total Time : 10549.471 	 TPS : 172.830 	 RecvSec : 20.979 	 SendSec : 20958.371 	 SendDropSec : 0.000
Total Time : 10551.105 	 TPS : 232.457 	 RecvSec : 35.480 	 SendSec : 35444.747 	 SendDropSec : 0.000
Total Time : 10552.106 	 TPS : 384.708 	 RecvSec : 50.961 	 SendSec : 50910.420 	 SendDropSec : 0.000
Total Time : 10553.106 	 TPS : 525.844 	 RecvSec : 80.976 	 SendSec : 80894.982 	 SendDropSec : 0.000
Total Time : 10554.107 	 TPS : 518.667 	 RecvSec : 85.945 	 SendSec : 85858.939 	 SendDropSec : 0.000
Total Time : 10555.116 	 TPS : 354.820 	 RecvSec : 46.583 	 SendSec : 46535.982 	 SendDropSec : 0.000
Total Time : 10556.116 	 TPS : 559.926 	 RecvSec : 83.989 	 SendSec : 83904.883 	 SendDropSec : 0.000
Total Time : 10557.123 	 TPS : 426.883 	 RecvSec : 79.420 	 SendSec : 79340.615 	 SendDropSec : 0.000
Total Time : 10558.176 	 TPS : 394.287 	 RecvSec : 60.806 	 SendSec : 60744.843 	 SendDropSec : 0.000
Total Time : 10559.176 	 TPS : 568.710 	 RecvSec : 90.954 	 SendSec : 90862.696 	 SendDropSec : 0.000
Total Time : 10560.177 	 TPS : 450.751 	 RecvSec : 64.964 	 SendSec : 64899.111 	 SendDropSec : 0.000
Total Time : 10561.325 	 TPS : 493.844 	 RecvSec : 79.259 	 SendSec : 79179.575 	 SendDropSec : 0.000
Total Time : 10562.325 	 TPS : 546.964 	 RecvSec : 69.995 	 SendSec : 69925.385 	 SendDropSec : 0.000
Total Time : 10563.514 	 TPS : 307.971 	 RecvSec : 60.584 	 SendSec : 60523.813 	 SendDropSec : 0.000
Total Time : 10564.582 	 TPS : 310.770 	 RecvSec : 43.995 	 SendSec : 43950.545 	 SendDropSec : 0.000
Total Time : 10565.597 	 TPS : 326.089 	 RecvSec : 46.303 	 SendSec : 46256.383 	 SendDropSec : 0.000
Total Time : 10566.652 	 TPS : 233.114 	 RecvSec : 33.167 	 SendSec : 33133.424 	 SendDropSec : 0.000
Total Time : 10567.653 	 TPS : 306.789 	 RecvSec : 46.968 	 SendSec : 46920.789 	 SendDropSec : 0.000
Total Time : 10568.766 	 TPS : 142.904 	 RecvSec : 16.178 	 SendSec : 16161.653 	 SendDropSec : 0.000
Total Time : 10569.810 	 TPS : 382.073 	 RecvSec : 58.412 	 SendSec : 58353.793 	 SendDropSec : 0.000
Total Time : 10570.811 	 TPS : 383.729 	 RecvSec : 51.963 	 SendSec : 51911.294 	 SendDropSec : 0.000
Total Time : 10571.816 	 TPS : 466.545 	 RecvSec : 70.628 	 SendSec : 70557.683 	 SendDropSec : 0.000
Total Time : 10572.817 	 TPS : 353.597 	 RecvSec : 52.940 	 SendSec : 52886.651 	 SendDropSec : 0.000
Total Time : 10573.830 	 TPS : 474.905 	 RecvSec : 70.100 	 SendSec : 70030.177 	 SendDropSec : 0.000
Total Time : 10574.844 	 TPS : 408.069 	 RecvSec : 68.997 	 SendSec : 68928.191 	 SendDropSec : 0.000
Total Time : 10576.290 	 TPS : 260.068 	 RecvSec : 40.117 	 SendSec : 40076.764 	 SendDropSec : 0.000
Total Time : 10577.361 	 TPS : 287.749 	 RecvSec : 43.910 	 SendSec : 43865.869 	 SendDropSec : 0.000
Total Time : 10578.361 	 TPS : 415.968 	 RecvSec : 59.995 	 SendSec : 59935.457 	 SendDropSec : 0.000
Total Time : 10579.372 	 TPS : 373.754 	 RecvSec : 49.438 	 SendSec : 49388.888 	 SendDropSec : 0.000
Total Time : 10580.378 	 TPS : 334.102 	 RecvSec : 47.729 	 SendSec : 47681.143 	 SendDropSec : 0.000
Total Time : 10581.379 	 TPS : 352.578 	 RecvSec : 50.939 	 SendSec : 50888.148 	 SendDropSec : 0.000
Total Time : 10582.379 	 TPS : 338.811 	 RecvSec : 50.972 	 SendSec : 50920.607 	 SendDropSec : 0.000
Total Time : 10583.584 	 TPS : 335.294 	 RecvSec : 45.646 	 SendSec : 45600.829 	 SendDropSec : 0.000
Total Time : 10584.751 	 TPS : 355.737 	 RecvSec : 54.003 	 SendSec : 53949.383 	 SendDropSec : 0.000
Total Time : 10585.761 	 TPS : 474.368 	 RecvSec : 70.313 	 SendSec : 70243.132 	 SendDropSec : 0.000
Total Time : 10586.761 	 TPS : 585.791 	 RecvSec : 87.969 	 SendSec : 87880.644 	 SendDropSec : 0.000
Total Time : 10587.788 	 TPS : 341.746 	 RecvSec : 58.418 	 SendSec : 58359.633 	 SendDropSec : 0.000
Total Time : 10588.950 	 TPS : 267.745 	 RecvSec : 42.185 	 SendSec : 42142.710 	 SendDropSec : 0.000
Total Time : 10589.976 	 TPS : 382.803 	 RecvSec : 59.417 	 SendSec : 59357.896 	 SendDropSec : 0.000
Total Time : 10591.052 	 TPS : 357.126 	 RecvSec : 60.451 	 SendSec : 60390.523 	 SendDropSec : 0.000
Total Time : 10592.068 	 TPS : 412.161 	 RecvSec : 61.972 	 SendSec : 61909.768 	 SendDropSec : 0.000
Total Time : 10593.197 	 TPS : 486.385 	 RecvSec : 97.454 	 SendSec : 97356.767 	 SendDropSec : 0.000
Total Time : 10594.454 	 TPS : 359.645 	 RecvSec : 50.128 	 SendSec : 50077.411 	 SendDropSec : 0.000
Total Time : 10595.473 	 TPS : 404.209 	 RecvSec : 60.828 	 SendSec : 60766.763 	 SendDropSec : 0.000
Total Time : 10596.679 	 TPS : 106.140 	 RecvSec : 14.097 	 SendSec : 14082.626 	 SendDropSec : 0.000
Total Time : 10597.680 	 TPS : 367.580 	 RecvSec : 49.943 	 SendSec : 49892.982 	 SendDropSec : 0.000
Total Time : 10598.694 	 TPS : 491.075 	 RecvSec : 68.041 	 SendSec : 67972.479 	 SendDropSec : 0.000
Total Time : 10599.694 	 TPS : 499.984 	 RecvSec : 72.998 	 SendSec : 72924.710 	 SendDropSec : 0.000
Total Time : 10600.694 	 TPS : 322.966 	 RecvSec : 47.995 	 SendSec : 47946.970 	 SendDropSec : 0.000
Total Time : 10601.695 	 TPS : 251.929 	 RecvSec : 34.990 	 SendSec : 34955.139 	 SendDropSec : 0.000
Total Time : 10602.721 	 TPS : 548.553 	 RecvSec : 92.562 	 SendSec : 92469.600 	 SendDropSec : 0.000
Total Time : 10603.738 	 TPS : 543.582 	 RecvSec : 85.518 	 SendSec : 85432.808 	 SendDropSec : 0.000
Total Time : 10604.745 	 TPS : 318.770 	 RecvSec : 49.653 	 SendSec : 49603.037 	 SendDropSec : 0.000
Total Time : 10605.746 	 TPS : 451.839 	 RecvSec : 64.977 	 SendSec : 64911.865 	 SendDropSec : 0.000
Total Time : 10606.762 	 TPS : 436.733 	 RecvSec : 72.789 	 SendSec : 72716.120 	 SendDropSec : 0.000
Total Time : 10607.763 	 TPS : 581.698 	 RecvSec : 95.950 	 SendSec : 95854.261 	 SendDropSec : 0.000
Total Time : 10608.763 	 TPS : 376.788 	 RecvSec : 60.966 	 SendSec : 60904.662 	 SendDropSec : 0.000
Total Time : 10610.044 	 TPS : 353.793 	 RecvSec : 49.203 	 SendSec : 49153.794 	 SendDropSec : 0.000
Total Time : 10611.206 	 TPS : 139.390 	 RecvSec : 18.069 	 SendSec : 18051.042 	 SendDropSec : 0.000
Total Time : 10612.207 	 TPS : 456.752 	 RecvSec : 64.965 	 SendSec : 64899.740 	 SendDropSec : 0.000
Total Time : 10613.207 	 TPS : 488.664 	 RecvSec : 70.951 	 SendSec : 70880.284 	 SendDropSec : 0.000
Total Time : 10614.431 	 TPS : 484.472 	 RecvSec : 77.614 	 SendSec : 77535.916 	 SendDropSec : 0.000
Total Time : 10615.495 	 TPS : 411.595 	 RecvSec : 59.202 	 SendSec : 59142.861 	 SendDropSec : 0.000
Total Time : 10616.604 	 TPS : 155.989 	 RecvSec : 18.935 	 SendSec : 18916.150 	 SendDropSec : 0.000
Total Time : 10618.109 	 TPS : 266.526 	 RecvSec : 38.550 	 SendSec : 38511.283 	 SendDropSec : 0.000
Total Time : 10619.172 	 TPS : 318.994 	 RecvSec : 44.226 	 SendSec : 44182.089 	 SendDropSec : 0.000
Total Time : 10620.173 	 TPS : 152.855 	 RecvSec : 18.982 	 SendSec : 18963.008 	 SendDropSec : 0.000
Total Time : 10621.173 	 TPS : 379.917 	 RecvSec : 53.988 	 SendSec : 53934.242 	 SendDropSec : 0.000
Total Time : 10622.174 	 TPS : 404.714 	 RecvSec : 70.950 	 SendSec : 70878.903 	 SendDropSec : 0.000
Total Time : 10623.225 	 TPS : 317.719 	 RecvSec : 42.806 	 SendSec : 42763.666 	 SendDropSec : 0.000
Total Time : 10624.225 	 TPS : 325.827 	 RecvSec : 38.979 	 SendSec : 38940.366 	 SendDropSec : 0.000
Total Time : 10625.354 	 TPS : 282.715 	 RecvSec : 39.881 	 SendSec : 39841.612 	 SendDropSec : 0.000
Total Time : 10626.368 	 TPS : 516.484 	 RecvSec : 74.910 	 SendSec : 74834.972 	 SendDropSec : 0.000
Total Time : 10627.417 	 TPS : 283.194 	 RecvSec : 42.908 	 SendSec : 42865.234 	 SendDropSec : 0.000
Total Time : 10628.482 	 TPS : 306.968 	 RecvSec : 44.121 	 SendSec : 44076.717 	 SendDropSec : 0.000
Total Time : 10629.565 	 TPS : 425.907 	 RecvSec : 62.824 	 SendSec : 62760.700 	 SendDropSec : 0.000
Total Time : 10630.569 	 TPS : 505.656 	 RecvSec : 78.635 	 SendSec : 78556.858 	 SendDropSec : 0.000
Total Time : 10631.582 	 TPS : 404.698 	 RecvSec : 57.250 	 SendSec : 57192.707 	 SendDropSec : 0.000
Total Time : 10632.618 	 TPS : 354.508 	 RecvSec : 48.298 	 SendSec : 48249.746 	 SendDropSec : 0.000
Total Time : 10633.619 	 TPS : 447.421 	 RecvSec : 62.919 	 SendSec : 62855.627 	 SendDropSec : 0.000
Total Time : 10634.656 	 TPS : 377.926 	 RecvSec : 55.918 	 SendSec : 55861.758 	 SendDropSec : 0.000
Total Time : 10635.657 	 TPS : 418.827 	 RecvSec : 61.974 	 SendSec : 61912.412 	 SendDropSec : 0.000
Total Time : 10636.778 	 TPS : 196.103 	 RecvSec : 21.393 	 SendSec : 21371.706 	 SendDropSec : 0.000
Total Time : 10637.827 	 TPS : 404.165 	 RecvSec : 58.146 	 SendSec : 58088.294 	 SendDropSec : 0.000
Total Time : 10638.828 	 TPS : 304.885 	 RecvSec : 46.982 	 SendSec : 46935.249 	 SendDropSec : 0.000
Total Time : 10640.043 	 TPS : 344.838 	 RecvSec : 49.380 	 SendSec : 49330.800 	 SendDropSec : 0.000
Total Time : 10641.227 	 TPS : 153.767 	 RecvSec : 17.742 	 SendSec : 17724.572 	 SendDropSec : 0.000
Total Time : 10642.388 	 TPS : 351.246 	 RecvSec : 49.932 	 SendSec : 49882.117 	 SendDropSec : 0.000
Total Time : 10643.452 	 TPS : 297.901 	 RecvSec : 44.168 	 SendSec : 44124.148 	 SendDropSec : 0.000
Total Time : 10644.480 	 TPS : 172.134 	 RecvSec : 20.423 	 SendSec : 20402.273 	 SendDropSec : 0.000
Total Time : 10645.482 	 TPS : 623.330 	 RecvSec : 107.884 	 SendSec : 107776.130 	 SendDropSec : 0.000
Total Time : 10646.482 	 TPS : 449.951 	 RecvSec : 71.992 	 SendSec : 71920.118 	 SendDropSec : 0.000
Total Time : 10647.724 	 TPS : 300.218 	 RecvSec : 41.049 	 SendSec : 41007.571 	 SendDropSec : 0.000
Total Time : 10648.886 	 TPS : 386.394 	 RecvSec : 54.216 	 SendSec : 54161.485 	 SendDropSec : 0.000
Total Time : 10649.953 	 TPS : 449.170 	 RecvSec : 63.765 	 SendSec : 63701.465 	 SendDropSec : 0.000
Total Time : 10651.512 	 TPS : 311.676 	 RecvSec : 47.457 	 SendSec : 47409.425 	 SendDropSec : 0.000
Total Time : 10652.576 	 TPS : 304.356 	 RecvSec : 44.150 	 SendSec : 44106.225 	 SendDropSec : 0.000
Total Time : 10653.614 	 TPS : 418.263 	 RecvSec : 58.788 	 SendSec : 58729.293 	 SendDropSec : 0.000
Total Time : 10654.652 	 TPS : 236.054 	 RecvSec : 25.051 	 SendSec : 25025.549 	 SendDropSec : 0.000
Total Time : 10655.791 	 TPS : 329.256 	 RecvSec : 48.291 	 SendSec : 48242.573 	 SendDropSec : 0.000
Total Time : 10656.855 	 TPS : 306.273 	 RecvSec : 44.156 	 SendSec : 44111.770 	 SendDropSec : 0.000
Total Time : 10658.097 	 TPS : 386.478 	 RecvSec : 50.725 	 SendSec : 50674.545 	 SendDropSec : 0.000
Total Time : 10659.177 	 TPS : 456.761 	 RecvSec : 63.002 	 SendSec : 62938.556 	 SendDropSec : 0.000
Total Time : 10660.758 	 TPS : 314.343 	 RecvSec : 46.804 	 SendSec : 46756.775 	 SendDropSec : 0.000
Total Time : 10661.821 	 TPS : 312.119 	 RecvSec : 44.186 	 SendSec : 44141.338 	 SendDropSec : 0.000
Total Time : 10662.822 	 TPS : 374.861 	 RecvSec : 51.981 	 SendSec : 51928.703 	 SendDropSec : 0.000
Total Time : 10664.110 	 TPS : 168.438 	 RecvSec : 20.958 	 SendSec : 20936.816 	 SendDropSec : 0.000
Total Time : 10665.175 	 TPS : 307.080 	 RecvSec : 44.137 	 SendSec : 44092.801 	 SendDropSec : 0.000
Total Time : 10666.175 	 TPS : 406.944 	 RecvSec : 59.992 	 SendSec : 59931.741 	 SendDropSec : 0.000
Total Time : 10667.321 	 TPS : 154.405 	 RecvSec : 16.575 	 SendSec : 16557.932 	 SendDropSec : 0.000
Total Time : 10668.323 	 TPS : 385.398 	 RecvSec : 51.919 	 SendSec : 51866.968 	 SendDropSec : 0.000
Total Time : 10669.323 	 TPS : 498.967 	 RecvSec : 77.995 	 SendSec : 77916.881 	 SendDropSec : 0.000
Total Time : 10670.323 	 TPS : 347.958 	 RecvSec : 50.994 	 SendSec : 50942.821 	 SendDropSec : 0.000
Total Time : 10671.499 	 TPS : 103.738 	 RecvSec : 11.054 	 SendSec : 11042.977 	 SendDropSec : 0.000
Total Time : 10672.511 	 TPS : 641.259 	 RecvSec : 103.748 	 SendSec : 103643.884 	 SendDropSec : 0.000
Total Time : 10673.533 	 TPS : 520.694 	 RecvSec : 66.555 	 SendSec : 66488.365 	 SendDropSec : 0.000
Total Time : 10675.103 	 TPS : 305.652 	 RecvSec : 47.121 	 SendSec : 47074.181 	 SendDropSec : 0.000
Total Time : 10676.120 	 TPS : 341.392 	 RecvSec : 46.240 	 SendSec : 46194.164 	 SendDropSec : 0.000
Total Time : 10677.130 	 TPS : 461.314 	 RecvSec : 65.336 	 SendSec : 65270.984 	 SendDropSec : 0.000
Total Time : 10678.130 	 TPS : 544.875 	 RecvSec : 67.984 	 SendSec : 67916.359 	 SendDropSec : 0.000
Total Time : 10679.148 	 TPS : 691.969 	 RecvSec : 114.018 	 SendSec : 113903.559 	 SendDropSec : 0.000
Total Time : 10680.157 	 TPS : 544.893 	 RecvSec : 69.350 	 SendSec : 69280.605 	 SendDropSec : 0.000
Total Time : 10681.261 	 TPS : 411.027 	 RecvSec : 66.996 	 SendSec : 66928.529 	 SendDropSec : 0.000
Total Time : 10682.278 	 TPS : 444.514 	 RecvSec : 59.990 	 SendSec : 59929.765 	 SendDropSec : 0.000
Total Time : 10683.324 	 TPS : 385.369 	 RecvSec : 62.156 	 SendSec : 62094.054 	 SendDropSec : 0.000
Total Time : 10684.394 	 TPS : 316.922 	 RecvSec : 43.939 	 SendSec : 43895.088 	 SendDropSec : 0.000
Total Time : 10685.400 	 TPS : 315.067 	 RecvSec : 38.762 	 SendSec : 38723.470 	 SendDropSec : 0.000
Total Time : 10686.400 	 TPS : 329.919 	 RecvSec : 45.989 	 SendSec : 45942.680 	 SendDropSec : 0.000
Total Time : 10687.745 	 TPS : 298.137 	 RecvSec : 42.379 	 SendSec : 42336.139 	 SendDropSec : 0.000
Total Time : 10688.816 	 TPS : 302.648 	 RecvSec : 42.969 	 SendSec : 42925.599 	 SendDropSec : 0.000
Total Time : 10689.998 	 TPS : 415.173 	 RecvSec : 54.116 	 SendSec : 54062.094 	 SendDropSec : 0.000
Total Time : 10690.999 	 TPS : 317.881 	 RecvSec : 35.987 	 SendSec : 35950.515 	 SendDropSec : 0.000
Total Time : 10692.117 	 TPS : 468.707 	 RecvSec : 80.503 	 SendSec : 80422.580 	 SendDropSec : 0.000
Total Time : 10693.118 	 TPS : 143.806 	 RecvSec : 18.974 	 SendSec : 18955.395 	 SendDropSec : 0.000
Total Time : 10694.119 	 TPS : 469.641 	 RecvSec : 62.952 	 SendSec : 62888.896 	 SendDropSec : 0.000
Total Time : 10695.119 	 TPS : 568.675 	 RecvSec : 77.955 	 SendSec : 77877.509 	 SendDropSec : 0.000
Total Time : 10696.367 	 TPS : 504.150 	 RecvSec : 73.739 	 SendSec : 73665.280 	 SendDropSec : 0.000
Total Time : 10697.396 	 TPS : 245.828 	 RecvSec : 29.150 	 SendSec : 29120.415 	 SendDropSec : 0.000
Total Time : 10698.521 	 TPS : 316.451 	 RecvSec : 43.556 	 SendSec : 43512.901 	 SendDropSec : 0.000
Total Time : 10699.593 	 TPS : 335.862 	 RecvSec : 43.849 	 SendSec : 43804.752 	 SendDropSec : 0.000
Total Time : 10700.618 	 TPS : 447.035 	 RecvSec : 62.468 	 SendSec : 62405.334 	 SendDropSec : 0.000
Total Time : 10701.618 	 TPS : 358.859 	 RecvSec : 64.974 	 SendSec : 64909.484 	 SendDropSec : 0.000
Total Time : 10702.618 	 TPS : 174.949 	 RecvSec : 18.994 	 SendSec : 18975.474 	 SendDropSec : 0.000
Total Time : 10704.089 	 TPS : 283.438 	 RecvSec : 38.743 	 SendSec : 38704.576 	 SendDropSec : 0.000
Total Time : 10705.104 	 TPS : 383.246 	 RecvSec : 49.260 	 SendSec : 49211.110 	 SendDropSec : 0.000
Total Time : 10706.105 	 TPS : 535.872 	 RecvSec : 67.984 	 SendSec : 67915.802 	 SendDropSec : 0.000
Total Time : 10707.770 	 TPS : 298.455 	 RecvSec : 42.636 	 SendSec : 42593.842 	 SendDropSec : 0.000
Total Time : 10708.777 	 TPS : 316.721 	 RecvSec : 41.700 	 SendSec : 41658.186 	 SendDropSec : 0.000
Total Time : 10709.816 	 TPS : 260.955 	 RecvSec : 37.554 	 SendSec : 37516.795 	 SendDropSec : 0.000
Total Time : 10710.816 	 TPS : 241.966 	 RecvSec : 48.993 	 SendSec : 48944.040 	 SendDropSec : 0.000
Total Time : 10711.816 	 TPS : 289.999 	 RecvSec : 50.000 	 SendSec : 49949.765 	 SendDropSec : 0.000
Total Time : 10712.816 	 TPS : 270.955 	 RecvSec : 26.995 	 SendSec : 26968.499 	 SendDropSec : 0.000
Total Time : 10714.219 	 TPS : 217.346 	 RecvSec : 32.067 	 SendSec : 32035.369 	 SendDropSec : 0.000
Total Time : 10715.248 	 TPS : 436.266 	 RecvSec : 53.440 	 SendSec : 53386.748 	 SendDropSec : 0.000
Total Time : 10716.795 	 TPS : 274.746 	 RecvSec : 45.899 	 SendSec : 45852.765 	 SendDropSec : 0.000
Total Time : 10717.865 	 TPS : 344.857 	 RecvSec : 43.925 	 SendSec : 43880.993 	 SendDropSec : 0.000
Total Time : 10718.885 	 TPS : 439.350 	 RecvSec : 59.822 	 SendSec : 59762.374 	 SendDropSec : 0.000
Total Time : 10719.941 	 TPS : 156.231 	 RecvSec : 17.043 	 SendSec : 17026.287 	 SendDropSec : 0.000
Total Time : 10720.943 	 TPS : 412.294 	 RecvSec : 52.909 	 SendSec : 52856.552 	 SendDropSec : 0.000
Total Time : 10721.952 	 TPS : 612.240 	 RecvSec : 88.171 	 SendSec : 88082.339 	 SendDropSec : 0.000
Total Time : 10723.149 	 TPS : 529.606 	 RecvSec : 78.522 	 SendSec : 78443.559 	 SendDropSec : 0.000
Total Time : 10724.222 	 TPS : 439.320 	 RecvSec : 58.763 	 SendSec : 58703.760 	 SendDropSec : 0.000
Total Time : 10725.249 	 TPS : 201.555 	 RecvSec : 23.369 	 SendSec : 23345.306 	 SendDropSec : 0.000
Total Time : 10726.611 	 TPS : 295.687 	 RecvSec : 40.354 	 SendSec : 40313.915 	 SendDropSec : 0.000
Total Time : 10727.684 	 TPS : 333.820 	 RecvSec : 43.826 	 SendSec : 43781.744 	 SendDropSec : 0.000
Total Time : 10728.841 	 TPS : 172.030 	 RecvSec : 18.154 	 SendSec : 18135.725 	 SendDropSec : 0.000
Total Time : 10730.212 	 TPS : 325.907 	 RecvSec : 42.288 	 SendSec : 42245.480 	 SendDropSec : 0.000
Total Time : 10731.285 	 TPS : 317.781 	 RecvSec : 43.800 	 SendSec : 43755.864 	 SendDropSec : 0.000
Total Time : 10732.286 	 TPS : 345.883 	 RecvSec : 42.985 	 SendSec : 42942.455 	 SendDropSec : 0.000
Total Time : 10733.367 	 TPS : 294.152 	 RecvSec : 37.925 	 SendSec : 37887.323 	 SendDropSec : 0.000
Total Time : 10734.623 	 TPS : 340.622 	 RecvSec : 46.159 	 SendSec : 46112.957 	 SendDropSec : 0.000
Total Time : 10735.696 	 TPS : 347.761 	 RecvSec : 43.820 	 SendSec : 43775.878 	 SendDropSec : 0.000
Total Time : 10736.706 	 TPS : 491.225 	 RecvSec : 61.403 	 SendSec : 61341.740 	 SendDropSec : 0.000
Total Time : 10737.706 	 TPS : 330.891 	 RecvSec : 33.989 	 SendSec : 33954.825 	 SendDropSec : 0.000
Total Time : 10738.707 	 TPS : 369.591 	 RecvSec : 52.941 	 SendSec : 52888.431 	 SendDropSec : 0.000
Total Time : 10740.166 	 TPS : 272.798 	 RecvSec : 38.384 	 SendSec : 38345.215 	 SendDropSec : 0.000
Total Time : 10741.218 	 TPS : 341.067 	 RecvSec : 44.652 	 SendSec : 44607.519 	 SendDropSec : 0.000
Total Time : 10742.291 	 TPS : 457.612 	 RecvSec : 58.716 	 SendSec : 58657.293 	 SendDropSec : 0.000
Total Time : 10743.422 	 TPS : 412.307 	 RecvSec : 55.741 	 SendSec : 55685.392 	 SendDropSec : 0.000
Total Time : 10744.462 	 TPS : 184.507 	 RecvSec : 20.180 	 SendSec : 20160.238 	 SendDropSec : 0.000
Total Time : 10745.464 	 TPS : 453.266 	 RecvSec : 58.905 	 SendSec : 58845.676 	 SendDropSec : 0.000
Total Time : 10746.465 	 TPS : 418.413 	 RecvSec : 48.931 	 SendSec : 48882.413 	 SendDropSec : 0.000
Total Time : 10747.466 	 TPS : 567.872 	 RecvSec : 66.985 	 SendSec : 66917.910 	 SendDropSec : 0.000
Total Time : 10748.467 	 TPS : 509.501 	 RecvSec : 63.937 	 SendSec : 63873.385 	 SendDropSec : 0.000
Total Time : 10749.931 	 TPS : 371.388 	 RecvSec : 48.472 	 SendSec : 48423.150 	 SendDropSec : 0.000
Total Time : 10751.001 	 TPS : 355.405 	 RecvSec : 43.958 	 SendSec : 43914.051 	 SendDropSec : 0.000
Total Time : 10752.010 	 TPS : 498.134 	 RecvSec : 61.400 	 SendSec : 61338.763 	 SendDropSec : 0.000
Total Time : 10753.024 	 TPS : 206.112 	 RecvSec : 20.710 	 SendSec : 20689.068 	 SendDropSec : 0.000
Total Time : 10754.025 	 TPS : 380.806 	 RecvSec : 50.974 	 SendSec : 50923.075 	 SendDropSec : 0.000
Total Time : 10755.058 	 TPS : 156.815 	 RecvSec : 12.584 	 SendSec : 12571.344 	 SendDropSec : 0.000
Total Time : 10756.526 	 TPS : 294.339 	 RecvSec : 39.518 	 SendSec : 39478.195 	 SendDropSec : 0.000
Total Time : 10757.595 	 TPS : 350.582 	 RecvSec : 43.940 	 SendSec : 43895.691 	 SendDropSec : 0.000
Total Time : 10758.652 	 TPS : 511.035 	 RecvSec : 64.353 	 SendSec : 64288.154 	 SendDropSec : 0.000
Total Time : 10760.007 	 TPS : 344.515 	 RecvSec : 54.591 	 SendSec : 54536.642 	 SendDropSec : 0.000
Total Time : 10761.076 	 TPS : 352.855 	 RecvSec : 43.990 	 SendSec : 43945.888 	 SendDropSec : 0.000
Total Time : 10762.374 	 TPS : 405.874 	 RecvSec : 48.520 	 SendSec : 48471.537 	 SendDropSec : 0.000
Total Time : 10763.388 	 TPS : 173.606 	 RecvSec : 19.728 	 SendSec : 19708.237 	 SendDropSec : 0.000
Total Time : 10764.389 	 TPS : 353.841 	 RecvSec : 47.978 	 SendSec : 47930.498 	 SendDropSec : 0.000
Total Time : 10765.416 	 TPS : 167.417 	 RecvSec : 18.494 	 SendSec : 18475.204 	 SendDropSec : 0.000
Total Time : 10766.815 	 TPS : 281.560 	 RecvSec : 39.304 	 SendSec : 39264.821 	 SendDropSec : 0.000
Total Time : 10767.883 	 TPS : 353.179 	 RecvSec : 44.030 	 SendSec : 43986.304 	 SendDropSec : 0.000
Total Time : 10768.883 	 TPS : 377.785 	 RecvSec : 43.975 	 SendSec : 43931.052 	 SendDropSec : 0.000
Total Time : 10769.911 	 TPS : 354.160 	 RecvSec : 41.838 	 SendSec : 41795.702 	 SendDropSec : 0.000
Total Time : 10771.002 	 TPS : 575.421 	 RecvSec : 98.042 	 SendSec : 97943.510 	 SendDropSec : 0.000
Total Time : 10772.054 	 TPS : 462.299 	 RecvSec : 70.391 	 SendSec : 70320.747 	 SendDropSec : 0.000
Total Time : 10773.054 	 TPS : 447.955 	 RecvSec : 59.994 	 SendSec : 59934.007 	 SendDropSec : 0.000
Total Time : 10774.148 	 TPS : 418.739 	 RecvSec : 64.914 	 SendSec : 64848.779 	 SendDropSec : 0.000
Total Time : 10775.585 	 TPS : 296.975 	 RecvSec : 40.338 	 SendSec : 40298.132 	 SendDropSec : 0.000
Total Time : 10776.654 	 TPS : 342.643 	 RecvSec : 44.001 	 SendSec : 43956.647 	 SendDropSec : 0.000
Total Time : 10777.671 	 TPS : 274.118 	 RecvSec : 29.475 	 SendSec : 29445.577 	 SendDropSec : 0.000
Total Time : 10778.672 	 TPS : 374.644 	 RecvSec : 48.953 	 SendSec : 48904.492 	 SendDropSec : 0.000
Total Time : 10779.699 	 TPS : 395.444 	 RecvSec : 48.700 	 SendSec : 48651.312 	 SendDropSec : 0.000
Total Time : 10780.700 	 TPS : 508.674 	 RecvSec : 62.960 	 SendSec : 62896.652 	 SendDropSec : 0.000
Total Time : 10781.700 	 TPS : 366.895 	 RecvSec : 42.988 	 SendSec : 42944.671 	 SendDropSec : 0.000
Total Time : 10782.733 	 TPS : 294.213 	 RecvSec : 34.841 	 SendSec : 34806.152 	 SendDropSec : 0.000
Total Time : 10783.733 	 TPS : 346.991 	 RecvSec : 46.999 	 SendSec : 46951.770 	 SendDropSec : 0.000
Total Time : 10784.863 	 TPS : 418.712 	 RecvSec : 53.114 	 SendSec : 53060.415 	 SendDropSec : 0.000
Total Time : 10785.863 	 TPS : 412.909 	 RecvSec : 55.988 	 SendSec : 55931.667 	 SendDropSec : 0.000
Total Time : 10787.042 	 TPS : 216.232 	 RecvSec : 23.743 	 SendSec : 23719.421 	 SendDropSec : 0.000
Total Time : 10788.145 	 TPS : 426.400 	 RecvSec : 57.156 	 SendSec : 57098.589 	 SendDropSec : 0.000
Total Time : 10789.709 	 TPS : 291.437 	 RecvSec : 37.069 	 SendSec : 37031.704 	 SendDropSec : 0.000
Total Time : 10790.717 	 TPS : 420.902 	 RecvSec : 51.620 	 SendSec : 51568.405 	 SendDropSec : 0.000
Total Time : 10791.810 	 TPS : 462.709 	 RecvSec : 67.669 	 SendSec : 67601.291 	 SendDropSec : 0.000
Total Time : 10792.881 	 TPS : 340.043 	 RecvSec : 43.907 	 SendSec : 43862.804 	 SendDropSec : 0.000
Total Time : 10793.996 	 TPS : 479.842 	 RecvSec : 60.989 	 SendSec : 60928.287 	 SendDropSec : 0.000
Total Time : 10795.134 	 TPS : 440.157 	 RecvSec : 69.406 	 SendSec : 69336.559 	 SendDropSec : 0.000
Total Time : 10796.134 	 TPS : 642.891 	 RecvSec : 102.983 	 SendSec : 102879.624 	 SendDropSec : 0.000
Total Time : 10797.289 	 TPS : 135.897 	 RecvSec : 15.581 	 SendSec : 15564.939 	 SendDropSec : 0.000
Total Time : 10798.292 	 TPS : 417.984 	 RecvSec : 51.874 	 SendSec : 51822.015 	 SendDropSec : 0.000
Total Time : 10799.336 	 TPS : 711.343 	 RecvSec : 113.930 	 SendSec : 113815.897 	 SendDropSec : 0.000
Total Time : 10800.345 	 TPS : 471.953 	 RecvSec : 62.464 	 SendSec : 62401.848 	 SendDropSec : 0.000
Total Time : 10801.482 	 TPS : 463.314 	 RecvSec : 57.145 	 SendSec : 57087.862 	 SendDropSec : 0.000
